ENST00000263100.8	NM_130786.4	A1BG	MANE Select
ENST00000318602.12	NM_000014.6	A2M	MANE Select
ENST00000307719.9	NM_000662.8	NAT1	MANE Select
ENST00000286479.4	NM_000015.3	NAT2	MANE Select
ENST00000393078.5	NM_001085.5	SERPINA3	MANE Select
ENST00000232892.12	NM_001086.3	AADAC	MANE Select
ENST00000248450.9	NM_001087.5	AAMP	MANE Select
ENST00000392492.8	NM_001088.3	AANAT	MANE Select
ENST00000261772.13	NM_001605.3	AARS1	MANE Select
ENST00000268251.13	NM_020686.6	ABAT	MANE Select
ENST00000374736.8	NM_005502.4	ABCA1	MANE Select
ENST00000341511.11	NM_001606.5	ABCA2	MANE Select
ENST00000301732.10	NM_001089.3	ABCA3	MANE Select
ENST00000373394.8	NM_001271696.3	ABCB7	MANE Select
ENST00000326195.13	NM_001025091.2	ABCF1	MANE Select
ENST00000370225.4	NM_000350.3	ABCA4	MANE Select
ENST00000318560.6	NM_005157.6	ABL1	MANE Select
ENST00000360937.9	NM_001091.4	AOC1	MANE Select
ENST00000502732.6	NM_007314.4	ABL2	MANE Select
ENST00000644422.3	NM_020469.4	ABO	MANE Select
ENST00000302538.10	NM_021962.5	ABR	MANE Select
ENST00000333167.13	NM_001607.4	ACAA1	MANE Select
ENST00000616317.5	NM_198834.3	ACACA	MANE Select
ENST00000338432.12	NM_001093.4	ACACB	MANE Select
ENST00000233710.4	NM_001608.4	ACADL	MANE Select
ENST00000370841.9	NM_000016.6	ACADM	MANE Select
ENST00000242592.9	NM_000017.4	ACADS	MANE Select
ENST00000358776.7	NM_001609.4	ACADSB	MANE Select
ENST00000356839.10	NM_000018.4	ACADVL	MANE Select
ENST00000265838.9	NM_000019.4	ACAT1	MANE Select
ENST00000367048.5	NM_005891.3	ACAT2	MANE Select
ENST00000225823.7	NM_183377.2	ASIC2	MANE Select
ENST00000447966.7	NM_001095.4	ASIC1	MANE Select
ENST00000241069.11	NM_000665.5	ACHE	MANE Select
ENST00000352035.7	NM_001096.3	ACLY	MANE Select
ENST00000309951.8	NM_002197.3	ACO1	MANE Select
ENST00000216139.10	NM_001097.3	ACR	MANE Select
ENST00000216254.9	NM_001098.3	ACO2	MANE Select
ENST00000293217.10	NM_004035.7	ACOX1	MANE Select
ENST00000272065.10	NM_004300.4	ACP1	MANE Select
ENST00000672073.1	NM_001610.4	ACP2	MANE Select
ENST00000648477.1	NM_001611.5	ACP5	MANE Select
ENST00000336375.10	NM_001099.5	ACP3	MANE Select
ENST00000533904.6	NM_001612.6	ACRV1	MANE Select
ENST00000366684.7	NM_001100.4	ACTA1	MANE Select
ENST00000224784.10	NM_001613.4	ACTA2	MANE Select
ENST00000646664.1	NM_001101.5	ACTB	MANE Select
ENST00000290378.6	NM_005159.5	ACTC1	MANE Select
ENST00000573283.7	NM_001614.5	ACTG1	MANE Select
ENST00000345517.8	NM_001615.4	ACTG2	MANE Select
ENST00000252699.7	NM_004924.6	ACTN4	MANE Select
ENST00000429709.7	NM_004301.5	ACTL6A	MANE Select
ENST00000394419.9	NM_001130004.2	ACTN1	MANE Select
ENST00000366578.6	NM_001103.4	ACTN2	MANE Select
ENST00000513398.2	NM_001104.4	ACTN3	MANE Select
ENST00000434821.7	NM_001111067.4	ACVR1	MANE Select
ENST00000257963.9	NM_004302.5	ACVR1B	MANE Select
ENST00000241416.12	NM_001616.5	ACVR2A	MANE Select
ENST00000352511.5	NM_001106.4	ACVR2B	MANE Select
ENST00000388922.9	NM_000020.3	ACVRL1	MANE Select
ENST00000636358.2	NM_000666.3	ACY1	MANE Select
ENST00000238618.8	NM_001107.5	ACYP1	MANE Select
ENST00000394666.9	NM_138448.4	ACYP2	MANE Select
ENST00000372874.9	NM_000022.4	ADA	MANE Select
ENST00000445355.8	NM_001109.5	ADAM8	MANE Select
ENST00000260408.8	NM_001110.4	ADAM10	MANE Select
ENST00000368474.9	NM_001111.5	ADAR	MANE Select
ENST00000348831.9	NM_001112.4	ADARB1	MANE Select
ENST00000381312.6	NM_018702.4	ADARB2	MANE Select
ENST00000297323.12	NM_021116.4	ADCY1	MANE Select
ENST00000338316.9	NM_020546.3	ADCY2	MANE Select
ENST00000679454.1	NM_004036.5	ADCY3	MANE Select
ENST00000462833.6	NM_183357.3	ADCY5	MANE Select
ENST00000357869.8	NM_015270.5	ADCY6	MANE Select
ENST00000673801.1	NM_001114.5	ADCY7	MANE Select
ENST00000286355.10	NM_001115.3	ADCY8	MANE Select
ENST00000294016.8	NM_001116.4	ADCY9	MANE Select
ENST00000450565.8	NM_001099733.2	ADCYAP1	MANE Select
ENST00000304166.9	NM_001118.5	ADCYAP1R1	MANE Select
ENST00000683351.1	NM_001354761.2	ADD1	MANE Select
ENST00000264436.9	NM_001617.4	ADD2	MANE Select
ENST00000356080.9	NM_016824.5	ADD3	MANE Select
ENST00000276914.7	NM_001122.4	PLIN2	MANE Select
ENST00000209668.3	NM_000667.4	ADH1A	MANE Select
ENST00000305046.13	NM_000668.6	ADH1B	MANE Select
ENST00000515683.6	NM_000669.5	ADH1C	MANE Select
ENST00000265512.12	NM_000670.5	ADH4	MANE Select
ENST00000296412.14	NM_000671.4	ADH5	MANE Select
ENST00000394899.6	NM_001102470.2	ADH6	MANE Select
ENST00000437033.7	NM_000673.7	ADH7	MANE Select
ENST00000539909.6	NM_006721.4	ADK	MANE Select
ENST00000278175.10	NM_001124.3	ADM	MANE Select
ENST00000337894.9	NM_000674.3	ADORA1	MANE Select
ENST00000337539.12	NM_000675.6	ADORA2A	MANE Select
ENST00000304222.3	NM_000676.4	ADORA2B	MANE Select
ENST00000241356.5	NM_000677.4	ADORA3	MANE Select
ENST00000357003.8	NM_001125.4	ADPRH	MANE Select
ENST00000366794.10	NM_001618.4	PARP1	MANE Select
ENST00000381989.4	NM_006437.4	PARP4	MANE Select
ENST00000379453.6	NM_000678.4	ADRA1D	MANE Select
ENST00000306675.5	NM_000679.4	ADRA1B	MANE Select
ENST00000380573.4	NM_000680.4	ADRA1A	MANE Select
ENST00000280155.4	NM_000681.4	ADRA2A	MANE Select
ENST00000620793.2	NM_000682.7	ADRA2B	MANE Select
ENST00000330055.7	NM_000683.4	ADRA2C	MANE Select
ENST00000369295.4	NM_000684.3	ADRB1	MANE Select
ENST00000305988.6	NM_000024.6	ADRB2	MANE Select
ENST00000345060.5	NM_000025.3	ADRB3	MANE Select
ENST00000308595.10	NM_001619.5	GRK2	MANE Select
ENST00000324198.11	NM_005160.4	GRK3	MANE Select
ENST00000623063.3	NM_000026.4	ADSL	MANE Select
ENST00000366535.4	NM_001126.5	ADSS2	MANE Select
ENST00000354293.10	NM_130787.3	AP2A1	MANE Select
ENST00000448903.7	NM_012305.4	AP2A2	MANE Select
ENST00000357586.7	NM_001127.4	AP1B1	MANE Select
ENST00000610402.5	NM_001030006.2	AP2B1	MANE Select
ENST00000299980.9	NM_001128.6	AP1G1	MANE Select
ENST00000223357.8	NM_001129.5	AEBP1	MANE Select
ENST00000327141.9	NM_001130.6	TLE5	MANE Select
ENST00000335847.9	NM_001131.3	CRISP1	MANE Select
ENST00000226355.5	NM_001133.2	AFM	MANE Select
ENST00000395792.7	NM_001134.3	AFP	MANE Select
ENST00000264595.7	NM_000027.4	AGA	MANE Select
ENST00000560601.4	NM_001369268.1	ACAN	MANE Select
ENST00000375076.9	NM_001136.5	AGER	MANE Select
ENST00000361915.8	NM_000642.3	AGL	MANE Select
ENST00000290953.3	NM_001138.2	AGRP	MANE Select
ENST00000254958.10	NM_000214.3	JAG1	MANE Select
ENST00000366667.6	NM_001384479.1	AGT	MANE Select
ENST00000349243.8	NM_000685.5	AGTR1	MANE Select
ENST00000371906.5	NM_000686.5	AGTR2	MANE Select
ENST00000606794.2	NM_005161.6	APLNR	MANE Select
ENST00000307503.4	NM_000030.3	AGXT	MANE Select
ENST00000378970.5	NM_000475.5	NR0B1	MANE Select
ENST00000217426.7	NM_000687.4	AHCY	MANE Select
ENST00000242057.9	NM_001621.5	AHR	MANE Select
ENST00000411641.7	NM_001622.4	AHSG	MANE Select
ENST00000376059.8	NM_001623.5	AIF1	MANE Select
ENST00000633556.3	NM_001371242.2	CRYBG1	MANE Select
ENST00000644144.2	NM_000476.3	AK1	MANE Select
ENST00000672715.1	NM_001625.4	AK2	MANE Select
ENST00000327299.8	NM_013410.4	AK4	MANE Select
ENST00000649815.2	NM_001382430.1	AKT1	MANE Select
ENST00000392038.7	NM_001626.6	AKT2	MANE Select
ENST00000409155.8	NM_000031.6	ALAD	MANE Select
ENST00000484952.6	NM_000688.6	ALAS1	MANE Select
ENST00000650242.1	NM_000032.5	ALAS2	MANE Select
ENST00000295897.9	NM_000477.7	ALB	MANE Select
ENST00000306107.9	NM_001627.4	ALCAM	MANE Select
ENST00000218104.6	NM_000033.4	ABCD1	MANE Select
ENST00000297785.8	NM_000689.5	ALDH1A1	MANE Select
ENST00000261733.7	NM_000690.4	ALDH2	MANE Select
ENST00000225740.11	NM_000691.5	ALDH3A1	MANE Select
ENST00000377698.4	NM_000692.5	ALDH1B1	MANE Select
ENST00000329841.10	NM_000693.4	ALDH1A3	MANE Select
ENST00000342456.11	NM_000694.4	ALDH3B1	MANE Select
ENST00000673966.2	NM_001393402.2	ALDH3B2	MANE Select
ENST00000354775.5	NM_000696.4	ALDH9A1	MANE Select
ENST00000176643.11	NM_000382.3	ALDH3A2	MANE Select
ENST00000308666.4	NM_005164.4	ABCD2	MANE Select
ENST00000642816.3	NM_001243177.4	ALDOA	MANE Select
ENST00000647789.2	NM_000035.4	ALDOB	MANE Select
ENST00000226253.9	NM_005165.3	ALDOC	MANE Select
ENST00000285930.9	NM_001628.4	AKR1B1	MANE Select
ENST00000389048.8	NM_004304.5	ALK	MANE Select
ENST00000251535.11	NM_000697.3	ALOX12	MANE Select
ENST00000374391.7	NM_000698.5	ALOX5	MANE Select
ENST00000380490.5	NM_001629.4	ALOX5AP	MANE Select
ENST00000647874.1	NM_001139.3	ALOX12B	MANE Select
ENST00000293761.8	NM_001140.5	ALOX15	MANE Select
ENST00000380183.9	NM_001141.3	ALOX15B	MANE Select
ENST00000295463.4	NM_001631.5	ALPI	MANE Select
ENST00000374840.8	NM_000478.6	ALPL	MANE Select
ENST00000392027.3	NM_001632.5	ALPP	MANE Select
ENST00000295453.8	NM_031313.3	ALPG	MANE Select
ENST00000647563.2	NM_006492.3	ALX3	MANE Select
ENST00000322937.10	NM_016519.6	AMBN	MANE Select
ENST00000265132.8	NM_001633.4	AMBP	MANE Select
ENST00000368885.8	NM_001634.6	AMD1	MANE Select
ENST00000380714.7	NM_001142.2	AMELX	MANE Select
ENST00000651267.2	NM_001143.2	AMELY	MANE Select
ENST00000290649.10	NM_001144.6	AMFR	MANE Select
ENST00000221496.5	NM_000479.5	AMH	MANE Select
ENST00000257863.9	NM_020547.3	AMHR2	MANE Select
ENST00000520113.7	NM_000036.3	AMPD1	MANE Select
ENST00000528667.7	NM_001368809.2	AMPD2	MANE Select
ENST00000396553.7	NM_001025389.2	AMPD3	MANE Select
ENST00000356264.7	NM_001635.4	AMPH	MANE Select
ENST00000316724.10	NM_139343.3	BIN1	MANE Select
ENST00000273588.9	NM_000481.4	AMT	MANE Select
ENST00000370083.9	NM_004038.4	AMY1A	MANE Select
ENST00000330330.10	NM_001008218.2	AMY1B	MANE Select
ENST00000622339.5	NM_001008219.3	AMY1C	MANE Select
ENST00000414303.7	NM_000699.4	AMY2A	MANE Select
ENST00000684275.1	NM_001387437.1	AMY2B	MANE Select
ENST00000397990.5	NM_001097577.3	ANG	MANE Select
ENST00000517746.6	NM_001146.5	ANGPT1	MANE Select
ENST00000629816.3	NM_001118887.2	ANGPT2	MANE Select
ENST00000289734.13	NM_000037.4	ANK1	MANE Select
ENST00000357077.9	NM_001148.6	ANK2	MANE Select
ENST00000280772.7	NM_020987.5	ANK3	MANE Select
ENST00000300060.7	NM_001150.3	ANPEP	MANE Select
ENST00000281456.11	NM_001151.4	SLC25A4	MANE Select
ENST00000317881.9	NM_001152.5	SLC25A5	MANE Select
ENST00000381401.11	NM_001636.4	SLC25A6	MANE Select
ENST00000257497.11	NM_000700.3	ANXA1	MANE Select
ENST00000451270.7	NM_004039.3	ANXA2	MANE Select
ENST00000264908.11	NM_005139.3	ANXA3	MANE Select
ENST00000394295.6	NM_001153.5	ANXA4	MANE Select
ENST00000296511.10	NM_001154.4	ANXA5	MANE Select
ENST00000354546.10	NM_001155.5	ANXA6	MANE Select
ENST00000372921.10	NM_001156.5	ANXA7	MANE Select
ENST00000422982.8	NM_145868.2	ANXA11	MANE Select
ENST00000419625.6	NM_004306.4	ANXA13	MANE Select
ENST00000617537.5	NM_001637.4	AOAH	MANE Select
ENST00000253799.8	NM_009590.4	AOC2	MANE Select
ENST00000374700.7	NM_001159.4	AOX1	MANE Select
ENST00000551964.6	NM_181861.2	APAF1	MANE Select
ENST00000379158.7	NM_001161.5	NUDT2	MANE Select
ENST00000398189.4	NM_001638.4	APOF	MANE Select
ENST00000265381.7	NM_001163.4	APBA1	MANE Select
ENST00000683413.1	NM_001353788.2	APBA2	MANE Select
ENST00000609360.6	NM_001164.5	APBB1	MANE Select
ENST00000508593.6	NM_004307.2	APBB2	MANE Select
ENST00000257430.9	NM_000038.6	APC	MANE Select
ENST00000255040.3	NM_001639.4	APCS	MANE Select
ENST00000291582.6	NM_000383.4	AIRE	MANE Select
ENST00000296456.10	NM_001640.4	APEH	MANE Select
ENST00000216714.8	NM_001641.4	APEX1	MANE Select
ENST00000227758.7	NM_001166.5	BIRC2	MANE Select
ENST00000263464.9	NM_001165.5	BIRC3	MANE Select
ENST00000371199.8	NM_001167.4	XIAP	MANE Select
ENST00000350051.8	NM_001168.3	BIRC5	MANE Select
ENST00000221891.9	NM_001024807.3	APLP1	MANE Select
ENST00000338167.10	NM_001142276.2	APLP2	MANE Select
ENST00000236850.5	NM_000039.3	APOA1	MANE Select
ENST00000367990.7	NM_001643.2	APOA2	MANE Select
ENST00000357780.5	NM_000482.4	APOA4	MANE Select
ENST00000233242.5	NM_000384.3	APOB	MANE Select
ENST00000229304.5	NM_001644.5	APOBEC1	MANE Select
ENST00000592535.6	NM_001645.5	APOC1	MANE Select
ENST00000219660.6	NM_001169.3	AQP8	MANE Select
ENST00000252490.7	NM_000483.5	APOC2	MANE Select
ENST00000227667.8	NM_000040.3	APOC3	MANE Select
ENST00000592954.2	NM_001646.3	APOC4	MANE Select
ENST00000343267.8	NM_001647.4	APOD	MANE Select
ENST00000252486.9	NM_000041.4	APOE	MANE Select
ENST00000205948.11	NM_000042.3	APOH	MANE Select
ENST00000346798.8	NM_000484.4	APP	MANE Select
ENST00000378364.8	NM_000485.3	APRT	MANE Select
ENST00000326003.7	NM_001648.2	KLK3	MANE Select
ENST00000652046.1	NM_000043.6	FAS	MANE Select
ENST00000367721.3	NM_000639.3	FASLG	MANE Select
ENST00000380913.8	NM_001649.4	SHROOM2	MANE Select
ENST00000311813.11	NM_198098.4	AQP1	MANE Select
ENST00000199280.4	NM_000486.6	AQP2	MANE Select
ENST00000297991.6	NM_004925.5	AQP3	MANE Select
ENST00000383168.9	NM_001650.7	AQP4	MANE Select
ENST00000293599.7	NM_001651.4	AQP5	MANE Select
ENST00000315520.10	NM_001652.4	AQP6	MANE Select
ENST00000297988.6	NM_001170.3	AQP7	MANE Select
ENST00000219919.9	NM_020980.5	AQP9	MANE Select
ENST00000374690.9	NM_000044.6	AR	MANE Select
ENST00000205557.12	NM_001171.6	ABCC6	MANE Select
ENST00000377045.9	NM_001654.5	ARAF	MANE Select
ENST00000264028.5	NM_001655.5	ARCN1	MANE Select
ENST00000231524.14	NM_001656.4	TRIM23	MANE Select
ENST00000395748.8	NM_001657.4	AREG	MANE Select
ENST00000272102.10	NM_001658.4	ARF1	MANE Select
ENST00000256682.9	NM_001659.3	ARF3	MANE Select
ENST00000303436.11	NM_001660.4	ARF4	MANE Select
ENST00000320033.5	NM_001661.4	ARL4D	MANE Select
ENST00000000233.10	NM_001662.4	ARF5	MANE Select
ENST00000298316.7	NM_001663.4	ARF6	MANE Select
ENST00000368087.8	NM_000045.4	ARG1	MANE Select
ENST00000261783.4	NM_001172.4	ARG2	MANE Select
ENST00000418115.6	NM_001664.4	RHOA	MANE Select
ENST00000272233.6	NM_004040.4	RHOB	MANE Select
ENST00000339083.12	NM_175744.5	RHOC	MANE Select
ENST00000263895.9	NM_005168.5	RND3	MANE Select
ENST00000351018.5	NM_001665.4	RHOG	MANE Select
ENST00000311956.9	NM_004308.5	ARHGAP1	MANE Select
ENST00000350060.10	NM_001666.5	ARHGAP4	MANE Select
ENST00000345122.8	NM_001030055.2	ARHGAP5	MANE Select
ENST00000337414.9	NM_013427.3	ARHGAP6	MANE Select
ENST00000269321.12	NM_004309.6	ARHGDIA	MANE Select
ENST00000228945.9	NM_001175.7	ARHGDIB	MANE Select
ENST00000219409.8	NM_001176.4	ARHGDIG	MANE Select
ENST00000381799.10	NM_004310.5	RHOH	MANE Select
ENST00000261636.13	NM_001177.6	ARL1	MANE Select
ENST00000298231.5	NM_005169.4	PHOX2A	MANE Select
ENST00000246747.9	NM_001667.4	ARL2	MANE Select
ENST00000260746.6	NM_004311.4	ARL3	MANE Select
ENST00000358595.10	NM_001668.4	ARNT	MANE Select
ENST00000403290.6	NM_001297719.2	BMAL1	MANE Select
ENST00000307959.9	NM_004312.3	ARR3	MANE Select
ENST00000420843.7	NM_004041.5	ARRB1	MANE Select
ENST00000269260.7	NM_004313.4	ARRB2	MANE Select
ENST00000216124.10	NM_000487.6	ARSA	MANE Select
ENST00000264914.10	NM_000046.5	ARSB	MANE Select
ENST00000674429.1	NM_001320752.2	STS	MANE Select
ENST00000381154.6	NM_001669.4	ARSD	MANE Select
ENST00000381134.9	NM_000047.3	ARSL	MANE Select
ENST00000381127.6	NM_001201539.2	ARSF	MANE Select
ENST00000250693.2	NM_004314.3	ART1	MANE Select
ENST00000355810.9	NM_001130016.3	ART3	MANE Select
ENST00000228936.6	NM_021071.4	ART4	MANE Select
ENST00000263207.8	NM_001670.3	ARVCF	MANE Select
ENST00000637790.2	NM_177924.5	ASAH1	MANE Select
ENST00000266744.4	NM_004316.4	ASCL1	MANE Select
ENST00000331289.5	NM_005170.3	ASCL2	MANE Select
ENST00000269299.8	NM_001671.5	ASGR1	MANE Select
ENST00000691900.1	NM_001201352.2	ASGR2	MANE Select
ENST00000374954.4	NM_001672.3	ASIP	MANE Select
ENST00000304874.14	NM_000048.4	ASL	MANE Select
ENST00000381241.9	NM_001171038.2	ASMT	MANE Select
ENST00000357332.8	NM_004317.4	GET3	MANE Select
ENST00000394308.8	NM_001673.5	ASNS	MANE Select
ENST00000263080.3	NM_000049.4	ASPA	MANE Select
ENST00000379454.9	NM_004318.4	ASPH	MANE Select
ENST00000352480.10	NM_054012.4	ASS1	MANE Select
ENST00000361833.7	NM_004319.3	ASTN1	MANE Select
ENST00000367698.4	NM_000488.4	SERPINC1	MANE Select
ENST00000268489.10	NM_006885.4	ZFHX3	MANE Select
ENST00000262053.8	NM_005171.5	ATF1	MANE Select
ENST00000341491.9	NM_001674.4	ATF3	MANE Select
ENST00000674920.3	NM_182810.3	ATF4	MANE Select
ENST00000236959.14	NM_004044.7	ATIC	MANE Select
ENST00000675843.1	NM_000051.4	ATM	MANE Select
ENST00000400908.7	NM_001042681.2	RERE	MANE Select
ENST00000306011.6	NM_005172.2	ATOH1	MANE Select
ENST00000313115.11	NM_004045.4	ATOX1	MANE Select
ENST00000295598.10	NM_000701.8	ATP1A1	MANE Select
ENST00000361216.8	NM_000702.4	ATP1A2	MANE Select
ENST00000648268.1	NM_152296.5	ATP1A3	MANE Select
ENST00000381946.5	NM_001676.7	ATP12A	MANE Select
ENST00000368081.9	NM_144699.4	ATP1A4	MANE Select
ENST00000367815.9	NM_001677.4	ATP1B1	MANE Select
ENST00000250111.9	NM_001678.5	ATP1B2	MANE Select
ENST00000286371.8	NM_001679.4	ATP1B3	MANE Select
ENST00000292079.7	NM_001680.5	FXYD2	MANE Select
ENST00000395503.9	NM_004320.6	ATP2A1	MANE Select
ENST00000539276.7	NM_170665.4	ATP2A2	MANE Select
ENST00000397041.8	NM_005173.4	ATP2A3	MANE Select
ENST00000428670.8	NM_001366521.1	ATP2B1	MANE Select
ENST00000360273.7	NM_001001331.4	ATP2B2	MANE Select
ENST00000263519.5	NM_001001344.3	ATP2B3	MANE Select
ENST00000357681.10	NM_001684.5	ATP2B4	MANE Select
ENST00000262623.4	NM_000704.3	ATP4A	MANE Select
ENST00000335288.5	NM_000705.4	ATP4B	MANE Select
ENST00000398752.11	NM_004046.6	ATP5F1A	MANE Select
ENST00000409134.8	NM_001182.5	ALDH7A1	MANE Select
ENST00000262030.8	NM_001686.4	ATP5F1B	MANE Select
ENST00000356708.12	NM_001001973.3	ATP5F1C	MANE Select
ENST00000215375.7	NM_001687.5	ATP5F1D	MANE Select
ENST00000243997.8	NM_006886.4	ATP5F1E	MANE Select
ENST00000369722.8	NM_001688.5	ATP5PB	MANE Select
ENST00000393366.7	NM_005175.3	ATP5MC1	MANE Select
ENST00000394349.9	NM_005176.7	ATP5MC2	MANE Select
ENST00000284727.9	NM_001689.5	ATP5MC3	MANE Select
ENST00000304312.5	NM_007100.4	ATP5ME	MANE Select
ENST00000284971.8	NM_001003703.2	ATP5PF	MANE Select
ENST00000273398.8	NM_001690.4	ATP6V1A	MANE Select
ENST00000234396.10	NM_001692.4	ATP6V1B1	MANE Select
ENST00000276390.7	NM_001693.4	ATP6V1B2	MANE Select
ENST00000330398.9	NM_001694.4	ATP6V0C	MANE Select
ENST00000518738.2	NM_001695.5	ATP6V1C1	MANE Select
ENST00000253413.10	NM_001696.4	ATP6V1E1	MANE Select
ENST00000472174.7	NM_004047.5	ATP6V0B	MANE Select
ENST00000303892.10	NM_130463.4	ATP6V1G2	MANE Select
ENST00000343619.9	NM_001130021.3	ATP6V0A1	MANE Select
ENST00000369762.7	NM_001183.6	ATP6AP1	MANE Select
ENST00000341514.11	NM_000052.7	ATP7A	MANE Select
ENST00000290299.7	NM_001697.3	ATP5PO	MANE Select
ENST00000242839.10	NM_000053.4	ATP7B	MANE Select
ENST00000350721.9	NM_001184.4	ATR	MANE Select
ENST00000373344.11	NM_000489.6	ATRX	MANE Select
ENST00000498729.9	NM_001244008.2	KIF1A	MANE Select
ENST00000375731.9	NM_001698.3	AUH	MANE Select
ENST00000377526.4	NM_181575.5	AUP1	MANE Select
ENST00000380293.3	NM_000490.5	AVP	MANE Select
ENST00000299178.4	NM_000706.5	AVPR1A	MANE Select
ENST00000367126.5	NM_000707.5	AVPR1B	MANE Select
ENST00000646375.2	NM_000054.7	AVPR2	MANE Select
ENST00000301178.9	NM_021913.5	AXL	MANE Select
ENST00000292401.9	NM_001185.4	AZGP1	MANE Select
ENST00000233997.4	NM_001700.5	AZU1	MANE Select
ENST00000648006.3	NM_004048.4	B2M	MANE Select
ENST00000259407.7	NM_001701.4	BAAT	MANE Select
ENST00000286800.8	NM_001186.4	BACH1	MANE Select
ENST00000309032.8	NM_032989.3	BAD	MANE Select
ENST00000634734.3	NM_004323.6	BAG1	MANE Select
ENST00000517894.6	NM_001702.3	ADGRB1	MANE Select
ENST00000373658.8	NM_001364857.2	ADGRB2	MANE Select
ENST00000370598.6	NM_001704.3	ADGRB3	MANE Select
ENST00000374467.4	NM_001188.4	BAK1	MANE Select
ENST00000382438.6	NM_001189.4	NKX3-2	MANE Select
ENST00000260947.9	NM_000465.4	BARD1	MANE Select
ENST00000345358.12	NM_138761.4	BAX	MANE Select
ENST00000318312.12	NM_024649.5	BBS1	MANE Select
ENST00000245157.11	NM_031885.5	BBS2	MANE Select
ENST00000268057.9	NM_033028.5	BBS4	MANE Select
ENST00000261192.12	NM_005504.7	BCAT1	MANE Select
ENST00000316273.11	NM_001190.4	BCAT2	MANE Select
ENST00000264381.8	NM_000055.4	BCHE	MANE Select
ENST00000269980.7	NM_000709.4	BCKDHA	MANE Select
ENST00000320393.9	NM_183050.4	BCKDHB	MANE Select
ENST00000227507.3	NM_053056.3	CCND1	MANE Select
ENST00000333681.5	NM_000633.3	BCL2	MANE Select
ENST00000267953.4	NM_004049.4	BCL2A1	MANE Select
ENST00000307677.5	NM_138578.3	BCL2L1	MANE Select
ENST00000250405.10	NM_004050.5	BCL2L2	MANE Select
ENST00000164227.10	NM_005178.5	BCL3	MANE Select
ENST00000406870.7	NM_001706.5	BCL6	MANE Select
ENST00000261822.5	NM_001024808.3	BCL7A	MANE Select
ENST00000234739.8	NM_004326.4	BCL9	MANE Select
ENST00000053243.6	NM_001192.3	TNFRSF17	MANE Select
ENST00000251287.3	NM_001194.4	HCN2	MANE Select
ENST00000249389.3	NM_001385125.1	OPN1SW	MANE Select
ENST00000305877.13	NM_004327.4	BCR	MANE Select
ENST00000359273.8	NM_001079866.2	BCS1L	MANE Select
ENST00000392379.6	NM_203314.3	BDH1	MANE Select
ENST00000216629.11	NM_000710.4	BDKRB1	MANE Select
ENST00000554311.2	NM_001379692.1	BDKRB2	MANE Select
ENST00000356660.9	NM_001709.5	BDNF	MANE Select
ENST00000425368.7	NM_001710.6	CFB	MANE Select
ENST00000377873.8	NM_001195.5	BFSP1	MANE Select
ENST00000368272.5	NM_199173.6	BGLAP	MANE Select
ENST00000331595.9	NM_001711.6	BGN	MANE Select
ENST00000161559.11	NM_001712.5	CEACAM1	MANE Select
ENST00000274353.10	NM_001713.3	BHMT	MANE Select
ENST00000652176.1	NM_001714.4	BICD1	MANE Select
ENST00000622694.5	NM_001196.4	BID	MANE Select
ENST00000216115.3	NM_001197.5	BIK	MANE Select
ENST00000369096.9	NM_001198.4	PRDM1	MANE Select
ENST00000259089.9	NM_001715.3	BLK	MANE Select
ENST00000355112.8	NM_000057.4	BLM	MANE Select
ENST00000261714.11	NM_000386.4	BLMH	MANE Select
ENST00000292174.5	NM_001716.5	CXCR5	MANE Select
ENST00000265523.9	NM_000712.4	BLVRA	MANE Select
ENST00000263368.9	NM_000713.3	BLVRB	MANE Select
ENST00000345382.7	NM_001717.4	BNC1	MANE Select
ENST00000376663.8	NM_005180.9	BMI1	MANE Select
ENST00000306349.13	NM_001199.4	BMP1	MANE Plus Clinical
ENST00000306385.10	NM_006129.5	BMP1	MANE Select
ENST00000378827.5	NM_001200.4	BMP2	MANE Select
ENST00000282701.4	NM_001201.5	BMP3	MANE Select
ENST00000245451.9	NM_001202.6	BMP4	MANE Select
ENST00000370830.4	NM_021073.4	BMP5	MANE Select
ENST00000283147.7	NM_001718.6	BMP6	MANE Select
ENST00000395863.8	NM_001719.3	BMP7	MANE Select
ENST00000372827.8	NM_001720.5	BMP8B	MANE Select
ENST00000372037.8	NM_004329.3	BMPR1A	MANE Select
ENST00000515059.6	NM_001203.3	BMPR1B	MANE Select
ENST00000374580.10	NM_001204.7	BMPR2	MANE Select
ENST00000348343.11	NM_203281.3	BMX	MANE Select
ENST00000306433.9	NM_001722.3	POLR3D	MANE Select
ENST00000351486.10	NM_001205.3	BNIP1	MANE Select
ENST00000607373.6	NM_004330.4	BNIP2	MANE Select
ENST00000368636.9	NM_004052.4	BNIP3	MANE Select
ENST00000380629.7	NM_004331.3	BNIP3L	MANE Select
ENST00000318407.5	NM_032515.5	BOK	MANE Select
ENST00000370765.11	NM_001723.7	DST	MANE Plus Clinical
ENST00000680361.1	NM_001374736.1	DST	MANE Select
ENST00000648323.1	NM_023067.4	FOXL2	MANE Select
ENST00000344924.8	NM_001724.5	BPGM	MANE Select
ENST00000380379.10	NM_004332.4	BPHL	MANE Select
ENST00000642449.2	NM_001725.3	BPI	MANE Select
ENST00000357654.9	NM_007294.4	BRCA1	MANE Select
ENST00000644969.2	NM_001374258.1	BRAF	MANE Plus Clinical
ENST00000646891.2	NM_004333.6	BRAF	MANE Select
ENST00000380152.8	NM_000059.4	BRCA2	MANE Select
ENST00000399546.7	NM_207189.4	BRDT	MANE Select
ENST00000439696.3	NM_004926.4	ZFP36L1	MANE Select
ENST00000282388.4	NM_006887.5	ZFP36L2	MANE Select
ENST00000370648.4	NM_001727.2	BRS3	MANE Select
ENST00000333511.9	NM_001728.4	BSG	MANE Select
ENST00000265016.9	NM_004334.3	BST1	MANE Select
ENST00000252593.7	NM_004335.4	BST2	MANE Select
ENST00000395743.8	NM_001729.4	BTC	MANE Select
ENST00000643237.3	NM_001370658.1	BTD	MANE Select
ENST00000377126.4	NM_001206.4	KLF9	MANE Select
ENST00000377687.6	NM_001730.5	KLF5	MANE Select
ENST00000380591.8	NM_001037637.2	BTF3	MANE Select
ENST00000256015.5	NM_001731.3	BTG1	MANE Select
ENST00000308731.8	NM_000061.3	BTK	MANE Select
ENST00000684113.1	NM_001732.3	BTN1A1	MANE Select
ENST00000302759.11	NM_004336.5	BUB1	MANE Select
ENST00000287598.11	NM_001211.6	BUB1B	MANE Select
ENST00000230340.9	NM_004053.4	BYSL	MANE Select
ENST00000337554.8	NM_000714.6	TSPO	MANE Select
ENST00000225698.8	NM_001212.4	C1QBP	MANE Select
ENST00000278407.9	NM_000062.3	SERPING1	MANE Select
ENST00000374642.8	NM_015991.4	C1QA	MANE Select
ENST00000509305.6	NM_001378156.1	C1QB	MANE Select
ENST00000374640.9	NM_172369.5	C1QC	MANE Select
ENST00000647956.2	NM_001733.7	C1R	MANE Select
ENST00000360817.10	NM_001734.5	C1S	MANE Select
ENST00000299367.10	NM_000063.6	C2	MANE Select
ENST00000245907.11	NM_000064.4	C3	MANE Select
ENST00000307637.5	NM_004054.4	C3AR1	MANE Select
ENST00000428956.7	NM_007293.3	C4A	MANE Select
ENST00000435363.7	NM_001002029.4	C4B	MANE Select
ENST00000367070.8	NM_000715.4	C4BPA	MANE Select
ENST00000367078.8	NM_001017365.3	C4BPB	MANE Select
ENST00000648180.1	NM_004055.5	CAPN5	MANE Select
ENST00000223642.3	NM_001735.3	C5	MANE Select
ENST00000355085.4	NM_001736.4	C5AR1	MANE Select
ENST00000337836.10	NM_000065.5	C6	MANE Select
ENST00000313164.10	NM_000587.4	C7	MANE Select
ENST00000361249.4	NM_000562.3	C8A	MANE Select
ENST00000371237.9	NM_000066.4	C8B	MANE Select
ENST00000371634.7	NM_000606.3	C8G	MANE Select
ENST00000451899.7	NM_001126111.3	OSGIN2	MANE Select
ENST00000263408.5	NM_001737.5	C9	MANE Select
ENST00000279281.8	NM_013265.4	VPS51	MANE Select
ENST00000279242.7	NM_004927.4	MRPL49	MANE Select
ENST00000310597.6	NM_014205.4	ZNHIT2	MANE Select
ENST00000358117.10	NM_001584.3	MPPED2	MANE Select
ENST00000278836.10	NM_001127392.3	MYRF	MANE Select
ENST00000537328.6	NM_014206.4	TMEM258	MANE Select
ENST00000257215.10	NM_006133.3	DAGLA	MANE Select
ENST00000331495.8	NM_005892.4	FMNL1	MANE Select
ENST00000359446.11	NM_001378100.1	LDLRAD4	MANE Select
ENST00000330938.8	NM_004339.4	PTTG1IP	MANE Select
ENST00000339818.9	NM_004928.3	CFAP410	MANE Select
ENST00000542230.7	NM_006134.7	TMEM50B	MANE Select
ENST00000443721.2	NM_001044370.2	MPPED1	MANE Select
ENST00000523022.6	NM_001128831.4	CA1	MANE Select
ENST00000285379.10	NM_000067.3	CA2	MANE Select
ENST00000285381.3	NM_005181.4	CA3	MANE Select
ENST00000300900.9	NM_000717.5	CA4	MANE Select
ENST00000649794.3	NM_001739.2	CA5A	MANE Select
ENST00000377443.7	NM_001215.4	CA6	MANE Select
ENST00000338437.7	NM_005182.3	CA7	MANE Select
ENST00000317995.5	NM_004056.6	CA8	MANE Select
ENST00000378357.9	NM_001216.3	CA9	MANE Select
ENST00000084798.9	NM_001217.5	CA11	MANE Select
ENST00000178638.8	NM_001218.5	CA12	MANE Select
ENST00000360228.11	NM_001127222.2	CACNA1A	MANE Select
ENST00000638009.2	NM_001127221.2	CACNA1A	MANE Plus Clinical
ENST00000371372.6	NM_000718.4	CACNA1B	MANE Select
ENST00000399603.6	NM_001167623.2	CACNA1C	MANE Plus Clinical
ENST00000399655.6	NM_000719.7	CACNA1C	MANE Select
ENST00000288139.11	NM_000720.4	CACNA1D	MANE Plus Clinical
ENST00000350061.11	NM_001128840.3	CACNA1D	MANE Select
ENST00000367573.7	NM_001205293.3	CACNA1E	MANE Select
ENST00000323022.10	NM_001256789.3	CACNA1F	MANE Select
ENST00000362061.4	NM_000069.3	CACNA1S	MANE Select
ENST00000376568.8	NM_001297654.2	DDR1	MANE Select
ENST00000356860.8	NM_000722.4	CACNA2D1	MANE Select
ENST00000394303.8	NM_000723.5	CACNB1	MANE Select
ENST00000324631.13	NM_201596.3	CACNB2	MANE Select
ENST00000377329.10	NM_201590.3	CACNB2	MANE Plus Clinical
ENST00000301050.7	NM_000725.4	CACNB3	MANE Select
ENST00000539935.7	NM_000726.5	CACNB4	MANE Select
ENST00000226021.5	NM_000727.4	CACNG1	MANE Select
ENST00000319017.5	NM_000387.6	SLC25A20	MANE Select
ENST00000264705.9	NM_004341.5	CAD	MANE Select
ENST00000265431.7	NM_004929.4	CALB1	MANE Select
ENST00000302628.9	NM_001740.5	CALB2	MANE Select
ENST00000380200.3	NM_004057.3	S100G	MANE Select
ENST00000331587.9	NM_001741.3	CALCA	MANE Select
ENST00000324229.11	NM_000728.4	CALCB	MANE Select
ENST00000426151.7	NM_001742.4	CALCR	MANE Select
ENST00000361675.7	NM_033138.4	CALD1	MANE Select
ENST00000356978.9	NM_006888.6	CALM1	MANE Select
ENST00000272298.12	NM_001743.6	CALM2	MANE Select
ENST00000291295.14	NM_005184.4	CALM3	MANE Select
ENST00000315238.3	NM_005185.4	CALML3	MANE Select
ENST00000316448.10	NM_004343.4	CALR	MANE Select
ENST00000249364.9	NM_001219.5	CALU	MANE Select
ENST00000282356.9	NM_001744.6	CAMK4	MANE Select
ENST00000671881.1	NM_015981.4	CAMK2A	MANE Select
ENST00000395749.7	NM_001220.5	CAMK2B	MANE Select
ENST00000511664.6	NM_001321571.2	CAMK2D	MANE Select
ENST00000423381.6	NM_001367534.1	CAMK2G	MANE Select
ENST00000297156.4	NM_001745.4	CAMLG	MANE Select
ENST00000652295.2	NM_004345.5	CAMP	MANE Select
ENST00000247461.9	NM_001746.4	CANX	MANE Select
ENST00000263867.9	NM_001747.4	CAPG	MANE Select
ENST00000279247.11	NM_005186.4	CAPN1	MANE Select
ENST00000295006.6	NM_001748.5	CAPN2	MANE Select
ENST00000397163.8	NM_000070.3	CAPN3	MANE Select
ENST00000246533.8	NM_001749.4	CAPNS1	MANE Select
ENST00000324068.2	NM_014289.4	CAPN6	MANE Select
ENST00000588776.8	NM_004058.5	CAPS	MANE Select
ENST00000263168.4	NM_006135.3	CAPZA1	MANE Select
ENST00000361183.8	NM_006136.3	CAPZA2	MANE Select
ENST00000675179.1	NM_001750.7	CAST	MANE Select
ENST00000264202.8	NM_004930.5	CAPZB	MANE Select
ENST00000380525.9	NM_001014437.3	CARS1	MANE Select
ENST00000533400.6	NM_001257118.3	CASP1	MANE Select
ENST00000310447.10	NM_032982.4	CASP2	MANE Select
ENST00000308394.9	NM_004346.4	CASP3	MANE Select
ENST00000444739.7	NM_001225.4	CASP4	MANE Select
ENST00000260315.8	NM_004347.5	CASP5	MANE Select
ENST00000265164.7	NM_001226.4	CASP6	MANE Select
ENST00000369318.8	NM_001227.5	CASP7	MANE Select
ENST00000673742.1	NM_001372051.1	CASP8	MANE Select
ENST00000333868.10	NM_001229.5	CASP9	MANE Select
ENST00000286186.11	NM_032977.4	CASP10	MANE Select
ENST00000368078.8	NM_001231.5	CASQ1	MANE Select
ENST00000261448.6	NM_001232.4	CASQ2	MANE Select
ENST00000639785.2	NM_000388.4	CASR	MANE Select
ENST00000241052.5	NM_001752.4	CAT	MANE Select
ENST00000341049.7	NM_001753.5	CAV1	MANE Select
ENST00000222693.5	NM_001233.5	CAV2	MANE Select
ENST00000343849.3	NM_033337.3	CAV3	MANE Select
ENST00000647337.2	NM_001024630.4	RUNX2	MANE Select
ENST00000675419.1	NM_001754.5	RUNX1	MANE Select
ENST00000523629.7	NM_175634.3	RUNX1T1	MANE Select
ENST00000268679.9	NM_005187.6	CBFA2T3	MANE Select
ENST00000308873.11	NM_004350.3	RUNX3	MANE Select
ENST00000412916.7	NM_022845.3	CBFB	MANE Select
ENST00000341584.4	NM_001756.4	SERPINA6	MANE Select
ENST00000264033.6	NM_005188.4	CBL	MANE Select
ENST00000394030.8	NM_170662.5	CBLB	MANE Select
ENST00000219197.11	NM_004352.4	CBLN1	MANE Select
ENST00000358171.8	NM_001235.5	SERPINH1	MANE Select
ENST00000290349.11	NM_001757.4	CBR1	MANE Select
ENST00000290354.6	NM_001236.4	CBR3	MANE Select
ENST00000398165.8	NM_000071.3	CBS	MANE Select
ENST00000335119.4	NM_005893.3	CCIN	MANE Select
ENST00000302586.8	NM_004059.5	KYAT1	MANE Select
ENST00000396169.7	NM_000729.6	CCK	MANE Select
ENST00000295589.4	NM_000730.3	CCKAR	MANE Select
ENST00000334619.7	NM_176875.4	CCKBR	MANE Select
ENST00000394505.7	NM_194454.3	KRIT1	MANE Select
ENST00000274026.10	NM_001237.5	CCNA2	MANE Select
ENST00000256442.10	NM_031966.4	CCNB1	MANE Select
ENST00000520429.6	NM_005190.4	CCNC	MANE Select
ENST00000261254.8	NM_001759.4	CCND2	MANE Select
ENST00000372991.9	NM_001760.5	CCND3	MANE Select
ENST00000262643.8	NM_001238.4	CCNE1	MANE Select
ENST00000397066.9	NM_001761.3	CCNF	MANE Select
ENST00000340828.7	NM_004060.4	CCNG1	MANE Select
ENST00000316355.10	NM_004354.3	CCNG2	MANE Select
ENST00000256897.9	NM_001239.4	CCNH	MANE Select
ENST00000261900.8	NM_001240.4	CCNT1	MANE Select
ENST00000264157.10	NM_058241.3	CCNT2	MANE Select
ENST00000275603.9	NM_001762.4	CCT6A	MANE Select
ENST00000289429.6	NM_001763.3	CD1A	MANE Select
ENST00000368168.4	NM_001764.3	CD1B	MANE Select
ENST00000368170.8	NM_001765.3	CD1C	MANE Select
ENST00000674085.2	NM_001371762.2	CD1D	MANE Select
ENST00000368167.8	NM_030893.4	CD1E	MANE Select
ENST00000369478.4	NM_001767.5	CD2	MANE Select
ENST00000300692.9	NM_000732.6	CD3D	MANE Select
ENST00000361763.9	NM_000733.4	CD3E	MANE Select
ENST00000532917.3	NM_000073.3	CD3G	MANE Select
ENST00000362089.10	NM_198053.3	CD247	MANE Select
ENST00000011653.9	NM_000616.5	CD4	MANE Select
ENST00000347785.8	NM_014207.4	CD5	MANE Select
ENST00000368174.5	NM_005894.3	CD5L	MANE Select
ENST00000313421.11	NM_006725.5	CD6	MANE Select
ENST00000312648.8	NM_006137.7	CD7	MANE Select
ENST00000283635.8	NM_001768.7	CD8A	MANE Select
ENST00000390655.12	NM_004931.5	CD8B	MANE Select
ENST00000643224.2	NM_001349727.2	CD8B2	MANE Select
ENST00000009180.10	NM_001769.4	CD9	MANE Select
ENST00000302014.11	NM_000591.4	CD14	MANE Select
ENST00000538922.8	NM_001770.6	CD19	MANE Select
ENST00000345732.9	NM_152866.3	MS4A1	MANE Select
ENST00000278865.8	NM_006138.5	MS4A3	MANE Select
ENST00000085219.10	NM_001771.4	CD22	MANE Select
ENST00000266557.4	NM_001242.5	CD27	MANE Select
ENST00000324106.9	NM_006139.4	CD28	MANE Select
ENST00000264246.8	NM_005191.4	CD80	MANE Select
ENST00000330540.7	NM_175862.5	CD86	MANE Select
ENST00000263932.7	NM_001243.5	TNFRSF8	MANE Select
ENST00000223795.3	NM_001244.4	TNFSF8	MANE Select
ENST00000262262.5	NM_001772.4	CD33	MANE Select
ENST00000425629.8	NM_001245.7	SIGLEC6	MANE Select
ENST00000310833.12	NM_001025109.2	CD34	MANE Select
ENST00000447544.7	NM_001001548.3	CD36	MANE Select
ENST00000261693.11	NM_005505.5	SCARB1	MANE Select
ENST00000264896.8	NM_005506.4	SCARB2	MANE Select
ENST00000323906.9	NM_001774.3	CD37	MANE Select
ENST00000226279.8	NM_001775.4	CD38	MANE Select
ENST00000371205.5	NM_001776.6	ENTPD1	MANE Select
ENST00000355097.7	NM_203468.3	ENTPD2	MANE Select
ENST00000376652.9	NM_001247.5	ENTPD6	MANE Select
ENST00000301825.8	NM_001248.4	ENTPD3	MANE Select
ENST00000334696.11	NM_001249.5	ENTPD5	MANE Select
ENST00000372285.8	NM_001250.6	CD40	MANE Select
ENST00000370629.7	NM_000074.3	CD40LG	MANE Select
ENST00000428726.8	NM_000610.4	CD44	MANE Select
ENST00000361309.6	NM_001777.4	CD47	MANE Select
ENST00000368046.8	NM_001778.4	CD48	MANE Select
ENST00000271324.6	NM_000560.4	CD53	MANE Select
ENST00000369489.10	NM_001779.3	CD58	MANE Select
ENST00000642928.2	NM_000611.6	CD59	MANE Select
ENST00000257857.9	NM_001780.6	CD63	MANE Select
ENST00000250092.11	NM_001251.3	CD68	MANE Select
ENST00000228434.7	NM_001781.2	CD69	MANE Select
ENST00000245903.4	NM_001252.5	CD70	MANE Select
ENST00000259633.9	NM_001782.3	CD72	MANE Select
ENST00000009530.13	NM_001025159.3	CD74	MANE Select
ENST00000221972.8	NM_001783.4	CD79A	MANE Select
ENST00000006750.8	NM_000626.4	CD79B	MANE Select
ENST00000263645.10	NM_004356.4	CD81	MANE Select
ENST00000242786.6	NM_078481.4	ADGRE5	MANE Select
ENST00000397420.9	NM_004357.5	CD151	MANE Select
ENST00000375071.4	NM_001785.3	CDA	MANE Select
ENST00000395284.8	NM_001786.5	CDK1	MANE Select
ENST00000341832.11	NM_033486.3	CDK11B	MANE Select
ENST00000651943.2	NM_001364905.1	LRBA	MANE Select
ENST00000371477.4	NM_001253.4	CDC5L	MANE Select
ENST00000350320.11	NM_001788.6	SEPTIN7	MANE Select
ENST00000209728.9	NM_001254.4	CDC6	MANE Select
ENST00000310955.11	NM_001255.3	CDC20	MANE Select
ENST00000302506.8	NM_001789.3	CDC25A	MANE Select
ENST00000245960.10	NM_021873.4	CDC25B	MANE Select
ENST00000323760.11	NM_001790.5	CDC25C	MANE Select
ENST00000066544.8	NM_001256.6	CDC27	MANE Select
ENST00000215574.9	NM_004359.2	CDC34	MANE Select
ENST00000656825.1	NM_001791.4	CDC42	MANE Select
ENST00000261769.10	NM_004360.5	CDH1	MANE Select
ENST00000269141.8	NM_001792.5	CDH2	MANE Select
ENST00000264012.9	NM_001793.6	CDH3	MANE Select
ENST00000614565.5	NM_001794.5	CDH4	MANE Select
ENST00000341529.8	NM_001795.5	CDH5	MANE Select
ENST00000265071.3	NM_004932.4	CDH6	MANE Select
ENST00000397968.4	NM_004361.5	CDH7	MANE Select
ENST00000577390.6	NM_001796.5	CDH8	MANE Select
ENST00000231021.9	NM_016279.4	CDH9	MANE Select
ENST00000264463.8	NM_006727.5	CDH10	MANE Select
ENST00000268603.9	NM_001797.4	CDH11	MANE Select
ENST00000382254.6	NM_004061.5	CDH12	MANE Select
ENST00000567109.6	NM_001257.5	CDH13	MANE Select
ENST00000289746.3	NM_004933.3	CDH15	MANE Select
ENST00000299752.9	NM_004062.4	CDH16	MANE Select
ENST00000027335.8	NM_004063.4	CDH17	MANE Select
ENST00000382275.6	NM_004934.5	CDH18	MANE Select
ENST00000266970.9	NM_001798.5	CDK2	MANE Select
ENST00000448471.3	NM_001258.4	CDK3	MANE Select
ENST00000257904.11	NM_000075.4	CDK4	MANE Select
ENST00000485972.6	NM_004935.4	CDK5	MANE Select
ENST00000424848.3	NM_001145306.2	CDK6	MANE Select
ENST00000256443.8	NM_001799.4	CDK7	MANE Select
ENST00000381527.8	NM_001260.3	CDK8	MANE Select
ENST00000373264.5	NM_001261.4	CDK9	MANE Select
ENST00000244741.10	NM_000389.5	CDKN1A	MANE Select
ENST00000228872.9	NM_004064.5	CDKN1B	MANE Select
ENST00000440480.8	NM_001122630.2	CDKN1C	MANE Select
ENST00000304494.10	NM_000077.5	CDKN2A	MANE Select
ENST00000579755.2	NM_058195.4	CDKN2A	MANE Plus Clinical
ENST00000276925.7	NM_004936.4	CDKN2B	MANE Select
ENST00000371761.4	NM_078626.3	CDKN2C	MANE Select
ENST00000393599.3	NM_001800.4	CDKN2D	MANE Select
ENST00000335183.11	NM_005192.4	CDKN3	MANE Select
ENST00000250535.5	NM_001801.3	CDO1	MANE Select
ENST00000268383.7	NM_001802.2	CDR2	MANE Select
ENST00000295887.6	NM_001263.4	CDS1	MANE Select
ENST00000376288.3	NM_001264.5	CDSN	MANE Select
ENST00000374213.3	NM_001803.3	CD52	MANE Select
ENST00000231656.13	NM_001804.3	CDX1	MANE Select
ENST00000381020.8	NM_001265.6	CDX2	MANE Select
ENST00000373514.3	NM_005193.2	CDX4	MANE Select
ENST00000325617.10	NM_004362.3	CLGN	MANE Select
ENST00000221992.11	NM_004363.6	CEACAM5	MANE Select
ENST00000498907.3	NM_004364.5	CEBPA	MANE Select
ENST00000303004.5	NM_005194.4	CEBPB	MANE Select
ENST00000408965.4	NM_005195.4	CEBPD	MANE Select
ENST00000206513.6	NM_001805.4	CEBPE	MANE Select
ENST00000284000.9	NM_001806.4	CEBPG	MANE Select
ENST00000372080.8	NM_001807.6	CEL	MANE Select
ENST00000335756.9	NM_001809.4	CENPA	MANE Select
ENST00000379751.5	NM_001810.6	CENPB	MANE Select
ENST00000273853.11	NM_001812.4	CENPC	MANE Select
ENST00000265148.9	NM_001813.3	CENPE	MANE Select
ENST00000366955.8	NM_016343.4	CENPF	MANE Select
ENST00000360526.8	NM_001025195.2	CES1	MANE Select
ENST00000327228.5	NM_004066.3	CETN1	MANE Select
ENST00000370277.5	NM_004344.3	CETN2	MANE Select
ENST00000283122.8	NM_004365.4	CETN3	MANE Select
ENST00000200676.8	NM_000078.3	CETP	MANE Select
ENST00000308162.10	NM_005507.3	CFL1	MANE Select
ENST00000298159.11	NM_138638.5	CFL2	MANE Select
ENST00000227266.10	NM_001814.6	CTSC	MANE Select
ENST00000003084.11	NM_000492.4	CFTR	MANE Select
ENST00000627148.3	NM_000735.4	CGA	MANE Select
ENST00000357383.4	NM_000737.5	CGB3	MANE Select
ENST00000357396.8	NM_001815.5	CEACAM3	MANE Select
ENST00000401731.6	NM_001291485.2	CEACAM7	MANE Select
ENST00000244336.10	NM_001816.4	CEACAM8	MANE Select
ENST00000221954.7	NM_001817.4	CEACAM4	MANE Select
ENST00000508540.6	NM_001267.3	CHAD	MANE Select
ENST00000344532.8	NM_001268.4	RCBTB2	MANE Select
ENST00000337653.7	NM_020549.5	CHAT	MANE Select
ENST00000683442.1	NM_001381865.2	RCC1	MANE Select
ENST00000614616.5	NM_001270.4	CHD1	MANE Select
ENST00000394196.9	NM_001271.4	CHD2	MANE Select
ENST00000330494.12	NM_001005273.3	CHD3	MANE Select
ENST00000544040.7	NM_001273.5	CHD4	MANE Select
ENST00000263126.3	NM_001818.5	AKR1C4	MANE Select
ENST00000438015.7	NM_001114122.3	CHEK1	MANE Select
ENST00000557258.6	NM_005197.4	FOXN3	MANE Select
ENST00000216492.10	NM_001275.4	CHGA	MANE Select
ENST00000378961.9	NM_001819.3	CHGB	MANE Select
ENST00000255409.8	NM_001276.4	CHI3L1	MANE Select
ENST00000369748.9	NM_004000.3	CHI3L2	MANE Select
ENST00000367229.6	NM_003465.3	CHIT1	MANE Select
ENST00000265689.9	NM_001277.3	CHKA	MANE Select
ENST00000406938.3	NM_005198.5	CHKB	MANE Select
ENST00000357749.7	NM_000390.4	CHM	MANE Select
ENST00000366553.3	NM_001381853.1	CHML	MANE Select
ENST00000409900.9	NM_001822.7	CHN1	MANE Select
ENST00000222792.11	NM_004067.4	CHN2	MANE Select
ENST00000306960.4	NM_000738.3	CHRM1	MANE Select
ENST00000680005.1	NM_001006630.2	CHRM2	MANE Select
ENST00000389793.7	NM_000081.4	LYST	MANE Select
ENST00000676153.1	NM_001375978.1	CHRM3	MANE Select
ENST00000682254.1	NM_000741.5	CHRM4	MANE Select
ENST00000383263.7	NM_012125.4	CHRM5	MANE Select
ENST00000348749.9	NM_000079.4	CHRNA1	MANE Select
ENST00000407991.3	NM_000742.4	CHRNA2	MANE Select
ENST00000326828.6	NM_000743.5	CHRNA3	MANE Select
ENST00000370263.9	NM_000744.7	CHRNA4	MANE Select
ENST00000299565.9	NM_000745.4	CHRNA5	MANE Select
ENST00000306901.9	NM_000746.6	CHRNA7	MANE Select
ENST00000306071.7	NM_000747.3	CHRNB1	MANE Select
ENST00000368476.4	NM_000748.3	CHRNB2	MANE Select
ENST00000289957.3	NM_000749.5	CHRNB3	MANE Select
ENST00000261751.8	NM_000750.5	CHRNB4	MANE Select
ENST00000258385.8	NM_000751.3	CHRND	MANE Select
ENST00000649488.2	NM_000080.4	CHRNE	MANE Select
ENST00000651502.1	NM_005199.5	CHRNG	MANE Select
ENST00000370397.8	NM_001278.5	CHUK	MANE Select
ENST00000320477.10	NM_001279.4	CIDEA	MANE Select
ENST00000348956.7	NM_001823.5	CKB	MANE Select
ENST00000587896.6	NM_001300829.2	CIRBP	MANE Select
ENST00000348721.4	NM_145071.4	CISH	MANE Select
ENST00000221855.8	NM_001281.3	TBCB	MANE Select
ENST00000221476.4	NM_001824.5	CKM	MANE Select
ENST00000441322.6	NM_001375484.1	CKMT1B	MANE Select
ENST00000254035.9	NM_001099735.2	CKMT2	MANE Select
ENST00000676185.1	NM_000082.4	ERCC8	MANE Select
ENST00000308987.6	NM_001826.3	CKS1B	MANE Select
ENST00000314355.7	NM_001827.3	CKS2	MANE Select
ENST00000292807.9	NM_004068.4	AP2M1	MANE Select
ENST00000337619.11	NM_001283.5	AP1S1	MANE Select
ENST00000263270.11	NM_004069.6	AP2S1	MANE Select
ENST00000316788.12	NM_001284.4	AP3S1	MANE Select
ENST00000221804.5	NM_001828.6	CLC	MANE Select
ENST00000394711.2	NM_001285.4	CLCA1	MANE Select
ENST00000343257.7	NM_000083.3	CLCN1	MANE Select
ENST00000265593.9	NM_004366.6	CLCN2	MANE Select
ENST00000513761.6	NM_001829.4	CLCN3	MANE Select
ENST00000380833.9	NM_001830.4	CLCN4	MANE Select
ENST00000376091.8	NM_001127898.4	CLCN5	MANE Select
ENST00000346436.11	NM_001286.5	CLCN6	MANE Select
ENST00000382745.9	NM_001287.6	CLCN7	MANE Select
ENST00000331433.5	NM_004070.4	CLCNKA	MANE Select
ENST00000375679.9	NM_000085.5	CLCNKB	MANE Select
ENST00000316403.15	NM_001831.4	CLU	MANE Select
ENST00000375784.8	NM_001288.6	CLIC1	MANE Select
ENST00000369449.7	NM_001289.6	CLIC2	MANE Select
ENST00000321356.9	NM_004071.4	CLK1	MANE Select
ENST00000368361.9	NM_001294338.2	CLK2	MANE Select
ENST00000395066.9	NM_001130028.2	CLK3	MANE Select
ENST00000299427.12	NM_000391.4	TPP1	MANE Select
ENST00000636147.2	NM_001042432.2	CLN3	MANE Select
ENST00000377453.9	NM_006493.4	CLN5	MANE Select
ENST00000525428.6	NM_001293.3	CLNS1A	MANE Select
ENST00000259938.7	NM_001832.4	CLPS	MANE Select
ENST00000337392.10	NM_001294.4	CLPTM1	MANE Select
ENST00000345519.10	NM_001833.4	CLTA	MANE Select
ENST00000310418.9	NM_007097.5	CLTB	MANE Select
ENST00000269122.8	NM_004859.4	CLTC	MANE Select
ENST00000250378.7	NM_001836.5	CMA1	MANE Select
ENST00000296140.4	NM_001295.3	CCR1	MANE Select
ENST00000395940.3	NM_178329.3	CCR3	MANE Select
ENST00000330953.6	NM_005508.5	CCR4	MANE Select
ENST00000292303.5	NM_001394783.1	CCR5	MANE Select
ENST00000341935.10	NM_031409.4	CCR6	MANE Select
ENST00000246657.2	NM_001838.4	CCR7	MANE Select
ENST00000326306.5	NM_005201.4	CCR8	MANE Select
ENST00000422265.6	NM_001296.5	ACKR2	MANE Select
ENST00000550402.6	NM_001142343.2	CMKLR1	MANE Select
ENST00000345363.8	NM_001143919.3	LTB4R	MANE Select
ENST00000647814.1	NM_000392.5	ABCC2	MANE Select
ENST00000251102.13	NM_001297.5	CNGB1	MANE Select
ENST00000514170.7	NM_001379270.1	CNGA1	MANE Select
ENST00000329903.5	NM_005140.3	CNGA2	MANE Select
ENST00000272602.7	NM_001298.3	CNGA3	MANE Select
ENST00000379936.3	NM_001037329.4	CNGA4	MANE Select
ENST00000372201.5	NM_004073.4	PLK3	MANE Select
ENST00000252456.7	NM_001299.6	CNN1	MANE Select
ENST00000263097.9	NM_004368.4	CNN2	MANE Select
ENST00000370206.9	NM_001839.5	CNN3	MANE Select
ENST00000393892.8	NM_033133.5	CNP	MANE Select
ENST00000369501.3	NM_016083.6	CNR1	MANE Select
ENST00000374472.5	NM_001841.3	CNR2	MANE Select
ENST00000361987.6	NM_000614.4	CNTF	MANE Select
ENST00000378980.8	NM_147164.3	CNTFR	MANE Select
ENST00000551295.7	NM_001843.4	CNTN1	MANE Select
ENST00000225964.10	NM_000088.4	COL1A1	MANE Select
ENST00000297268.11	NM_000089.4	COL1A2	MANE Select
ENST00000380518.8	NM_001844.5	COL2A1	MANE Select
ENST00000304636.9	NM_000090.4	COL3A1	MANE Select
ENST00000375820.10	NM_001845.6	COL4A1	MANE Select
ENST00000360467.7	NM_001846.4	COL4A2	MANE Select
ENST00000396578.8	NM_000091.5	COL4A3	MANE Select
ENST00000396625.5	NM_000092.5	COL4A4	MANE Select
ENST00000328300.11	NM_033380.3	COL4A5	MANE Select
ENST00000334504.12	NM_033641.4	COL4A6	MANE Select
ENST00000371817.8	NM_000093.5	COL5A1	MANE Select
ENST00000374866.9	NM_000393.5	COL5A2	MANE Select
ENST00000361866.8	NM_001848.3	COL6A1	MANE Select
ENST00000300527.9	NM_001849.4	COL6A2	MANE Select
ENST00000397763.6	NM_058174.3	COL6A2	MANE Plus Clinical
ENST00000295550.9	NM_004369.4	COL6A3	MANE Select
ENST00000681320.1	NM_000094.4	COL7A1	MANE Select
ENST00000652472.1	NM_020351.4	COL8A1	MANE Select
ENST00000397799.2	NM_005202.4	COL8A2	MANE Select
ENST00000357250.11	NM_001851.6	COL9A1	MANE Select
ENST00000372748.8	NM_001852.4	COL9A2	MANE Select
ENST00000649368.1	NM_001853.4	COL9A3	MANE Select
ENST00000651968.1	NM_000493.4	COL10A1	MANE Select
ENST00000370096.9	NM_001854.4	COL11A1	MANE Select
ENST00000341947.7	NM_080680.3	COL11A2	MANE Select
ENST00000322507.13	NM_004370.6	COL12A1	MANE Select
ENST00000645393.2	NM_001368882.1	COL13A1	MANE Select
ENST00000375001.8	NM_001855.5	COL15A1	MANE Select
ENST00000373672.8	NM_001856.4	COL16A1	MANE Select
ENST00000648076.2	NM_000494.4	COL17A1	MANE Select
ENST00000620364.5	NM_001858.6	COL19A1	MANE Select
ENST00000222271.7	NM_000095.3	COMP	MANE Select
ENST00000361682.11	NM_000754.4	COMT	MANE Select
ENST00000241704.8	NM_004371.4	COPA	MANE Select
ENST00000439561.7	NM_001144061.2	COPB1	MANE Select
ENST00000497571.6	NM_001300.6	KLF6	MANE Select
ENST00000374212.5	NM_001859.4	SLC31A1	MANE Select
ENST00000259392.8	NM_001860.3	SLC31A2	MANE Select
ENST00000377049.4	NM_001302.5	CORT	MANE Select
ENST00000263056.6	NM_005204.4	MAP3K8	MANE Select
ENST00000253452.8	NM_001861.6	COX4I1	MANE Select
ENST00000258424.3	NM_001862.3	COX5B	MANE Select
ENST00000229379.3	NM_004373.4	COX6A1	MANE Select
ENST00000287490.5	NM_005205.4	COX6A2	MANE Select
ENST00000649813.2	NM_001863.5	COX6B1	MANE Select
ENST00000520468.7	NM_004374.4	COX6C	MANE Select
ENST00000292907.8	NM_001864.4	COX7A1	MANE Select
ENST00000684430.2	NM_001366293.2	COX7A2	MANE Select
ENST00000650309.2	NM_001866.3	COX7B	MANE Select
ENST00000247655.4	NM_001867.3	COX7C	MANE Select
ENST00000314133.4	NM_004074.3	COX8A	MANE Select
ENST00000261643.8	NM_001303.4	COX10	MANE Select
ENST00000299335.8	NM_004375.5	COX11	MANE Select
ENST00000016171.6	NM_078470.6	COX15	MANE Select
ENST00000264613.11	NM_000096.4	CP	MANE Select
ENST00000011292.8	NM_001868.4	CPA1	MANE Select
ENST00000222481.9	NM_001869.3	CPA2	MANE Select
ENST00000296046.4	NM_001870.4	CPA3	MANE Select
ENST00000282957.9	NM_001871.3	CPB1	MANE Select
ENST00000181383.10	NM_001872.5	CPB2	MANE Select
ENST00000225719.9	NM_001304.5	CPD	MANE Select
ENST00000402744.9	NM_001873.4	CPE	MANE Select
ENST00000340958.4	NM_001305.5	CLDN4	MANE Select
ENST00000395145.3	NM_001306.4	CLDN3	MANE Select
ENST00000360325.11	NM_001307.6	CLDN7	MANE Select
ENST00000551568.6	NM_198320.5	CPM	MANE Select
ENST00000370418.8	NM_001308.3	CPN1	MANE Select
ENST00000323830.4	NM_001080513.4	CPN2	MANE Select
ENST00000647941.2	NM_000097.7	CPOX	MANE Select
ENST00000233072.10	NM_001875.5	CPS1	MANE Select
ENST00000265641.10	NM_001876.4	CPT1A	MANE Select
ENST00000312108.12	NM_152246.3	CPT1B	MANE Select
ENST00000371486.4	NM_000098.3	CPT2	MANE Select
ENST00000367049.9	NM_000651.6	CR1	MANE Select
ENST00000508064.7	NM_175710.2	CR1L	MANE Select
ENST00000367057.8	NM_001006658.3	CR2	MANE Select
ENST00000299529.7	NM_004378.3	CRABP1	MANE Select
ENST00000368222.8	NM_001878.4	CRABP2	MANE Select
ENST00000318080.7	NM_000755.5	CRAT	MANE Select
ENST00000353267.8	NM_004379.5	CREB1	MANE Select
ENST00000264110.7	NM_001880.4	ATF2	MANE Select
ENST00000262367.10	NM_004380.3	CREBBP	MANE Select
ENST00000375203.8	NM_004381.5	ATF6B	MANE Select
ENST00000228865.3	NM_001310.4	CREBL2	MANE Select
ENST00000685392.1	NM_183011.2	CREM	MANE Select
ENST00000276571.5	NM_000756.4	CRH	MANE Select
ENST00000274368.9	NM_001882.4	CRHBP	MANE Select
ENST00000314537.10	NM_004382.5	CRHR1	MANE Select
ENST00000471646.6	NM_001883.5	CRHR2	MANE Select
ENST00000392531.4	NM_001311.5	CRIP1	MANE Select
ENST00000329146.9	NM_001312.4	CRIP2	MANE Select
ENST00000300574.3	NM_016823.4	CRK	MANE Select
ENST00000354336.8	NM_005207.4	CRKL	MANE Select
ENST00000324989.12	NM_001014809.3	CRMP1	MANE Select
ENST00000255030.9	NM_000567.3	CRP	MANE Select
ENST00000274341.9	NM_001884.4	HAPLN1	MANE Select
ENST00000221996.12	NM_000554.6	CRX	MANE Select
ENST00000008527.10	NM_004075.5	CRY1	MANE Select
ENST00000616080.2	NM_021117.5	CRY2	MANE Select
ENST00000291554.6	NM_000394.4	CRYAA	MANE Select
ENST00000650687.2	NM_001289808.2	CRYAB	MANE Select
ENST00000225387.8	NM_005208.5	CRYBA1	MANE Select
ENST00000295728.7	NM_057093.2	CRYBA2	MANE Select
ENST00000354760.4	NM_001886.3	CRYBA4	MANE Select
ENST00000647684.1	NM_001887.4	CRYBB1	MANE Select
ENST00000398215.3	NM_000496.3	CRYBB2	MANE Select
ENST00000215855.7	NM_004076.5	CRYBB3	MANE Select
ENST00000304502.5	NM_014617.4	CRYGA	MANE Select
ENST00000260988.5	NM_005210.4	CRYGB	MANE Select
ENST00000282141.4	NM_020989.4	CRYGC	MANE Select
ENST00000264376.5	NM_006891.4	CRYGD	MANE Select
ENST00000307944.6	NM_017541.4	CRYGS	MANE Select
ENST00000572914.2	NM_001376256.1	CRYM	MANE Select
ENST00000340866.10	NM_001889.4	CRYZ	MANE Select
ENST00000351328.8	NM_004077.3	CS	MANE Select
ENST00000229794.9	NM_139012.3	MAPK14	MANE Select
ENST00000262982.3	NM_001316.4	CSE1L	MANE Select
ENST00000329608.11	NM_000757.6	CSF1	MANE Select
ENST00000675795.1	NM_001288705.3	CSF1R	MANE Select
ENST00000296871.4	NM_000758.4	CSF2	MANE Select
ENST00000381529.9	NM_172245.4	CSF2RA	MANE Select
ENST00000403662.8	NM_000395.3	CSF2RB	MANE Select
ENST00000394149.8	NM_172219.3	CSF3	MANE Select
ENST00000373106.6	NM_000760.4	CSF3R	MANE Select
ENST00000316193.13	NM_001317.6	CSH1	MANE Select
ENST00000392886.7	NM_020991.4	CSH2	MANE Select
ENST00000309894.6	NM_022579.3	CSHL1	MANE Select
ENST00000220003.14	NM_004383.3	CSK	MANE Select
ENST00000246891.9	NM_001890.2	CSN1S1	MANE Select
ENST00000353151.4	NM_001891.4	CSN2	MANE Select
ENST00000304954.4	NM_001394997.1	CSN3	MANE Select
ENST00000377843.8	NM_001892.6	CSNK1A1	MANE Select
ENST00000314028.11	NM_001893.6	CSNK1D	MANE Select
ENST00000396832.6	NM_152221.3	CSNK1E	MANE Select
ENST00000255641.13	NM_001319.7	CSNK1G2	MANE Select
ENST00000696905.1	NM_001364140.2	CSNK1G3	MANE Select
ENST00000217244.9	NM_177559.3	CSNK2A1	MANE Select
ENST00000262506.8	NM_001896.4	CSNK2A2	MANE Select
ENST00000375882.7	NM_001320.7	CSNK2B	MANE Select
ENST00000265077.8	NM_004385.5	VCAN	MANE Select
ENST00000252575.11	NM_004386.3	NCAN	MANE Select
ENST00000308508.5	NM_001897.5	CSPG4	MANE Select
ENST00000340006.7	NM_004078.3	CSRP1	MANE Select
ENST00000311083.10	NM_001321.3	CSRP2	MANE Select
ENST00000350690.10	NM_012140.5	SLC25A10	MANE Select
ENST00000304749.7	NM_001898.3	CST1	MANE Select
ENST00000304725.3	NM_001322.3	CST2	MANE Select
ENST00000376925.8	NM_000099.4	CST3	MANE Select
ENST00000217423.4	NM_001899.3	CST4	MANE Select
ENST00000304710.5	NM_001900.5	CST5	MANE Select
ENST00000312134.3	NM_001323.4	CST6	MANE Select
ENST00000264474.4	NM_005213.4	CSTA	MANE Select
ENST00000291568.7	NM_000100.4	CSTB	MANE Select
ENST00000217109.9	NM_001324.3	CSTF1	MANE Select
ENST00000372972.7	NM_001325.3	CSTF2	MANE Select
ENST00000323959.9	NM_001326.3	CSTF3	MANE Select
ENST00000329198.5	NM_004387.4	NKX2-5	MANE Select
ENST00000328435.3	NM_001327.3	CTAG1B	MANE Select
ENST00000370630.6	NM_004388.3	CTBS	MANE Select
ENST00000382952.8	NM_001012614.2	CTBP1	MANE Select
ENST00000337195.11	NM_001329.4	CTBP2	MANE Select
ENST00000279804.3	NM_001330.5	CTF1	MANE Select
ENST00000367976.4	NM_001901.4	CCN2	MANE Select
ENST00000370938.8	NM_001902.6	CTH	MANE Select
ENST00000648405.2	NM_005214.5	CTLA4	MANE Select
ENST00000302763.12	NM_001903.5	CTNNA1	MANE Select
ENST00000402739.9	NM_001282597.3	CTNNA2	MANE Select
ENST00000046640.9	NM_004937.3	CTNS	MANE Select
ENST00000349496.11	NM_001904.4	CTNNB1	MANE Select
ENST00000399050.10	NM_001085458.2	CTNND1	MANE Select
ENST00000304623.13	NM_001332.4	CTNND2	MANE Select
ENST00000650070.2	NM_001905.4	CTPS1	MANE Select
ENST00000361017.9	NM_001906.6	CTRB1	MANE Select
ENST00000574481.6	NM_001907.3	CTRL	MANE Select
ENST00000353047.11	NM_001908.5	CTSB	MANE Select
ENST00000236671.7	NM_001909.5	CTSD	MANE Select
ENST00000358184.7	NM_001910.4	CTSE	MANE Select
ENST00000216336.3	NM_001911.3	CTSG	MANE Select
ENST00000220166.10	NM_004390.5	CTSH	MANE Select
ENST00000271651.8	NM_000396.4	CTSK	MANE Select
ENST00000343150.10	NM_001912.5	CTSL	MANE Select
ENST00000259470.6	NM_001333.4	CTSV	MANE Select
ENST00000433477.4	NM_001334.3	CTSO	MANE Select
ENST00000368985.8	NM_004079.5	CTSS	MANE Select
ENST00000307886.8	NM_001335.4	CTSW	MANE Select
ENST00000217131.6	NM_001336.4	CTSZ	MANE Select
ENST00000292535.12	NM_181552.4	CUX1	MANE Select
ENST00000622516.6	NM_001913.5	CUX1	MANE Plus Clinical
ENST00000399220.3	NM_001337.4	CX3CR1	MANE Select
ENST00000284878.12	NM_001338.5	CXADR	MANE Select
ENST00000617225.5	NM_001586.3	TEX28	MANE Select
ENST00000340533.9	NM_148923.4	CYB5A	MANE Select
ENST00000360793.8	NM_001915.4	CYB561	MANE Select
ENST00000261623.8	NM_000101.4	CYBA	MANE Select
ENST00000378588.5	NM_000397.4	CYBB	MANE Select
ENST00000318911.5	NM_001916.5	CYC1	MANE Select
ENST00000329312.5	NM_021118.3	CYLC1	MANE Select
ENST00000374798.8	NM_001340.5	CYLC2	MANE Select
ENST00000427738.8	NM_001378743.1	CYLD	MANE Select
ENST00000379727.8	NM_001319217.2	CYP1A1	MANE Select
ENST00000343932.5	NM_000761.5	CYP1A2	MANE Select
ENST00000610745.5	NM_000104.4	CYP1B1	MANE Select
ENST00000301141.10	NM_000762.6	CYP2A6	MANE Select
ENST00000301146.9	NM_000764.3	CYP2A7	MANE Select
ENST00000336374.4	NM_000765.5	CYP3A7	MANE Select
ENST00000330436.4	NM_000766.5	CYP2A13	MANE Select
ENST00000324071.10	NM_000767.5	CYP2B6	MANE Select
ENST00000371321.9	NM_000769.4	CYP2C19	MANE Select
ENST00000371270.6	NM_000770.3	CYP2C8	MANE Select
ENST00000260682.8	NM_000771.4	CYP2C9	MANE Select
ENST00000285979.11	NM_000772.3	CYP2C18	MANE Select
ENST00000645361.2	NM_000106.6	CYP2D6	MANE Select
ENST00000252945.8	NM_000773.4	CYP2E1	MANE Select
ENST00000331105.7	NM_000774.5	CYP2F1	MANE Select
ENST00000371204.4	NM_000775.4	CYP2J2	MANE Select
ENST00000651514.1	NM_017460.6	CYP3A4	MANE Select
ENST00000222982.8	NM_000777.5	CYP3A5	MANE Select
ENST00000310638.9	NM_000778.4	CYP4A11	MANE Select
ENST00000371923.9	NM_001099772.2	CYP4B1	MANE Select
ENST00000301645.4	NM_000780.4	CYP7A1	MANE Select
ENST00000316161.6	NM_004391.3	CYP8B1	MANE Select
ENST00000268053.11	NM_000781.3	CYP11A1	MANE Select
ENST00000292427.10	NM_000497.4	CYP11B1	MANE Select
ENST00000323110.2	NM_000498.3	CYP11B2	MANE Select
ENST00000369887.4	NM_000102.4	CYP17A1	MANE Select
ENST00000396402.6	NM_000103.4	CYP19A1	MANE Select
ENST00000644719.2	NM_000500.9	CYP21A2	MANE Select
ENST00000216862.8	NM_000782.5	CYP24A1	MANE Select
ENST00000224356.5	NM_000783.4	CYP26A1	MANE Select
ENST00000258415.9	NM_000784.4	CYP27A1	MANE Select
ENST00000228606.9	NM_000785.4	CYP27B1	MANE Select
ENST00000003100.13	NM_000786.4	CYP51A1	MANE Select
ENST00000371236.7	NM_001365792.1	DAB1	MANE Select
ENST00000320816.11	NM_001343.4	DAB2	MANE Select
ENST00000613252.5	NM_080759.6	DACH1	MANE Select
ENST00000250498.9	NM_001344.4	DAD1	MANE Select
ENST00000367064.9	NM_000574.5	CD55	MANE Select
ENST00000308775.7	NM_004393.6	DAG1	MANE Select
ENST00000331886.10	NM_001345.5	DGKA	MANE Select
ENST00000402815.6	NM_001350709.2	DGKB	MANE Select
ENST00000265022.8	NM_001346.3	DGKG	MANE Select
ENST00000273814.8	NM_001347.4	DGKQ	MANE Select
ENST00000228476.8	NM_001917.5	DAO	MANE Select
ENST00000230895.11	NM_004394.3	DAP	MANE Select
ENST00000408954.8	NM_004938.4	DAPK1	MANE Select
ENST00000545797.7	NM_001348.3	DAPK3	MANE Select
ENST00000264161.9	NM_001349.4	DARS1	MANE Select
ENST00000374542.10	NM_001141969.2	DAXX	MANE Select
ENST00000405239.6	NM_004081.7	DAZ1	MANE Select
ENST00000399444.7	NM_001351.4	DAZL	MANE Select
ENST00000265922.8	NM_014618.3	BRINP1	MANE Select
ENST00000393056.8	NM_000787.4	DBH	MANE Select
ENST00000355857.8	NM_001079862.4	DBI	MANE Select
ENST00000393565.6	NM_001363541.2	DBN1	MANE Select
ENST00000222122.10	NM_001352.5	DBP	MANE Select
ENST00000370132.8	NM_001918.5	DBT	MANE Select
ENST00000442544.7	NM_005215.4	DCC	MANE Select
ENST00000301729.9	NM_001919.4	ECI1	MANE Select
ENST00000286648.10	NM_000788.3	DCK	MANE Select
ENST00000052754.10	NM_001920.5	DCN	MANE Select
ENST00000438320.7	NM_001921.3	DCTD	MANE Select
ENST00000290866.10	NM_000789.4	ACE	MANE Select
ENST00000377028.10	NM_001922.5	DCT	MANE Select
ENST00000628224.3	NM_004082.5	DCTN1	MANE Select
ENST00000636035.2	NM_001195553.2	DCX	MANE Select
ENST00000301764.12	NM_001923.5	DDB1	MANE Select
ENST00000256996.9	NM_000107.3	DDB2	MANE Select
ENST00000444124.7	NM_001082971.2	DDC	MANE Select
ENST00000380872.9	NM_001353.6	AKR1C1	MANE Select
ENST00000380753.9	NM_001393392.1	AKR1C2	MANE Select
ENST00000370986.9	NM_001924.4	GADD45A	MANE Select
ENST00000346473.8	NM_004083.6	DDIT3	MANE Select
ENST00000602624.7	NM_005216.5	DDOST	MANE Select
ENST00000398344.9	NM_001084392.3	DDT	MANE Select
ENST00000233084.8	NM_004939.3	DDX1	MANE Select
ENST00000644876.2	NM_001356.5	DDX3X	MANE Select
ENST00000225792.10	NM_004396.5	DDX5	MANE Select
ENST00000534980.7	NM_004397.6	DDX6	MANE Select
ENST00000539542.6	NM_001290321.3	DMXL1	MANE Select
ENST00000262415.8	NM_004941.3	DHX8	MANE Select
ENST00000367549.4	NM_001357.5	DHX9	MANE Select
ENST00000322536.8	NM_004398.4	DDX10	MANE Select
ENST00000542838.6	NM_030653.4	DDX11	MANE Select
ENST00000336812.5	NM_001358.3	DHX15	MANE Select
ENST00000220764.7	NM_001359.2	DECR1	MANE Select
ENST00000382692.3	NM_004084.4	DEFA1	MANE Select
ENST00000327857.7	NM_005217.4	DEFA3	MANE Select
ENST00000297435.3	NM_001925.3	DEFA4	MANE Select
ENST00000330590.4	NM_021010.3	DEFA5	MANE Select
ENST00000297436.3	NM_001926.4	DEFA6	MANE Select
ENST00000297439.4	NM_005218.4	DEFB1	MANE Select
ENST00000302247.3	NM_004942.4	DEFB4A	MANE Select
ENST00000373960.4	NM_001927.4	DES	MANE Select
ENST00000327726.11	NM_001928.4	CFD	MANE Select
ENST00000377038.8	NM_004401.3	DFFA	MANE Select
ENST00000378209.8	NM_004402.4	DFFB	MANE Select
ENST00000372902.4	NM_004085.4	TIMM8A	MANE Select
ENST00000645220.1	NM_001127453.2	GSDME	MANE Select
ENST00000396618.9	NM_004086.3	COCH	MANE Select
ENST00000264093.9	NM_080916.3	DGUOK	MANE Select
ENST00000355527.8	NM_001360.3	DHCR7	MANE Select
ENST00000371269.9	NM_014762.4	DHCR24	MANE Select
ENST00000439211.7	NM_000791.4	DHFR	MANE Select
ENST00000219240.9	NM_001361.5	DHODH	MANE Select
ENST00000210060.12	NM_001930.4	DHPS	MANE Select
ENST00000352397.10	NM_000398.7	CYB5R3	MANE Select
ENST00000320623.10	NM_000903.3	NQO1	MANE Select
ENST00000389054.8	NM_005219.5	DIAPH1	MANE Select
ENST00000324765.13	NM_006729.5	DIAPH2	MANE Select
ENST00000321367.8	NM_001365977.2	SEPTIN1	MANE Select
ENST00000361921.8	NM_000792.7	DIO1	MANE Select
ENST00000438257.9	NM_013989.5	DIO2	MANE Select
ENST00000510508.5	NM_001362.4	DIO3	MANE Select
ENST00000369550.10	NM_001363.5	DKC1	MANE Select
ENST00000280346.11	NM_001931.5	DLAT	MANE Select
ENST00000205402.10	NM_000108.5	DLD	MANE Select
ENST00000667157.1	NM_001366207.1	DLG1	MANE Select
ENST00000376104.7	NM_001142699.3	DLG2	MANE Select
ENST00000374360.8	NM_021120.4	DLG3	MANE Select
ENST00000399506.9	NM_001321075.3	DLG4	MANE Select
ENST00000648172.9	NM_001365.5	DLG4	MANE Plus Clinical
ENST00000334220.9	NM_001933.5	DLST	MANE Select
ENST00000361725.5	NM_178120.5	DLX1	MANE Select
ENST00000234198.9	NM_004405.4	DLX2	MANE Select
ENST00000434704.2	NM_005220.3	DLX3	MANE Select
ENST00000240306.5	NM_138281.3	DLX4	MANE Select
ENST00000648378.1	NM_005221.6	DLX5	MANE Select
ENST00000518156.3	NM_005222.4	DLX6	MANE Select
ENST00000338354.10	NM_001377530.1	DMBT1	MANE Select
ENST00000357033.9	NM_004006.3	DMD	MANE Select
ENST00000439388.6	NM_001134707.2	SARDH	MANE Select
ENST00000339673.11	NM_004407.4	DMP1	MANE Select
ENST00000372923.8	NM_004408.4	DNM1	MANE Select
ENST00000486160.4	NM_001288739.2	DNM1	MANE Plus Clinical
ENST00000291270.9	NM_004409.5	DMPK	MANE Select
ENST00000382276.8	NM_021951.3	DMRT1	MANE Select
ENST00000270223.7	NM_004943.2	DMWD	MANE Select
ENST00000358410.8	NM_001080449.3	DNA2	MANE Select
ENST00000265104.5	NM_001369.3	DNAH5	MANE Select
ENST00000389394.8	NM_001370.2	DNAH6	MANE Select
ENST00000327475.11	NM_001206927.2	DNAH8	MANE Select
ENST00000262442.9	NM_001372.4	DNAH9	MANE Select
ENST00000246949.10	NM_005223.4	DNASE1	MANE Select
ENST00000369807.6	NM_001303620.2	DNASE1L1	MANE Select
ENST00000320700.10	NM_001374.3	DNASE1L2	MANE Select
ENST00000394549.7	NM_004944.4	DNASE1L3	MANE Select
ENST00000222219.8	NM_001375.3	DNASE2	MANE Select
ENST00000360184.10	NM_001376.5	DYNC1H1	MANE Select
ENST00000447467.6	NM_001135556.2	DYNC1I1	MANE Select
ENST00000397119.8	NM_001378.3	DYNC1I2	MANE Select
ENST00000258198.7	NM_006141.3	DYNC1LI2	MANE Select
ENST00000389253.9	NM_001005361.3	DNM2	MANE Select
ENST00000359526.9	NM_001130823.3	DNMT1	MANE Select
ENST00000377799.8	NM_004412.7	TRDMT1	MANE Select
ENST00000321117.10	NM_022552.5	DNMT3A	MANE Select
ENST00000328111.6	NM_006892.4	DNMT3B	MANE Select
ENST00000371174.5	NM_004088.4	DNTT	MANE Select
ENST00000623213.2	NM_001290223.2	DOCK1	MANE Select
ENST00000520908.7	NM_004946.3	DOCK2	MANE Select
ENST00000266037.10	NM_004947.5	DOCK3	MANE Select
ENST00000233668.10	NM_001381.5	DOK1	MANE Select
ENST00000337523.10	NM_005510.4	DXO	MANE Select
ENST00000354202.9	NM_001382.4	DPAGT1	MANE Select
ENST00000690203.1	NM_001389466.1	DPEP1	MANE Select
ENST00000263083.12	NM_001383.6	DPH1	MANE Select
ENST00000255108.8	NM_001384.5	DPH2	MANE Select
ENST00000360534.8	NM_001935.4	DPP4	MANE Select
ENST00000377770.8	NM_130797.4	DPP6	MANE Select
ENST00000367817.4	NM_001937.5	DPT	MANE Select
ENST00000370192.8	NM_000110.4	DPYD	MANE Select
ENST00000351513.7	NM_001385.3	DPYS	MANE Select
ENST00000521913.7	NM_001197293.3	DPYSL2	MANE Select
ENST00000343218.10	NM_001197294.2	DPYSL3	MANE Select
ENST00000370272.9	NM_001938.3	DR1	MANE Select
ENST00000340010.10	NM_000111.3	SLC26A3	MANE Select
ENST00000393752.3	NM_000794.5	DRD1	MANE Select
ENST00000362072.8	NM_000795.4	DRD2	MANE Select
ENST00000383673.5	NM_000796.6	DRD3	MANE Select
ENST00000176183.6	NM_000797.4	DRD4	MANE Select
ENST00000304374.4	NM_000798.5	DRD5	MANE Select
ENST00000225729.8	NM_001388.5	DRG2	MANE Select
ENST00000263620.8	NM_005224.3	ARID3A	MANE Select
ENST00000395209.8	NM_001939.3	DRP2	MANE Select
ENST00000396684.3	NM_001940.4	ATN1	MANE Select
ENST00000257198.6	NM_024421.2	DSC1	MANE Select
ENST00000280904.11	NM_024422.6	DSC2	MANE Select
ENST00000360428.9	NM_001941.5	DSC3	MANE Select
ENST00000400454.6	NM_001389.5	DSCAM	MANE Select
ENST00000313806.9	NM_004414.7	RCAN1	MANE Select
ENST00000257192.5	NM_001942.4	DSG1	MANE Select
ENST00000261590.13	NM_001943.5	DSG2	MANE Select
ENST00000257189.5	NM_001944.3	DSG3	MANE Select
ENST00000372383.9	NM_198057.3	TSC22D3	MANE Select
ENST00000379802.8	NM_004415.4	DSP	MANE Select
ENST00000261172.8	NM_004950.5	EPYC	MANE Select
ENST00000651931.1	NM_014208.3	DSPP	MANE Select
ENST00000286298.5	NM_000112.4	SLC26A2	MANE Select
ENST00000444659.6	NM_001386795.1	DTNA	MANE Select
ENST00000406818.8	NM_021907.5	DTNB	MANE Select
ENST00000230990.7	NM_001945.3	HBEGF	MANE Select
ENST00000548759.2	NM_004416.3	DTX1	MANE Select
ENST00000305784.7	NM_012145.4	DTYMK	MANE Select
ENST00000344604.10	NM_001393.4	ECM2	MANE Select
ENST00000239223.4	NM_004417.4	DUSP1	MANE Select
ENST00000288943.5	NM_004418.4	DUSP2	MANE Select
ENST00000226004.8	NM_004090.4	DUSP3	MANE Select
ENST00000240100.7	NM_001394.7	DUSP4	MANE Select
ENST00000369583.4	NM_004419.4	DUSP5	MANE Select
ENST00000279488.8	NM_001946.4	DUSP6	MANE Select
ENST00000495880.2	NM_001947.4	DUSP7	MANE Select
ENST00000397374.8	NM_004420.3	DUSP8	MANE Select
ENST00000342782.4	NM_001318503.2	DUSP9	MANE Select
ENST00000331200.8	NM_001025248.2	DUT	MANE Select
ENST00000378888.10	NM_001330311.2	DVL1	MANE Select
ENST00000005340.10	NM_004422.3	DVL2	MANE Select
ENST00000313143.9	NM_004423.4	DVL3	MANE Select
ENST00000647188.2	NM_001347721.2	DYRK1A	MANE Select
ENST00000351698.5	NM_000113.3	TOR1A	MANE Select
ENST00000343380.6	NM_005225.3	E2F1	MANE Select
ENST00000361729.3	NM_004091.4	E2F2	MANE Select
ENST00000346618.8	NM_001949.5	E2F3	MANE Select
ENST00000379378.8	NM_001950.4	E2F4	MANE Select
ENST00000416274.7	NM_001951.4	E2F5	MANE Select
ENST00000381525.8	NM_198256.4	E2F6	MANE Select
ENST00000301727.9	NM_004424.5	E4F1	MANE Select
ENST00000313708.11	NM_024007.5	EBF1	MANE Select
ENST00000376414.5	NM_004951.5	GPR183	MANE Select
ENST00000374893.11	NM_001397.3	ECE1	MANE Select
ENST00000252029.8	NM_001953.5	TYMP	MANE Select
ENST00000221418.9	NM_001398.3	ECH1	MANE Select
ENST00000368547.4	NM_004092.4	ECHS1	MANE Select
ENST00000369047.9	NM_004425.4	ECM1	MANE Select
ENST00000392692.8	NM_001258315.2	ECT2	MANE Select
ENST00000374552.9	NM_001399.5	EDA	MANE Select
ENST00000305352.7	NM_001400.5	S1PR1	MANE Select
ENST00000683809.1	NM_001351411.2	LPAR1	MANE Select
ENST00000358157.3	NM_005226.4	S1PR3	MANE Select
ENST00000379375.6	NM_001955.5	EDN1	MANE Select
ENST00000372587.5	NM_001956.5	EDN2	MANE Select
ENST00000337938.7	NM_207034.3	EDN3	MANE Select
ENST00000651419.1	NM_001957.4	EDNRA	MANE Select
ENST00000646607.2	NM_001122659.3	EDNRB	MANE Select
ENST00000544916.6	NM_004426.3	PHC1	MANE Select
ENST00000683057.1	NM_001385109.1	PHC2	MANE Select
ENST00000309268.11	NM_001402.6	EEF1A1	MANE Select
ENST00000217182.6	NM_001958.5	EEF1A2	MANE Select
ENST00000392222.7	NM_001959.4	EEF1B2	MANE Select
ENST00000618139.4	NM_001130053.5	EEF1D	MANE Select
ENST00000329251.5	NM_001404.5	EEF1G	MANE Select
ENST00000309311.7	NM_001961.4	EEF2	MANE Select
ENST00000271764.7	NM_006893.3	EIF2D	MANE Select
ENST00000368407.8	NM_004428.3	EFNA1	MANE Select
ENST00000215368.4	NM_001405.4	EFNA2	MANE Select
ENST00000368408.4	NM_004952.5	EFNA3	MANE Select
ENST00000368409.8	NM_005227.3	EFNA4	MANE Select
ENST00000333274.11	NM_001962.3	EFNA5	MANE Select
ENST00000204961.5	NM_004429.5	EFNB1	MANE Select
ENST00000646441.1	NM_004093.4	EFNB2	MANE Select
ENST00000226091.3	NM_001406.4	EFNB3	MANE Select
ENST00000265171.10	NM_001963.6	EGF	MANE Select
ENST00000164024.5	NM_001407.3	CELSR3	MANE Select
ENST00000271332.4	NM_001408.3	CELSR2	MANE Select
ENST00000356575.9	NM_001409.4	MEGF6	MANE Select
ENST00000251268.11	NM_001271938.2	MEGF8	MANE Select
ENST00000373930.4	NM_001080497.3	MEGF9	MANE Select
ENST00000275493.7	NM_005228.5	EGFR	MANE Select
ENST00000239938.5	NM_001964.3	EGR1	MANE Select
ENST00000242480.4	NM_000399.5	EGR2	MANE Select
ENST00000317216.3	NM_004430.3	EGR3	MANE Select
ENST00000436467.4	NM_001965.4	EGR4	MANE Select
ENST00000231887.8	NM_001966.4	EHHADH	MANE Select
ENST00000379607.10	NM_001412.4	EIF1AX	MANE Select
ENST00000256383.11	NM_004094.5	EIF2S1	MANE Select
ENST00000424014.7	NM_001414.4	EIF2B1	MANE Select
ENST00000253039.9	NM_001415.4	EIF2S3	MANE Select
ENST00000358432.8	NM_004431.5	EPHA2	MANE Select
ENST00000293831.13	NM_001416.4	EIF4A1	MANE Select
ENST00000323963.10	NM_001967.4	EIF4A2	MANE Select
ENST00000262056.14	NM_001417.7	EIF4B	MANE Select
ENST00000450253.7	NM_001968.5	EIF4E	MANE Select
ENST00000338825.5	NM_004095.4	EIF4EBP1	MANE Select
ENST00000373218.5	NM_004096.5	EIF4EBP2	MANE Select
ENST00000346169.7	NM_198241.3	EIF4G1	MANE Select
ENST00000339995.11	NM_001418.4	EIF4G2	MANE Select
ENST00000216554.8	NM_001969.5	EIF5	MANE Select
ENST00000336458.13	NM_001970.5	EIF5A	MANE Select
ENST00000293636.2	NM_001971.6	CELA1	MANE Select
ENST00000263621.2	NM_001972.4	ELANE	MANE Select
ENST00000380739.6	NM_030666.4	SERPINB1	MANE Select
ENST00000397312.7	NM_004432.5	ELAVL2	MANE Select
ENST00000407627.7	NM_001419.3	ELAVL1	MANE Select
ENST00000359227.8	NM_001420.4	ELAVL3	MANE Select
ENST00000371824.7	NM_001144774.3	ELAVL4	MANE Select
ENST00000239882.7	NM_172373.4	ELF1	MANE Select
ENST00000686138.1	NM_001331036.3	ELF2	MANE Select
ENST00000367284.10	NM_004433.5	ELF3	MANE Select
ENST00000308167.10	NM_001421.4	ELF4	MANE Select
ENST00000257832.7	NM_001422.4	ELF5	MANE Select
ENST00000376983.8	NM_001114123.3	ELK1	MANE Select
ENST00000228741.8	NM_005230.4	ELK3	MANE Select
ENST00000357992.9	NM_001973.4	ELK4	MANE Select
ENST00000252034.12	NM_000501.4	ELN	MANE Select
ENST00000262233.11	NM_004434.3	EML1	MANE Select
ENST00000369842.9	NM_000117.3	EMD	MANE Select
ENST00000402010.8	NM_001039469.3	MARK2	MANE Select
ENST00000256951.10	NM_001423.3	EMP1	MANE Select
ENST00000359543.8	NM_001424.6	EMP2	MANE Select
ENST00000270221.11	NM_001425.3	EMP3	MANE Select
ENST00000312053.9	NM_001974.5	ADGRE1	MANE Select
ENST00000258106.11	NM_004097.3	EMX1	MANE Select
ENST00000301843.13	NM_005231.4	CTTN	MANE Select
ENST00000553456.5	NM_004098.4	EMX2	MANE Select
ENST00000295206.7	NM_001426.4	EN1	MANE Select
ENST00000297375.4	NM_001427.4	EN2	MANE Select
ENST00000372642.5	NM_004435.2	ENDOG	MANE Select
ENST00000373203.9	NM_001114753.3	ENG	MANE Select
ENST00000234590.10	NM_001428.5	ENO1	MANE Select
ENST00000229277.6	NM_001975.3	ENO2	MANE Select
ENST00000519602.6	NM_053013.4	ENO3	MANE Select
ENST00000265162.10	NM_001977.4	ENPEP	MANE Select
ENST00000369014.10	NM_004436.4	ENSA	MANE Select
ENST00000371755.9	NM_001372327.1	SLC29A1	MANE Select
ENST00000263253.9	NM_001429.4	EP300	MANE Select
ENST00000263734.5	NM_001430.5	EPAS1	MANE Select
ENST00000343067.9	NM_001376013.1	EPB41	MANE Select
ENST00000338074.7	NM_012156.2	EPB41L1	MANE Select
ENST00000337057.8	NM_001431.4	EPB41L2	MANE Select
ENST00000441366.7	NM_001114134.2	EPB42	MANE Select
ENST00000358242.6	NM_001387751.1	DMTN	MANE Select
ENST00000286713.7	NM_004099.6	STOM	MANE Select
ENST00000275815.4	NM_005232.5	EPHA1	MANE Select
ENST00000336596.7	NM_005233.6	EPHA3	MANE Select
ENST00000281821.7	NM_004438.5	EPHA4	MANE Select
ENST00000613740.5	NM_001281766.3	EPHA5	MANE Select
ENST00000369303.9	NM_004440.4	EPHA7	MANE Select
ENST00000166244.8	NM_020526.5	EPHA8	MANE Select
ENST00000398015.8	NM_004441.5	EPHB1	MANE Select
ENST00000374630.8	NM_017449.5	EPHB2	MANE Select
ENST00000330394.3	NM_004443.4	EPHB3	MANE Select
ENST00000358173.8	NM_004444.5	EPHB4	MANE Select
ENST00000652003.1	NM_004445.6	EPHB6	MANE Select
ENST00000272167.10	NM_001136018.4	EPHX1	MANE Select
ENST00000521400.6	NM_001979.6	EPHX2	MANE Select
ENST00000392373.7	NM_194356.4	STX2	MANE Select
ENST00000331222.6	NM_018941.4	CLN8	MANE Select
ENST00000252723.3	NM_000799.4	EPO	MANE Select
ENST00000222139.11	NM_000121.4	EPOR	MANE Select
ENST00000366923.8	NM_004446.3	EPRS1	MANE Select
ENST00000281172.10	NM_004447.6	EPS8	MANE Select
ENST00000371733.8	NM_001981.3	EPS15	MANE Select
ENST00000291442.4	NM_005234.4	NR2F6	MANE Select
ENST00000269571.10	NM_004448.4	ERBB2	MANE Select
ENST00000267101.8	NM_001982.4	ERBB3	MANE Select
ENST00000342788.9	NM_005235.3	ERBB4	MANE Select
ENST00000300853.8	NM_001983.4	ERCC1	MANE Select
ENST00000391945.10	NM_000400.4	ERCC2	MANE Select
ENST00000244869.3	NM_001432.3	EREG	MANE Select
ENST00000355286.12	NM_004100.5	EYA4	MANE Select
ENST00000285398.7	NM_000122.2	ERCC3	MANE Select
ENST00000311895.8	NM_005236.3	ERCC4	MANE Select
ENST00000652225.2	NM_000123.4	ERCC5	MANE Select
ENST00000355832.10	NM_000124.4	ERCC6	MANE Select
ENST00000447839.7	NM_001277058.2	ERCC6	MANE Plus Clinical
ENST00000222329.9	NM_006494.4	ERF	MANE Select
ENST00000288319.12	NM_182918.4	ERG	MANE Select
ENST00000557016.6	NM_004450.3	ERH	MANE Select
ENST00000433197.4	NM_001433.5	ERN1	MANE Select
ENST00000394323.3	NM_001007253.4	ERV3-1	MANE Select
ENST00000221801.8	NM_001436.4	FBL	MANE Select
ENST00000378720.8	NM_001984.2	ESD	MANE Select
ENST00000206249.8	NM_000125.4	ESR1	MANE Select
ENST00000341099.6	NM_001437.3	ESR2	MANE Select
ENST00000000442.11	NM_004451.5	ESRRA	MANE Select
ENST00000644823.1	NM_001379180.1	ESRRB	MANE Select
ENST00000408911.8	NM_001438.4	ESRRG	MANE Select
ENST00000360541.10	NM_004730.4	ETF1	MANE Select
ENST00000557943.6	NM_000126.4	ETFA	MANE Select
ENST00000309244.9	NM_001985.3	ETFB	MANE Select
ENST00000511912.6	NM_004453.4	ETFDH	MANE Select
ENST00000392668.8	NM_001143820.2	ETS1	MANE Select
ENST00000360938.8	NM_005239.6	ETS2	MANE Select
ENST00000430479.6	NM_004956.5	ETV1	MANE Select
ENST00000402764.6	NM_014209.4	ETV2	MANE Select
ENST00000368192.9	NM_001145312.3	ETV3	MANE Select
ENST00000319349.10	NM_001079675.5	ETV4	MANE Select
ENST00000306376.10	NM_004454.3	ETV5	MANE Select
ENST00000396373.9	NM_001987.5	ETV6	MANE Select
ENST00000264956.11	NM_153717.3	EVC	MANE Select
ENST00000651503.2	NM_004991.4	MECOM	MANE Select
ENST00000462804.3	NM_014210.4	EVI2A	MANE Select
ENST00000330927.5	NM_006495.4	EVI2B	MANE Select
ENST00000301607.8	NM_001988.4	EVPL	MANE Select
ENST00000496902.7	NM_001989.5	EVX1	MANE Select
ENST00000397938.7	NM_005243.4	EWSR1	MANE Select
ENST00000378204.7	NM_000127.3	EXT1	MANE Select
ENST00000533608.7	NM_207122.2	EXT2	MANE Select
ENST00000374280.4	NM_004455.3	EXTL1	MANE Select
ENST00000370114.8	NM_001033025.3	EXTL2	MANE Select
ENST00000220562.9	NM_001440.4	EXTL3	MANE Select
ENST00000340726.8	NM_000503.6	EYA1	MANE Select
ENST00000327619.10	NM_005244.5	EYA2	MANE Select
ENST00000373871.8	NM_001990.4	EYA3	MANE Select
ENST00000428826.7	NM_001991.5	EZH1	MANE Select
ENST00000320356.7	NM_004456.5	EZH2	MANE Select
ENST00000311907.10	NM_000506.5	F2	MANE Select
ENST00000319211.5	NM_001992.5	F2R	MANE Select
ENST00000296677.5	NM_005242.6	F2RL1	MANE Select
ENST00000296641.5	NM_004101.4	F2RL2	MANE Select
ENST00000334047.12	NM_001993.5	F3	MANE Select
ENST00000367797.9	NM_000130.5	F5	MANE Select
ENST00000346342.8	NM_019616.4	F7	MANE Select
ENST00000375581.4	NM_000131.5	F7	MANE Plus Clinical
ENST00000360256.9	NM_000132.4	F8	MANE Select
ENST00000218099.7	NM_000133.4	F9	MANE Select
ENST00000375559.8	NM_000504.4	F10	MANE Select
ENST00000403665.7	NM_000128.4	F11	MANE Select
ENST00000253496.4	NM_000505.4	F12	MANE Select
ENST00000264870.8	NM_000129.4	F13A1	MANE Select
ENST00000367412.2	NM_001994.3	F13B	MANE Select
ENST00000243167.9	NM_001441.3	FAAH	MANE Select
ENST00000256104.5	NM_001442.3	FABP4	MANE Select
ENST00000295834.8	NM_001443.3	FABP1	MANE Select
ENST00000274024.4	NM_000134.4	FABP2	MANE Select
ENST00000373713.7	NM_004102.5	FABP3	MANE Select
ENST00000297258.11	NM_001444.3	FABP5	MANE Select
ENST00000402432.4	NM_001445.3	FABP6	MANE Select
ENST00000368444.8	NM_001446.5	FABP7	MANE Select
ENST00000389301.8	NM_000135.4	FANCA	MANE Select
ENST00000289081.8	NM_000136.3	FANCC	MANE Select
ENST00000675286.1	NM_001018115.3	FANCD2	MANE Select
ENST00000229769.3	NM_021922.3	FANCE	MANE Select
ENST00000281455.7	NM_001995.5	ACSL1	MANE Select
ENST00000357430.8	NM_004457.5	ACSL3	MANE Select
ENST00000672401.1	NM_001318510.2	ACSL4	MANE Select
ENST00000561421.6	NM_000137.4	FAH	MANE Select
ENST00000346049.10	NM_173176.3	PTK2B	MANE Select
ENST00000306378.11	NM_182641.4	BPTF	MANE Select
ENST00000650831.1	NM_001018113.3	FANCB	MANE Select
ENST00000327470.6	NM_022725.4	FANCF	MANE Select
ENST00000378643.8	NM_004629.2	FANCG	MANE Select
ENST00000188790.9	NM_004460.5	FAP	MANE Select
ENST00000327858.11	NM_006486.3	FBLN1	MANE Select
ENST00000314606.9	NM_004461.3	FARSA	MANE Select
ENST00000306749.4	NM_004104.5	FASN	MANE Select
ENST00000441802.7	NM_005245.4	FAT1	MANE Select
ENST00000261800.6	NM_001447.3	FAT2	MANE Select
ENST00000529639.6	NM_001997.5	FAU	MANE Select
ENST00000404922.8	NM_001004019.2	FBLN2	MANE Select
ENST00000316623.10	NM_000138.5	FBN1	MANE Select
ENST00000262464.9	NM_001999.4	FBN2	MANE Select
ENST00000355426.8	NM_001039348.3	EFEMP1	MANE Select
ENST00000375326.9	NM_000507.4	FBP1	MANE Select
ENST00000355524.8	NM_002000.4	FCAR	MANE Select
ENST00000693622.1	NM_001387280.1	FCER1A	MANE Select
ENST00000278888.8	NM_000139.5	MS4A2	MANE Select
ENST00000289902.2	NM_004106.2	FCER1G	MANE Select
ENST00000597921.6	NM_001220500.2	FCER2	MANE Select
ENST00000369168.5	NM_000566.4	FCGR1A	MANE Select
ENST00000271450.12	NM_001136219.3	FCGR2A	MANE Select
ENST00000358671.10	NM_001394477.1	FCGR2B	MANE Select
ENST00000443193.6	NM_000569.8	FCGR3A	MANE Select
ENST00000650385.1	NM_001244753.2	FCGR3B	MANE Select
ENST00000221466.10	NM_001136019.3	FCGRT	MANE Select
ENST00000357998.10	NM_001079802.2	FKTN	MANE Select
ENST00000371806.4	NM_002003.5	FCN1	MANE Select
ENST00000291744.11	NM_004108.3	FCN2	MANE Select
ENST00000220584.9	NM_004462.5	FDFT1	MANE Select
ENST00000368356.9	NM_002004.4	FDPS	MANE Select
ENST00000260270.3	NM_004109.5	FDX1	MANE Select
ENST00000293195.10	NM_024417.5	FDXR	MANE Select
ENST00000262093.11	NM_000140.5	FECH	MANE Select
ENST00000305885.3	NM_004111.6	FEN1	MANE Select
ENST00000370828.4	NM_001448.3	GPC4	MANE Select
ENST00000281092.9	NM_005246.4	FER	MANE Select
ENST00000328850.8	NM_002005.4	FES	MANE Select
ENST00000403106.8	NM_021871.4	FGA	MANE Select
ENST00000302068.9	NM_005141.5	FGB	MANE Select
ENST00000375135.4	NM_004463.3	FGD1	MANE Select
ENST00000337706.7	NM_000800.5	FGF1	MANE Select
ENST00000644866.2	NM_001361665.2	FGF2	MANE Select
ENST00000334134.4	NM_005247.4	FGF3	MANE Select
ENST00000168712.3	NM_002007.4	FGF4	MANE Select
ENST00000312465.12	NM_004464.4	FGF5	MANE Select
ENST00000228837.3	NM_020996.3	FGF6	MANE Select
ENST00000267843.9	NM_002009.4	FGF7	MANE Select
ENST00000320185.7	NM_033163.5	FGF8	MANE Select
ENST00000382353.6	NM_002010.3	FGF9	MANE Select
ENST00000264664.5	NM_004465.2	FGF10	MANE Select
ENST00000293829.9	NM_004112.4	FGF11	MANE Select
ENST00000445105.7	NM_004113.6	FGF12	MANE Select
ENST00000315930.11	NM_004114.5	FGF13	MANE Select
ENST00000376131.9	NM_175929.3	FGF14	MANE Plus Clinical
ENST00000376143.5	NM_004115.4	FGF14	MANE Select
ENST00000447712.7	NM_023110.3	FGFR1	MANE Select
ENST00000440486.8	NM_000142.5	FGFR3	MANE Select
ENST00000377067.9	NM_004466.6	GPC5	MANE Select
ENST00000358487.10	NM_000141.5	FGFR2	MANE Select
ENST00000457416.7	NM_022970.4	FGFR2	MANE Plus Clinical
ENST00000292408.9	NM_213647.3	FGFR4	MANE Select
ENST00000336098.8	NM_021870.3	FGG	MANE Select
ENST00000427924.5	NM_004467.4	FGL1	MANE Select
ENST00000374005.8	NM_005248.3	FGR	MANE Select
ENST00000366560.4	NM_000143.4	FH	MANE Select
ENST00000492590.6	NM_002012.4	FHIT	MANE Select
ENST00000370683.6	NM_001159699.2	FHL1	MANE Select
ENST00000394155.8	NM_001159702.3	FHL1	MANE Plus Clinical
ENST00000530340.6	NM_001318895.3	FHL2	MANE Select
ENST00000373016.4	NM_004468.5	FHL3	MANE Select
ENST00000297904.4	NM_004469.5	VEGFD	MANE Select
ENST00000400137.9	NM_000801.5	FKBP1A	MANE Select
ENST00000380986.9	NM_004116.5	FKBP1B	MANE Select
ENST00000309366.9	NM_004470.4	FKBP2	MANE Select
ENST00000396062.4	NM_002013.4	FKBP3	MANE Select
ENST00000001008.6	NM_002014.4	FKBP4	MANE Select
ENST00000357266.9	NM_004117.4	FKBP5	MANE Select
ENST00000313071.7	NM_005249.5	FOXG1	MANE Select
ENST00000262426.6	NM_001451.3	FOXF1	MANE Select
ENST00000645481.2	NM_001452.2	FOXF2	MANE Select
ENST00000645831.2	NM_001453.3	FOXC1	MANE Select
ENST00000615637.3	NM_004472.3	FOXD1	MANE Select
ENST00000382500.4	NM_207305.5	FOXD4	MANE Select
ENST00000306268.8	NM_012188.5	FOXI1	MANE Select
ENST00000320241.5	NM_005250.3	FOXL1	MANE Select
ENST00000335071.4	NM_012186.3	FOXE3	MANE Select
ENST00000322957.7	NM_001454.4	FOXJ1	MANE Select
ENST00000649859.1	NM_005251.3	FOXC2	MANE Select
ENST00000375123.5	NM_004473.4	FOXE1	MANE Select
ENST00000359843.8	NM_021953.4	FOXM1	MANE Select
ENST00000334793.6	NM_004474.4	FOXD2	MANE Select
ENST00000375978.5	NM_004118.4	FOXS1	MANE Select
ENST00000379561.6	NM_002015.4	FOXO1	MANE Select
ENST00000406360.2	NM_001455.4	FOXO3	MANE Select
ENST00000395675.7	NM_001368135.1	FOXO3B	MANE Select
ENST00000368799.2	NM_002016.2	FLG	MANE Select
ENST00000527786.7	NM_002017.5	FLI1	MANE Select
ENST00000327031.9	NM_002018.4	FLII	MANE Select
ENST00000381477.8	NM_005511.2	MLANA	MANE Select
ENST00000369850.10	NM_001110556.2	FLNA	MANE Select
ENST00000295956.9	NM_001457.4	FLNB	MANE Select
ENST00000325888.13	NM_001458.5	FLNC	MANE Select
ENST00000394908.9	NM_004475.3	FLOT2	MANE Select
ENST00000282397.9	NM_002019.4	FLT1	MANE Select
ENST00000241453.12	NM_004119.3	FLT3	MANE Select
ENST00000597551.6	NM_001459.4	FLT3LG	MANE Select
ENST00000261937.11	NM_182925.5	FLT4	MANE Select
ENST00000617670.6	NM_001282693.2	FMO1	MANE Select
ENST00000209929.10	NM_001460.5	FMO2	MANE Select
ENST00000367755.9	NM_001002294.3	FMO3	MANE Select
ENST00000367749.4	NM_002022.3	FMO4	MANE Select
ENST00000254090.9	NM_001461.4	FMO5	MANE Select
ENST00000354955.5	NM_002023.5	FMOD	MANE Select
ENST00000370475.9	NM_002024.6	FMR1	MANE Select
ENST00000370460.7	NM_002025.4	AFF2	MANE Select
ENST00000354785.11	NM_212482.4	FN1	MANE Select
ENST00000302279.8	NM_002027.3	FNTA	MANE Select
ENST00000246166.3	NM_002028.4	FNTB	MANE Select
ENST00000256999.7	NM_004476.3	FOLH1	MANE Select
ENST00000393676.5	NM_016729.3	FOLR1	MANE Select
ENST00000298223.11	NM_000803.5	FOLR2	MANE Select
ENST00000611028.3	NM_000804.4	FOLR3	MANE Select
ENST00000303562.9	NM_005252.4	FOS	MANE Select
ENST00000353609.8	NM_006732.3	FOSB	MANE Select
ENST00000264716.9	NM_005253.4	FOSL2	MANE Select
ENST00000373247.7	NM_004957.6	FPGS	MANE Select
ENST00000304748.5	NM_002029.4	FPR1	MANE Select
ENST00000340023.7	NM_001005738.2	FPR2	MANE Select
ENST00000339223.5	NM_002030.5	FPR3	MANE Select
ENST00000484259.3	NM_000144.5	FXN	MANE Select
ENST00000606080.2	NM_002031.3	FRK	MANE Select
ENST00000361445.9	NM_004958.4	MTOR	MANE Select
ENST00000226798.9	NM_004477.3	FRG1	MANE Select
ENST00000295113.5	NM_001463.4	FRZB	MANE Select
ENST00000533718.2	NM_001382289.1	FSHB	MANE Select
ENST00000682095.1	NM_001386188.2	CENPI	MANE Select
ENST00000406846.7	NM_000145.4	FSHR	MANE Select
ENST00000367362.8	NM_205860.3	NR5A2	MANE Select
ENST00000273550.12	NM_002032.3	FTH1	MANE Select
ENST00000331825.11	NM_000146.4	FTL	MANE Select
ENST00000265708.9	NM_001464.5	ADAM2	MANE Select
ENST00000373588.9	NM_004959.5	NR5A1	MANE Select
ENST00000374479.4	NM_000147.5	FUCA1	MANE Select
ENST00000002165.11	NM_032020.5	FUCA2	MANE Select
ENST00000329402.4	NM_000805.5	GAST	MANE Select
ENST00000254108.12	NM_004960.4	FUS	MANE Select
ENST00000645652.2	NM_001384359.1	FUT1	MANE Select
ENST00000425340.3	NM_000511.6	FUT2	MANE Select
ENST00000709635.1	NM_001097639.3	FUT3	MANE Select
ENST00000358752.4	NM_002033.4	FUT4	MANE Select
ENST00000588525.1	NM_002034.2	FUT5	MANE Select
ENST00000318336.10	NM_000150.4	FUT6	MANE Select
ENST00000314412.7	NM_004479.4	FUT7	MANE Select
ENST00000673929.1	NM_001371533.1	FUT8	MANE Select
ENST00000645214.2	NM_002035.4	KDSR	MANE Select
ENST00000368122.4	NM_002036.4	ACKR1	MANE Select
ENST00000512982.4	NM_001465.6	FYB1	MANE Select
ENST00000354650.7	NM_002037.5	FYN	MANE Select
ENST00000315323.5	NM_001466.4	FZD2	MANE Select
ENST00000361157.11	NM_002038.4	IFI6	MANE Select
ENST00000253801.7	NM_000151.4	G6PC1	MANE Select
ENST00000393562.10	NM_001360016.2	G6PD	MANE Select
ENST00000642844.3	NM_001164277.2	SLC37A4	MANE Select
ENST00000381700.11	NM_001040663.4	GAGE1	MANE Select
ENST00000360079.8	NM_001469.5	XRCC6	MANE Select
ENST00000302262.8	NM_000152.5	GAA	MANE Select
ENST00000262994.9	NM_002039.4	GAB1	MANE Select
ENST00000377034.9	NM_001470.4	GABBR1	MANE Select
ENST00000400075.4	NM_002040.4	GABPA	MANE Select
ENST00000380877.8	NM_016654.5	GABPB1	MANE Select
ENST00000393943.10	NM_001127644.2	GABRA1	MANE Select
ENST00000381620.9	NM_000807.4	GABRA2	MANE Select
ENST00000370314.9	NM_000808.4	GABRA3	MANE Select
ENST00000264318.4	NM_000809.4	GABRA4	MANE Select
ENST00000335625.10	NM_000810.4	GABRA5	MANE Select
ENST00000274545.10	NM_000811.3	GABRA6	MANE Select
ENST00000295454.8	NM_000812.4	GABRB1	MANE Select
ENST00000393959.6	NM_001371727.1	GABRB2	MANE Select
ENST00000311550.10	NM_000814.6	GABRB3	MANE Select
ENST00000378585.7	NM_000815.5	GABRD	MANE Select
ENST00000370328.4	NM_004961.4	GABRE	MANE Select
ENST00000295452.5	NM_173536.4	GABRG1	MANE Select
ENST00000639213.2	NM_198904.4	GABRG2	MANE Select
ENST00000615808.5	NM_033223.5	GABRG3	MANE Select
ENST00000265294.9	NM_014211.3	GABRP	MANE Select
ENST00000454853.7	NM_002042.5	GABRR1	MANE Select
ENST00000402938.4	NM_002043.5	GABRR2	MANE Select
ENST00000358196.8	NM_000817.3	GAD1	MANE Select
ENST00000376261.8	NM_001134366.2	GAD2	MANE Select
ENST00000314167.9	NM_005255.4	GAK	MANE Select
ENST00000261304.7	NM_000153.4	GALC	MANE Select
ENST00000617979.5	NM_001008216.2	GALE	MANE Select
ENST00000341156.9	NM_001478.5	B4GALNT1	MANE Select
ENST00000588479.6	NM_000154.2	GALK1	MANE Select
ENST00000560031.6	NM_002044.4	GALK2	MANE Select
ENST00000299727.5	NM_001480.4	GALR1	MANE Select
ENST00000268695.10	NM_000512.5	GALNS	MANE Select
ENST00000269195.6	NM_020474.4	GALNT1	MANE Select
ENST00000366672.5	NM_004481.5	GALNT2	MANE Select
ENST00000392701.8	NM_004482.4	GALNT3	MANE Select
ENST00000378842.8	NM_000155.4	GALT	MANE Select
ENST00000252288.8	NM_000156.6	GAMT	MANE Select
ENST00000318010.13	NM_198141.3	GANC	MANE Select
ENST00000305124.11	NM_002045.4	GAP43	MANE Select
ENST00000229239.10	NM_002046.7	GAPDH	MANE Select
ENST00000260061.9	NM_001128922.2	LRRC32	MANE Select
ENST00000389266.8	NM_002047.4	GARS1	MANE Select
ENST00000381815.9	NM_000819.5	GART	MANE Select
ENST00000298743.9	NM_002048.3	GAS1	MANE Select
ENST00000454584.7	NM_001143830.3	GAS2	MANE Select
ENST00000327773.7	NM_000820.4	GAS6	MANE Select
ENST00000268699.9	NM_001481.3	DRC4	MANE Select
ENST00000376670.9	NM_002049.4	GATA1	MANE Select
ENST00000341105.7	NM_032638.5	GATA2	MANE Select
ENST00000487848.6	NM_001145661.2	GATA2	MANE Plus Clinical
ENST00000379328.9	NM_001002295.2	GATA3	MANE Select
ENST00000532059.6	NM_001308093.3	GATA4	MANE Select
ENST00000269216.10	NM_005257.6	GATA6	MANE Select
ENST00000396659.8	NM_001482.3	GATM	MANE Select
ENST00000368373.8	NM_000157.4	GBA1	MANE Select
ENST00000322090.8	NM_001483.3	NIPSNAP2	MANE Select
ENST00000429644.7	NM_000158.4	GBE1	MANE Select
ENST00000370473.5	NM_002053.3	GBP1	MANE Select
ENST00000370466.4	NM_004120.5	GBP2	MANE Select
ENST00000370481.9	NM_018284.3	GBP3	MANE Select
ENST00000297537.5	NM_001098834.3	GBX1	MANE Select
ENST00000306318.5	NM_001485.4	GBX2	MANE Select
ENST00000273951.13	NM_000583.4	GC	MANE Select
ENST00000222214.10	NM_000159.4	GCDH	MANE Select
ENST00000418842.7	NM_002054.5	GCG	MANE Select
ENST00000400723.8	NM_000160.5	GCGR	MANE Select
ENST00000491895.7	NM_000161.3	GCH1	MANE Select
ENST00000260447.6	NM_005258.3	GCHFR	MANE Select
ENST00000403799.8	NM_000162.5	GCK	MANE Select
ENST00000264717.7	NM_001486.4	GCKR	MANE Select
ENST00000548925.6	NM_001487.4	BLOC1S1	MANE Select
ENST00000225916.10	NM_021078.3	KAT2A	MANE Select
ENST00000487099.7	NM_033334.4	NR6A1	MANE Select
ENST00000376730.5	NM_001490.5	GCNT1	MANE Select
ENST00000316170.9	NM_001491.3	GCNT2	MANE Plus Clinical
ENST00000495262.7	NM_145649.5	GCNT2	MANE Select
ENST00000595290.6	NM_000513.2	OPN1MW	MANE Select
ENST00000315467.9	NM_004483.5	GCSH	MANE Select
ENST00000247005.8	NM_001492.6	GDF1	MANE Select
ENST00000581492.3	NM_016204.4	GDF2	MANE Select
ENST00000260950.5	NM_005259.3	MSTN	MANE Select
ENST00000687138.1	NM_005260.7	GDF9	MANE Select
ENST00000580279.2	NM_004962.5	GDF10	MANE Select
ENST00000447750.7	NM_001493.3	GDI1	MANE Select
ENST00000380191.9	NM_001494.4	GDI2	MANE Select
ENST00000326524.7	NM_000514.4	GDNF	MANE Select
ENST00000297596.3	NM_005261.4	GEM	MANE Select
ENST00000588735.3	NM_002055.5	GFAP	MANE Select
ENST00000248114.7	NM_005262.3	GFER	MANE Select
ENST00000294702.6	NM_005263.5	GFI1	MANE Select
ENST00000357308.9	NM_001244710.2	GFPT1	MANE Select
ENST00000355422.11	NM_005264.8	GFRA1	MANE Select
ENST00000524240.6	NM_001495.5	GFRA2	MANE Select
ENST00000274721.8	NM_001496.4	GFRA3	MANE Select
ENST00000233838.9	NM_000821.7	GGCX	MANE Select
ENST00000400382.6	NM_001288833.2	GGT1	MANE Select
ENST00000481799.6	NM_001382585.1	GGTA1	MANE Select
ENST00000379731.5	NM_001497.4	B4GALT1	MANE Select
ENST00000336431.10	NM_178026.3	GGT7	MANE Select
ENST00000327365.10	NM_004121.5	GGT5	MANE Select
ENST00000323322.10	NM_000515.5	GH1	MANE Select
ENST00000423893.7	NM_002059.5	GH2	MANE Select
ENST00000230882.9	NM_000163.5	GHR	MANE Select
ENST00000373614.7	NM_021081.6	GHRH	MANE Select
ENST00000326139.7	NM_000823.4	GHRHR	MANE Select
ENST00000241256.3	NM_198407.2	GHSR	MANE Select
ENST00000257248.3	NM_005142.3	CBLIF	MANE Select
ENST00000357424.2	NM_004123.3	GIP	MANE Select
ENST00000590918.6	NM_000164.4	GIPR	MANE Select
ENST00000282561.4	NM_000165.5	GJA1	MANE Select
ENST00000241125.4	NM_021954.4	GJA3	MANE Select
ENST00000342280.5	NM_002060.3	GJA4	MANE Select
ENST00000579774.3	NM_181703.4	GJA5	MANE Select
ENST00000369235.2	NM_005267.5	GJA8	MANE Select
ENST00000361726.7	NM_000166.6	GJB1	MANE Select
ENST00000382848.5	NM_004004.6	GJB2	MANE Select
ENST00000373366.3	NM_024009.3	GJB3	MANE Select
ENST00000338513.1	NM_005268.4	GJB5	MANE Select
ENST00000427190.6	NM_001205019.2	GK	MANE Select
ENST00000358842.5	NM_033214.3	GK2	MANE Select
ENST00000505354.3	NM_001395953.1	GK3	MANE Select
ENST00000218516.4	NM_000169.3	GLA	MANE Select
ENST00000370818.8	NM_004484.4	GPC3	MANE Select
ENST00000307363.10	NM_000404.4	GLB1	MANE Select
ENST00000650454.1	NM_001498.4	GCLC	MANE Select
ENST00000370238.8	NM_002061.4	GCLM	MANE Select
ENST00000321612.8	NM_000170.3	GLDC	MANE Select
ENST00000309971.9	NM_001003722.2	GLE1	MANE Select
ENST00000422840.7	NM_001145667.2	GLG1	MANE Select
ENST00000228682.7	NM_005269.3	GLI1	MANE Select
ENST00000361492.9	NM_001374353.1	GLI2	MANE Select
ENST00000395925.8	NM_000168.6	GLI3	MANE Select
ENST00000340042.2	NM_138465.4	GLI4	MANE Select
ENST00000373365.5	NM_006708.3	GLO1	MANE Select
ENST00000373256.5	NM_002062.5	GLP1R	MANE Select
ENST00000274576.9	NM_000171.4	GLRA1	MANE Select
ENST00000218075.9	NM_002063.4	GLRA2	MANE Select
ENST00000264428.9	NM_000824.5	GLRB	MANE Select
ENST00000320717.8	NM_014905.5	GLS	MANE Select
ENST00000237858.11	NM_001118890.2	GLRX	MANE Select
ENST00000277865.5	NM_005271.5	GLUD1	MANE Select
ENST00000328078.3	NM_012084.4	GLUD2	MANE Select
ENST00000331872.11	NM_001033044.4	GLUL	MANE Select
ENST00000357164.4	NM_000405.5	GM2A	MANE Select
ENST00000380815.5	NM_001500.4	GMDS	MANE Select
ENST00000358056.8	NM_004124.3	GMFB	MANE Select
ENST00000220940.2	NM_002066.3	GML	MANE Select
ENST00000259727.5	NM_006877.4	GMPR	MANE Select
ENST00000078429.9	NM_002067.5	GNA11	MANE Select
ENST00000275364.8	NM_007353.3	GNA12	MANE Select
ENST00000262958.4	NM_002068.4	GNA15	MANE Select
ENST00000649796.2	NM_002069.6	GNAI1	MANE Select
ENST00000313601.11	NM_002070.4	GNAI2	MANE Select
ENST00000369851.7	NM_006496.4	GNAI3	MANE Select
ENST00000334049.11	NM_182978.4	GNAL	MANE Select
ENST00000423027.8	NM_001369387.1	GNAL	MANE Plus Clinical
ENST00000262493.12	NM_020988.3	GNAO1	MANE Select
ENST00000286548.9	NM_002072.5	GNAQ	MANE Select
ENST00000371075.7	NM_016592.5	GNAS	MANE Plus Clinical
ENST00000371085.8	NM_000516.7	GNAS	MANE Select
ENST00000371100.9	NM_080425.4	GNAS	MANE Plus Clinical
ENST00000232461.8	NM_144499.3	GNAT1	MANE Select
ENST00000679935.1	NM_001377295.2	GNAT2	MANE Select
ENST00000615612.2	NM_002073.4	GNAZ	MANE Select
ENST00000378609.9	NM_002074.5	GNB1	MANE Select
ENST00000303210.9	NM_005273.4	GNB2	MANE Select
ENST00000229264.8	NM_002075.4	GNB3	MANE Select
ENST00000294117.6	NM_012202.5	GNG3	MANE Select
ENST00000391854.7	NM_001098722.2	GNG4	MANE Select
ENST00000370645.9	NM_005274.3	GNG5	MANE Select
ENST00000382159.8	NM_052847.3	GNG7	MANE Select
ENST00000374293.5	NM_001017998.4	GNG10	MANE Select
ENST00000248564.6	NM_004126.4	GNG11	MANE Select
ENST00000248572.10	NM_021955.5	GNGT1	MANE Select
ENST00000507680.6	NM_001198754.2	GNGT2	MANE Select
ENST00000376621.8	NM_005275.5	GNL1	MANE Select
ENST00000421054.7	NM_001083111.2	GNRH1	MANE Select
ENST00000359100.6	NM_178331.2	GNRH2	MANE Select
ENST00000226413.5	NM_000406.3	GNRHR	MANE Select
ENST00000258145.8	NM_002076.4	GNS	MANE Select
ENST00000373555.9	NM_002077.4	GOLGA1	MANE Select
ENST00000611957.5	NM_001366244.2	GOLGA2	MANE Select
ENST00000450791.8	NM_001389683.1	GOLGA3	MANE Select
ENST00000361924.7	NM_002078.5	GOLGA4	MANE Select
ENST00000614479.5	NM_001366282.2	GOLGB1	MANE Select
ENST00000370508.7	NM_002079.3	GOT1	MANE Select
ENST00000245206.10	NM_002080.4	GOT2	MANE Select
ENST00000339276.6	NM_006142.5	SFN	MANE Select
ENST00000329125.6	NM_000173.7	GP1BA	MANE Select
ENST00000366425.4	NM_000407.5	GP1BB	MANE Select
ENST00000302555.10	NM_001502.4	GP2	MANE Select
ENST00000692618.1	NM_004488.2	GP5	MANE Select
ENST00000307395.5	NM_000174.5	GP9	MANE Select
ENST00000264039.7	NM_002081.3	GPC1	MANE Select
ENST00000301149.8	NM_005276.4	GPD1	MANE Select
ENST00000438166.7	NM_000408.5	GPD2	MANE Select
ENST00000356487.11	NM_000175.5	GPI	MANE Select
ENST00000230036.2	NM_001503.4	GPLD1	MANE Select
ENST00000393658.7	NM_201591.3	GPM6A	MANE Select
ENST00000316715.9	NM_001001995.3	GPM6B	MANE Select
ENST00000621141.5	NM_001389445.1	CMKLR2	MANE Select
ENST00000332438.4	NM_016602.3	CCR10	MANE Select
ENST00000374024.4	NM_005281.4	GPR3	MANE Select
ENST00000323040.5	NM_005282.3	GPR4	MANE Select
ENST00000309285.4	NM_001024644.2	XCR1	MANE Select
ENST00000275169.5	NM_005284.5	GPR6	MANE Select
ENST00000674939.1	NM_005285.5	NPBWR1	MANE Select
ENST00000684052.1	NM_005286.4	NPBWR2	MANE Select
ENST00000373693.4	NM_001504.2	CXCR3	MANE Select
ENST00000239032.4	NM_004248.3	PRLHR	MANE Select
ENST00000405846.5	NM_005288.4	GPR12	MANE Select
ENST00000313135.5	NM_018949.3	UTS2R	MANE Select
ENST00000284311.5	NM_005290.4	GPR15	MANE Select
ENST00000486700.2	NM_001161417.2	GPR17	MANE Select
ENST00000397470.5	NM_001098200.2	GPR18	MANE Select
ENST00000651487.1	NM_006143.3	GPR19	MANE Select
ENST00000377741.4	NM_005293.3	GPR20	MANE Select
ENST00000616002.3	NM_005294.3	GPR21	MANE Select
ENST00000304402.6	NM_005295.3	GPR22	MANE Select
ENST00000614823.5	NM_001278000.3	LPAR4	MANE Select
ENST00000249016.5	NM_005297.4	MCHR1	MANE Select
ENST00000304244.5	NM_005298.4	GPR25	MANE Select
ENST00000284674.2	NM_153442.4	GPR26	MANE Select
ENST00000304411.3	NM_018971.3	GPR27	MANE Select
ENST00000397088.4	NM_001098201.3	GPER1	MANE Select
ENST00000366834.2	NM_005299.3	GPR31	MANE Select
ENST00000270590.4	NM_001506.2	GPR32	MANE Select
ENST00000399285.5	NM_001197184.3	GPR33	MANE Select
ENST00000378142.9	NM_001097579.2	GPR34	MANE Select
ENST00000407714.2	NM_005301.5	GPR35	MANE Select
ENST00000303921.3	NM_005302.5	GPR37	MANE Select
ENST00000218721.1	NM_001507.1	MLNR	MANE Select
ENST00000329321.4	NM_001508.3	GPR39	MANE Select
ENST00000246553.4	NM_005303.3	FFAR1	MANE Select
ENST00000327809.5	NM_005304.5	FFAR3	MANE Select
ENST00000454971.3	NM_001348195.2	GPR42	MANE Select
ENST00000599180.3	NM_001370087.1	FFAR2	MANE Select
ENST00000398052.9	NM_182982.3	GRK4	MANE Select
ENST00000392870.3	NM_005308.3	GRK5	MANE Select
ENST00000355472.10	NM_001004106.3	GRK6	MANE Select
ENST00000250896.9	NM_199054.3	MKNK2	MANE Select
ENST00000578552.6	NM_001321092.3	GPS1	MANE Select
ENST00000380728.7	NM_004489.5	GPS2	MANE Select
ENST00000394955.3	NM_005309.3	GPT	MANE Select
ENST00000419783.3	NM_000581.4	GPX1	MANE Select
ENST00000389614.6	NM_002083.4	GPX2	MANE Select
ENST00000388825.9	NM_002084.5	GPX3	MANE Select
ENST00000354171.13	NM_002085.5	GPX4	MANE Select
ENST00000412168.7	NM_001509.3	GPX5	MANE Select
ENST00000361314.5	NM_015696.5	GPX7	MANE Select
ENST00000316804.10	NM_002086.5	GRB2	MANE Select
ENST00000309156.9	NM_005310.5	GRB7	MANE Select
ENST00000401949.6	NM_001350814.2	GRB10	MANE Select
ENST00000263915.8	NM_004490.3	GRB14	MANE Select
ENST00000683357.1	NM_001377935.1	RAPGEF1	MANE Select
ENST00000285900.10	NM_000827.4	GRIA1	MANE Select
ENST00000264426.14	NM_001083619.3	GRIA2	MANE Select
ENST00000620443.2	NM_007325.5	GRIA3	MANE Select
ENST00000622768.5	NM_000828.5	GRIA3	MANE Plus Clinical
ENST00000282499.10	NM_000829.4	GRIA4	MANE Select
ENST00000327946.12	NM_017551.3	GRID1	MANE Select
ENST00000282020.9	NM_001510.4	GRID2	MANE Select
ENST00000053867.8	NM_002087.4	GRN	MANE Select
ENST00000327783.9	NM_001330994.2	GRIK1	MANE Select
ENST00000369134.9	NM_021956.5	GRIK2	MANE Select
ENST00000373091.8	NM_000831.4	GRIK3	MANE Select
ENST00000527524.8	NM_014619.5	GRIK4	MANE Select
ENST00000593562.6	NM_002088.5	GRIK5	MANE Select
ENST00000371561.8	NM_007327.4	GRIN1	MANE Select
ENST00000330684.4	NM_001134407.3	GRIN2A	MANE Select
ENST00000609686.4	NM_000834.5	GRIN2B	MANE Select
ENST00000293190.10	NM_000835.6	GRIN2C	MANE Select
ENST00000263269.4	NM_000836.4	GRIN2D	MANE Select
ENST00000395068.9	NM_001009184.2	GRINA	MANE Select
ENST00000394464.7	NM_000176.3	NR3C1	MANE Select
ENST00000672722.1	NM_004491.5	ARHGAP35	MANE Select
ENST00000282753.6	NM_001278064.2	GRM1	MANE Select
ENST00000395052.8	NM_000839.5	GRM2	MANE Select
ENST00000361669.7	NM_000840.3	GRM3	MANE Select
ENST00000538487.7	NM_000841.4	GRM4	MANE Select
ENST00000305447.5	NM_001143831.3	GRM5	MANE Select
ENST00000517717.3	NM_000843.4	GRM6	MANE Select
ENST00000357716.9	NM_000844.4	GRM7	MANE Select
ENST00000339582.7	NM_000845.3	GRM8	MANE Select
ENST00000395761.4	NM_001511.4	CXCL1	MANE Select
ENST00000508487.3	NM_002089.4	CXCL2	MANE Select
ENST00000296026.4	NM_002090.3	CXCL3	MANE Select
ENST00000256857.7	NM_002091.5	GRP	MANE Select
ENST00000300289.10	NM_005313.5	PDIA3	MANE Select
ENST00000380289.3	NM_005314.3	GRPR	MANE Select
ENST00000254799.11	NM_002092.4	GRSF1	MANE Select
ENST00000086933.3	NM_005315.2	GSC2	MANE Select
ENST00000222330.8	NM_019884.3	GSK3A	MANE Select
ENST00000264235.13	NM_001146156.2	GSK3B	MANE Select
ENST00000432226.7	NM_198252.3	GSN	MANE Select
ENST00000434724.7	NM_002094.4	GSPT1	MANE Select
ENST00000221130.11	NM_000637.5	GSR	MANE Select
ENST00000651619.1	NM_000178.4	GSS	MANE Select
ENST00000334575.6	NM_145740.5	GSTA1	MANE Select
ENST00000493422.3	NM_000846.5	GSTA2	MANE Select
ENST00000211122.4	NM_000847.5	GSTA3	MANE Select
ENST00000370963.9	NM_001512.4	GSTA4	MANE Select
ENST00000309851.10	NM_000561.4	GSTM1	MANE Select
ENST00000241337.9	NM_000848.4	GSTM2	MANE Select
ENST00000361066.7	NM_000849.5	GSTM3	MANE Select
ENST00000369836.9	NM_000850.5	GSTM4	MANE Select
ENST00000256593.8	NM_000851.4	GSTM5	MANE Select
ENST00000398606.10	NM_000852.4	GSTP1	MANE Select
ENST00000612885.4	NM_000853.4	GSTT1	MANE Select
ENST00000618279.3	NM_000854.5	GSTT2	MANE Select
ENST00000216465.10	NM_145870.3	GSTZ1	MANE Select
ENST00000234420.11	NM_000179.3	MSH6	MANE Select
ENST00000553612.6	NM_015859.4	GTF2A1	MANE Select
ENST00000396060.7	NM_004492.3	GTF2A2	MANE Select
ENST00000370500.10	NM_001514.6	GTF2B	MANE Select
ENST00000283875.6	NM_005513.3	GTF2E1	MANE Select
ENST00000355904.9	NM_002095.6	GTF2E2	MANE Select
ENST00000394456.10	NM_002096.3	GTF2F1	MANE Select
ENST00000340473.8	NM_004128.3	GTF2F2	MANE Select
ENST00000265963.9	NM_005316.4	GTF2H1	MANE Select
ENST00000274400.10	NM_001515.4	GTF2H2	MANE Select
ENST00000543341.7	NM_001516.5	GTF2H3	MANE Select
ENST00000259895.9	NM_001517.5	GTF2H4	MANE Select
ENST00000573035.6	NM_032999.4	GTF2I	MANE Select
ENST00000381140.10	NM_002097.3	GTF3A	MANE Select
ENST00000547530.7	NM_001519.4	BRF1	MANE Select
ENST00000356183.9	NM_001520.4	GTF3C1	MANE Select
ENST00000264720.8	NM_001035521.3	GTF3C2	MANE Select
ENST00000526355.7	NM_000855.3	GUCY1A2	MANE Select
ENST00000372958.2	NM_001384910.1	GUCA1A	MANE Select
ENST00000230361.4	NM_002098.6	GUCA1B	MANE Select
ENST00000357001.3	NM_033553.3	GUCA2A	MANE Select
ENST00000372581.2	NM_007102.3	GUCA2B	MANE Select
ENST00000506455.6	NM_001130682.3	GUCY1A1	MANE Select
ENST00000264424.13	NM_000857.5	GUCY1B1	MANE Select
ENST00000261170.5	NM_004963.4	GUCY2C	MANE Select
ENST00000218006.3	NM_001522.3	GUCY2F	MANE Select
ENST00000453943.6	NM_001159390.2	GUK1	MANE Select
ENST00000304895.9	NM_000181.4	GUSB	MANE Select
ENST00000345003.9	NM_004130.4	GYG1	MANE Select
ENST00000641688.3	NM_002099.8	GYPA	MANE Select
ENST00000502664.6	NM_002100.6	GYPB	MANE Select
ENST00000259254.9	NM_002101.5	GYPC	MANE Select
ENST00000358615.9	NM_198682.3	GYPE	MANE Select
ENST00000323798.8	NM_002103.5	GYS1	MANE Select
ENST00000261195.3	NM_021957.4	GYS2	MANE Select
ENST00000216338.9	NM_033423.5	GZMH	MANE Select
ENST00000254854.5	NM_000180.4	GUCY2D	MANE Select
ENST00000274306.7	NM_006144.4	GZMA	MANE Select
ENST00000216341.9	NM_004131.6	GZMB	MANE Select
ENST00000231009.3	NM_002104.3	GZMK	MANE Select
ENST00000264553.6	NM_005317.4	GZMM	MANE Select
ENST00000340857.4	NM_005318.4	H1-0	MANE Select
ENST00000343677.4	NM_005319.4	H1-2	MANE Select
ENST00000244534.7	NM_005320.3	H1-3	MANE Select
ENST00000304218.6	NM_005321.3	H1-4	MANE Select
ENST00000331442.5	NM_005322.3	H1-5	MANE Select
ENST00000338379.6	NM_005323.4	H1-6	MANE Select
ENST00000303910.5	NM_021052.4	H2AC8	MANE Select
ENST00000341023.2	NM_021065.3	H2AC7	MANE Select
ENST00000530167.2	NM_002105.3	H2AX	MANE Select
ENST00000296417.6	NM_002106.4	H2AZ1	MANE Select
ENST00000377777.6	NM_021063.4	H2BC5	MANE Select
ENST00000615966.2	NM_021062.3	H2BC3	MANE Select
ENST00000366815.10	NM_002107.7	H3-3A	MANE Select
ENST00000254810.8	NM_005324.5	H3-3B	MANE Select
ENST00000244573.5	NM_005325.4	H1-1	MANE Select
ENST00000351270.4	NM_004132.5	HABP2	MANE Select
ENST00000168216.11	NM_004493.3	HSD17B10	MANE Select
ENST00000397356.8	NM_005326.6	HAGH	MANE Select
ENST00000380649.8	NM_000182.5	HADHA	MANE Select
ENST00000317799.10	NM_000183.3	HADHB	MANE Select
ENST00000309522.8	NM_005327.7	HADH	MANE Select
ENST00000261208.8	NM_002108.4	HAL	MANE Select
ENST00000504156.7	NM_002109.6	HARS1	MANE Select
ENST00000540069.7	NM_001297436.2	HAS1	MANE Select
ENST00000303924.5	NM_005328.3	HAS2	MANE Select
ENST00000569188.6	NM_001199280.2	HAS3	MANE Select
ENST00000320868.9	NM_000558.5	HBA1	MANE Select
ENST00000251595.11	NM_000517.6	HBA2	MANE Select
ENST00000356815.4	NM_001003938.4	HBM	MANE Select
ENST00000335295.4	NM_000518.5	HBB	MANE Select
ENST00000650601.1	NM_000519.4	HBD	MANE Select
ENST00000396895.3	NM_005330.4	HBE1	MANE Select
ENST00000330597.5	NM_000559.3	HBG1	MANE Select
ENST00000336906.6	NM_000184.3	HBG2	MANE Select
ENST00000199708.3	NM_005331.5	HBQ1	MANE Select
ENST00000252951.3	NM_005332.3	HBZ	MANE Select
ENST00000380762.5	NM_005333.5	HCCS	MANE Select
ENST00000215727.10	NM_000185.4	SERPIND1	MANE Select
ENST00000310441.12	NM_005334.3	HCFC1	MANE Select
ENST00000375852.5	NM_002110.5	HCK	MANE Select
ENST00000314583.8	NM_005335.6	HCLS1	MANE Select
ENST00000293330.1	NM_001524.1	HCRT	MANE Select
ENST00000403528.7	NM_001525.3	HCRTR1	MANE Select
ENST00000370862.4	NM_001384272.1	HCRTR2	MANE Select
ENST00000355072.11	NM_001388492.1	HTT	MANE Select
ENST00000373548.8	NM_004964.3	HDAC1	MANE Select
ENST00000519065.6	NM_001527.4	HDAC2	MANE Select
ENST00000267845.8	NM_002112.4	HDC	MANE Select
ENST00000357325.10	NM_004494.3	HDGF	MANE Select
ENST00000310931.10	NM_005336.6	HDLBP	MANE Select
ENST00000348459.10	NM_018063.5	HELLS	MANE Select
ENST00000293373.11	NM_005337.5	NCKAP1L	MANE Select
ENST00000268097.10	NM_000520.6	HEXA	MANE Select
ENST00000261416.12	NM_000521.4	HEXB	MANE Select
ENST00000367429.9	NM_000186.4	CFH	MANE Select
ENST00000357618.10	NM_000410.4	HFE	MANE Select
ENST00000320493.10	NM_002113.3	CFHR1	MANE Select
ENST00000367415.8	NM_005666.4	CFHR2	MANE Select
ENST00000283871.10	NM_000187.4	HGD	MANE Select
ENST00000222390.11	NM_000601.6	HGF	MANE Select
ENST00000382774.8	NM_001528.4	HGFAC	MANE Select
ENST00000405005.8	NM_013964.5	NRG1	MANE Select
ENST00000282728.10	NM_002729.5	HHEX	MANE Select
ENST00000619757.5	NM_006497.4	HIC1	MANE Select
ENST00000337138.9	NM_001530.4	HIF1A	MANE Select
ENST00000336926.11	NM_005338.7	HIP1	MANE Select
ENST00000261427.10	NM_005339.5	UBE2K	MANE Select
ENST00000304043.10	NM_005340.7	HINT1	MANE Select
ENST00000379388.7	NM_002114.4	HIVEP1	MANE Select
ENST00000367603.8	NM_006734.4	HIVEP2	MANE Select
ENST00000359426.7	NM_000188.3	HK1	MANE Select
ENST00000643399.2	NM_001358263.1	HK1	MANE Plus Clinical
ENST00000290573.7	NM_000189.5	HK2	MANE Select
ENST00000292432.10	NM_002115.3	HK3	MANE Select
ENST00000377674.9	NM_005341.4	ZBTB48	MANE Select
ENST00000376809.10	NM_002116.8	HLA-A	MANE Select
ENST00000412585.7	NM_005514.8	HLA-B	MANE Select
ENST00000376228.10	NM_002117.6	HLA-C	MANE Select
ENST00000374843.9	NM_006120.4	HLA-DMA	MANE Select
ENST00000418107.3	NM_002118.5	HLA-DMB	MANE Select
ENST00000252971.11	NM_005515.4	MNX1	MANE Select
ENST00000229829.7	NM_002119.4	HLA-DOA	MANE Select
ENST00000438763.7	NM_002120.4	HLA-DOB	MANE Select
ENST00000692443.1	NM_033554.4	HLA-DPA1	MANE Select
ENST00000418931.7	NM_002121.6	HLA-DPB1	MANE Select
ENST00000343139.11	NM_002122.5	HLA-DQA1	MANE Select
ENST00000374940.4	NM_020056.5	HLA-DQA2	MANE Select
ENST00000434651.7	NM_002123.5	HLA-DQB1	MANE Select
ENST00000437316.7	NM_001300790.2	HLA-DQB2	MANE Select
ENST00000395388.7	NM_019111.5	HLA-DRA	MANE Select
ENST00000360004.6	NM_002124.4	HLA-DRB1	MANE Select
ENST00000383126.8	NM_022555.4	HLA-DRB3	MANE Select
ENST00000457451.7	NM_021983.5	HLA-DRB4	MANE Select
ENST00000374975.4	NM_002125.4	HLA-DRB5	MANE Select
ENST00000226067.10	NM_002126.5	HLF	MANE Select
ENST00000376630.5	NM_005516.6	HLA-E	MANE Select
ENST00000259951.12	NM_001098479.2	HLA-F	MANE Select
ENST00000360323.11	NM_001384290.1	HLA-G	MANE Select
ENST00000367580.6	NM_001385161.1	MR1	MANE Select
ENST00000674895.3	NM_001352514.2	HLCS	MANE Select
ENST00000366903.8	NM_021958.4	HLX	MANE Select
ENST00000652429.1	NM_000190.4	HMBS	MANE Select
ENST00000341423.10	NM_002128.7	HMGB1	MANE Select
ENST00000296503.10	NM_002129.4	HMGB2	MANE Select
ENST00000325307.12	NM_005342.4	HMGB3	MANE Select
ENST00000380749.10	NM_004965.7	HMGN1	MANE Select
ENST00000361427.6	NM_005517.4	HMGN2	MANE Select
ENST00000374490.8	NM_000191.3	HMGCL	MANE Select
ENST00000287936.9	NM_000859.3	HMGCR	MANE Select
ENST00000325110.11	NM_001098272.3	HMGCS1	MANE Select
ENST00000369406.8	NM_005518.4	HMGCS2	MANE Select
ENST00000311487.9	NM_145899.3	HMGA1	MANE Select
ENST00000393915.9	NM_001142556.2	HMMR	MANE Select
ENST00000216117.9	NM_002133.3	HMOX1	MANE Select
ENST00000570646.6	NM_002134.4	HMOX2	MANE Select
ENST00000394825.6	NM_173157.3	NR4A1	MANE Select
ENST00000400677.5	NM_018942.3	HMX1	MANE Select
ENST00000339992.4	NM_005519.2	HMX2	MANE Select
ENST00000250448.5	NM_004496.5	FOXA1	MANE Select
ENST00000419308.7	NM_021784.5	FOXA2	MANE Select
ENST00000302177.3	NM_004497.3	FOXA3	MANE Select
ENST00000316673.9	NM_175914.5	HNF4A	MANE Select
ENST00000396423.4	NM_004133.5	HNF4G	MANE Select
ENST00000305901.7	NM_004498.4	ONECUT1	MANE Select
ENST00000280097.5	NM_006895.3	HNMT	MANE Select
ENST00000357440.7	NM_001532.3	SLC29A2	MANE Select
ENST00000340913.11	NM_031157.4	HNRNPA1	MANE Select
ENST00000618183.5	NM_002137.4	HNRNPA2B1	MANE Select
ENST00000358344.8	NM_031266.3	HNRNPAB	MANE Select
ENST00000553300.6	NM_004500.4	HNRNPC	MANE Select
ENST00000313899.12	NM_031370.3	HNRNPD	MANE Select
ENST00000682386.1	NM_001098204.2	HNRNPF	MANE Select
ENST00000393432.9	NM_001257293.2	HNRNPH1	MANE Select
ENST00000316594.6	NM_019597.5	HNRNPH2	MANE Select
ENST00000265866.12	NM_012207.3	HNRNPH3	MANE Select
ENST00000376263.8	NM_031263.4	HNRNPK	MANE Select
ENST00000221419.10	NM_001533.3	HNRNPL	MANE Select
ENST00000640218.2	NM_031844.3	HNRNPU	MANE Select
ENST00000370196.11	NM_005521.4	TLX1	MANE Select
ENST00000233638.8	NM_016170.5	TLX2	MANE Select
ENST00000643460.2	NM_005522.5	HOXA1	MANE Select
ENST00000222718.7	NM_006735.4	HOXA2	MANE Select
ENST00000612286.5	NM_153631.3	HOXA3	MANE Select
ENST00000360046.10	NM_002141.5	HOXA4	MANE Select
ENST00000222726.4	NM_019102.4	HOXA5	MANE Select
ENST00000222728.3	NM_024014.4	HOXA6	MANE Select
ENST00000242159.5	NM_006896.4	HOXA7	MANE Select
ENST00000343483.7	NM_152739.4	HOXA9	MANE Select
ENST00000283921.5	NM_018951.4	HOXA10	MANE Select
ENST00000006015.4	NM_005523.6	HOXA11	MANE Select
ENST00000373467.4	NM_002143.3	HPCA	MANE Select
ENST00000649031.1	NM_000522.5	HOXA13	MANE Select
ENST00000239174.7	NM_002144.4	HOXB1	MANE Select
ENST00000330070.6	NM_002145.4	HOXB2	MANE Select
ENST00000498678.6	NM_001384749.1	HOXB3	MANE Select
ENST00000332503.6	NM_024015.5	HOXB4	MANE Select
ENST00000239151.6	NM_002147.4	HOXB5	MANE Select
ENST00000225648.4	NM_018952.5	HOXB6	MANE Select
ENST00000239165.9	NM_004502.4	HOXB7	MANE Select
ENST00000239144.5	NM_024016.4	HOXB8	MANE Select
ENST00000311177.7	NM_024017.5	HOXB9	MANE Select
ENST00000430889.3	NM_153633.3	HOXC4	MANE Select
ENST00000312492.3	NM_018953.4	HOXC5	MANE Select
ENST00000243108.5	NM_004503.4	HOXC6	MANE Select
ENST00000040584.6	NM_022658.4	HOXC8	MANE Select
ENST00000303450.5	NM_006897.3	HOXC9	MANE Select
ENST00000303460.5	NM_017409.4	HOXC10	MANE Select
ENST00000546378.1	NM_014212.4	HOXC11	MANE Select
ENST00000243103.4	NM_173860.3	HOXC12	MANE Select
ENST00000243056.5	NM_017410.3	HOXC13	MANE Select
ENST00000331462.6	NM_024501.3	HOXD1	MANE Select
ENST00000683222.1	NM_006898.5	HOXD3	MANE Select
ENST00000306324.4	NM_014621.3	HOXD4	MANE Select
ENST00000313173.6	NM_019558.4	HOXD8	MANE Select
ENST00000249499.8	NM_014213.4	HOXD9	MANE Select
ENST00000249501.5	NM_002148.4	HOXD10	MANE Select
ENST00000249504.7	NM_021192.3	HOXD11	MANE Select
ENST00000406506.4	NM_021193.4	HOXD12	MANE Select
ENST00000392539.4	NM_000523.4	HOXD13	MANE Select
ENST00000355906.10	NM_005143.5	HP	MANE Select
ENST00000307845.8	NM_002149.4	HPCAL1	MANE Select
ENST00000289004.8	NM_002150.3	HPD	MANE Select
ENST00000296522.11	NM_000860.6	HPGD	MANE Select
ENST00000672452.2	NM_001384133.1	HPN	MANE Select
ENST00000540303.7	NM_020995.4	HPR	MANE Select
ENST00000298556.8	NM_000194.3	HPRT1	MANE Select
ENST00000361490.9	NM_000195.5	HPS1	MANE Select
ENST00000265983.8	NM_000613.3	HPX	MANE Select
ENST00000311189.8	NM_005343.4	HRAS	MANE Select
ENST00000417302.7	NM_176795.5	HRAS	MANE Plus Clinical
ENST00000636362.1	NM_181532.3	ERAS	MANE Select
ENST00000310078.13	NM_004504.5	AGFG1	MANE Select
ENST00000300176.9	NM_006076.5	AGFG2	MANE Select
ENST00000431010.3	NM_001098212.2	HRH1	MANE Select
ENST00000252825.9	NM_002152.3	HRC	MANE Select
ENST00000232003.5	NM_000412.5	HRG	MANE Select
ENST00000636584.2	NM_001367711.1	HRH2	MANE Select
ENST00000355680.8	NM_206962.4	PRMT2	MANE Select
ENST00000454376.7	NM_001536.6	PRMT1	MANE Select
ENST00000232424.4	NM_005524.4	HES1	MANE Select
ENST00000433866.7	NM_001537.4	HSBP1	MANE Select
ENST00000369413.8	NM_000862.3	HSD3B1	MANE Select
ENST00000369416.4	NM_000198.4	HSD3B2	MANE Select
ENST00000367027.5	NM_005525.4	HSD11B1	MANE Select
ENST00000326152.6	NM_000196.4	HSD11B2	MANE Select
ENST00000585807.6	NM_000413.4	HSD17B1	MANE Select
ENST00000375263.8	NM_000197.2	HSD17B3	MANE Select
ENST00000199936.9	NM_002153.3	HSD17B2	MANE Select
ENST00000510025.7	NM_000414.4	HSD17B4	MANE Select
ENST00000528838.6	NM_005526.4	HSF1	MANE Select
ENST00000368455.9	NM_004506.4	HSF2	MANE Select
ENST00000521374.6	NM_001374675.1	HSF4	MANE Select
ENST00000336576.10	NM_006736.6	DNAJB2	MANE Select
ENST00000330899.5	NM_001539.4	DNAJA1	MANE Select
ENST00000375651.7	NM_005345.6	HSPA1A	MANE Select
ENST00000375650.5	NM_005346.6	HSPA1B	MANE Select
ENST00000375654.5	NM_005527.4	HSPA1L	MANE Select
ENST00000247207.7	NM_021979.4	HSPA2	MANE Select
ENST00000304858.7	NM_002154.4	HSPA4	MANE Select
ENST00000324460.7	NM_005347.5	HSPA5	MANE Select
ENST00000309758.6	NM_002155.5	HSPA6	MANE Select
ENST00000534624.6	NM_006597.6	HSPA8	MANE Select
ENST00000297185.9	NM_004134.7	HSPA9	MANE Select
ENST00000248553.7	NM_001540.5	HSPB1	MANE Select
ENST00000304298.4	NM_001541.4	HSPB2	MANE Select
ENST00000216281.13	NM_005348.4	HSP90AA1	MANE Select
ENST00000369486.8	NM_001007237.3	IGSF3	MANE Select
ENST00000371646.10	NM_007355.4	HSP90AB1	MANE Select
ENST00000388968.8	NM_002156.5	HSPD1	MANE Select
ENST00000233893.10	NM_002157.3	HSPE1	MANE Select
ENST00000254322.3	NM_006145.3	DNAJB1	MANE Select
ENST00000628077.3	NM_005528.4	DNAJC4	MANE Select
ENST00000374695.8	NM_005529.7	HSPG2	MANE Select
ENST00000261797.7	NM_001543.5	NDST1	MANE Select
ENST00000340553.8	NM_002158.4	FOXN2	MANE Select
ENST00000246896.8	NM_002159.4	HTN1	MANE Select
ENST00000673563.1	NM_000200.3	HTN3	MANE Select
ENST00000323865.5	NM_000524.4	HTR1A	MANE Select
ENST00000369947.5	NM_000863.3	HTR1B	MANE Select
ENST00000374619.2	NM_000864.5	HTR1D	MANE Select
ENST00000305344.7	NM_000865.3	HTR1E	MANE Select
ENST00000319595.7	NM_001322209.2	HTR1F	MANE Select
ENST00000542664.4	NM_000621.5	HTR2A	MANE Select
ENST00000258400.4	NM_000867.5	HTR2B	MANE Select
ENST00000276198.6	NM_000868.4	HTR2C	MANE Select
ENST00000504030.7	NM_000869.6	HTR3A	MANE Select
ENST00000377888.8	NM_000870.7	HTR4	MANE Select
ENST00000287907.3	NM_024012.4	HTR5A	MANE Select
ENST00000289753.2	NM_000871.3	HTR6	MANE Select
ENST00000336152.8	NM_019859.4	HTR7	MANE Select
ENST00000258774.10	NM_004507.4	HUS1	MANE Select
ENST00000350763.9	NM_002160.4	TNC	MANE Select
ENST00000395144.7	NM_033159.4	HYAL1	MANE Select
ENST00000240652.8	NM_000415.3	IAPP	MANE Select
ENST00000443024.7	NM_002161.6	IARS1	MANE Select
ENST00000226284.7	NM_004967.4	IBSP	MANE Select
ENST00000402384.8	NM_001136020.3	ICA1	MANE Select
ENST00000264832.8	NM_000201.3	ICAM1	MANE Select
ENST00000579788.6	NM_001099789.2	ICAM2	MANE Select
ENST00000160262.10	NM_002162.5	ICAM3	MANE Select
ENST00000380770.5	NM_001544.5	ICAM4	MANE Select
ENST00000268638.10	NM_002163.4	IRF8	MANE Select
ENST00000301585.10	NM_001545.3	MRPL58	MANE Select
ENST00000376112.4	NM_002165.4	ID1	MANE Select
ENST00000396290.2	NM_002166.5	ID2	MANE Select
ENST00000374561.6	NM_002167.5	ID3	MANE Select
ENST00000378700.8	NM_001546.4	ID4	MANE Select
ENST00000265986.11	NM_004969.4	IDE	MANE Select
ENST00000345146.7	NM_005896.4	IDH1	MANE Select
ENST00000330062.8	NM_002168.4	IDH2	MANE Select
ENST00000299518.7	NM_005530.3	IDH3A	MANE Select
ENST00000380843.9	NM_006899.5	IDH3B	MANE Select
ENST00000217901.10	NM_004135.4	IDH3G	MANE Select
ENST00000381344.8	NM_004508.4	IDI1	MANE Select
ENST00000340855.11	NM_000202.8	IDS	MANE Select
ENST00000514224.2	NM_000203.5	IDUA	MANE Select
ENST00000394634.7	NM_000204.5	CFI	MANE Select
ENST00000295809.12	NM_001376587.1	IFI16	MANE Select
ENST00000621160.5	NM_001130080.3	IFI27	MANE Select
ENST00000415816.7	NM_001330230.2	IFI35	MANE Select
ENST00000258381.11	NM_080424.4	SP110	MANE Select
ENST00000371826.4	NM_001547.5	IFIT2	MANE Select
ENST00000371804.4	NM_001548.5	IFIT1	MANE Select
ENST00000371818.9	NM_001549.6	IFIT3	MANE Select
ENST00000276927.3	NM_024013.3	IFNA1	MANE Select
ENST00000380206.4	NM_000605.4	IFNA2	MANE Select
ENST00000421715.3	NM_021068.4	IFNA4	MANE Select
ENST00000610521.2	NM_002169.3	IFNA5	MANE Select
ENST00000380210.2	NM_021002.2	IFNA6	MANE Select
ENST00000239347.3	NM_021057.2	IFNA7	MANE Select
ENST00000380205.2	NM_002170.4	IFNA8	MANE Select
ENST00000357374.2	NM_002171.2	IFNA10	MANE Select
ENST00000610660.2	NM_006900.4	IFNA13	MANE Select
ENST00000380222.4	NM_002172.3	IFNA14	MANE Select
ENST00000380216.1	NM_002173.3	IFNA16	MANE Select
ENST00000413767.2	NM_021268.2	IFNA17	MANE Select
ENST00000380225.1	NM_002175.2	IFNA21	MANE Select
ENST00000270139.8	NM_000629.3	IFNAR1	MANE Select
ENST00000342136.9	NM_001289125.3	IFNAR2	MANE Select
ENST00000380232.4	NM_002176.4	IFNB1	MANE Select
ENST00000229135.4	NM_000619.3	IFNG	MANE Select
ENST00000367739.9	NM_000416.3	IFNGR1	MANE Select
ENST00000290219.11	NM_005534.4	IFNGR2	MANE Select
ENST00000380229.4	NM_002177.3	IFNW1	MANE Select
ENST00000403825.8	NM_001550.4	IFRD1	MANE Select
ENST00000356413.5	NM_001551.3	IGBP1	MANE Select
ENST00000337514.11	NM_000618.5	IGF1	MANE Select
ENST00000650285.1	NM_000875.5	IGF1R	MANE Select
ENST00000416167.7	NM_000612.6	IGF2	MANE Select
ENST00000356956.6	NM_000876.4	IGF2R	MANE Select
ENST00000215539.4	NM_004970.3	IGFALS	MANE Select
ENST00000275525.8	NM_000596.4	IGFBP1	MANE Select
ENST00000233809.9	NM_000597.3	IGFBP2	MANE Select
ENST00000613132.5	NM_000598.5	IGFBP3	MANE Select
ENST00000269593.5	NM_001552.3	IGFBP4	MANE Select
ENST00000233813.5	NM_000599.4	IGFBP5	MANE Select
ENST00000301464.4	NM_002178.3	IGFBP6	MANE Select
ENST00000295666.6	NM_001553.3	IGFBP7	MANE Select
ENST00000451137.7	NM_001554.5	CCN1	MANE Select
ENST00000255078.8	NM_002180.3	IGHMBP2	MANE Select
ENST00000254801.9	NM_144646.4	JCHAIN	MANE Select
ENST00000355476.8	NM_015874.6	RBPJ	MANE Select
ENST00000330377.3	NM_020070.4	IGLL1	MANE Select
ENST00000361420.8	NM_001555.5	IGSF1	MANE Select
ENST00000295731.7	NM_002181.4	IHH	MANE Select
ENST00000417647.7	NM_006083.4	IK	MANE Select
ENST00000520810.6	NM_001556.3	IKBKB	MANE Select
ENST00000263339.4	NM_000575.5	IL1A	MANE Select
ENST00000263341.7	NM_000576.3	IL1B	MANE Select
ENST00000410023.6	NM_000877.4	IL1R1	MANE Select
ENST00000447382.6	NM_002182.4	IL1RAP	MANE Select
ENST00000409930.4	NM_173842.3	IL1RN	MANE Select
ENST00000226730.5	NM_000586.4	IL2	MANE Select
ENST00000379959.8	NM_000417.3	IL2RA	MANE Select
ENST00000216223.10	NM_000878.5	IL2RB	MANE Select
ENST00000374202.7	NM_000206.3	IL2RG	MANE Select
ENST00000296870.3	NM_000588.4	IL3	MANE Select
ENST00000331035.10	NM_002183.4	IL3RA	MANE Select
ENST00000231449.7	NM_000589.4	IL4	MANE Select
ENST00000395762.7	NM_000418.4	IL4R	MANE Select
ENST00000231454.6	NM_000879.3	IL5	MANE Select
ENST00000446632.7	NM_175726.4	IL5RA	MANE Select
ENST00000258743.10	NM_000600.5	IL6	MANE Select
ENST00000368485.8	NM_000565.4	IL6R	MANE Select
ENST00000381298.7	NM_002184.4	IL6ST	MANE Select
ENST00000263851.9	NM_000880.4	IL7	MANE Select
ENST00000303115.8	NM_002185.5	IL7R	MANE Select
ENST00000307407.8	NM_000584.4	CXCL8	MANE Select
ENST00000295683.3	NM_000634.3	CXCR1	MANE Select
ENST00000274520.2	NM_000590.2	IL9	MANE Select
ENST00000318507.7	NM_001557.4	CXCR2	MANE Select
ENST00000244174.11	NM_002186.3	IL9R	MANE Select
ENST00000423557.1	NM_000572.3	IL10	MANE Select
ENST00000227752.8	NM_001558.4	IL10RA	MANE Select
ENST00000290200.7	NM_000628.5	IL10RB	MANE Select
ENST00000264563.7	NM_000641.4	IL11	MANE Select
ENST00000441545.7	NM_001142784.3	IL11RA	MANE Select
ENST00000699704.1	NM_001397992.1	IL12A	MANE Select
ENST00000231228.3	NM_002187.3	IL12B	MANE Select
ENST00000593993.7	NM_005535.3	IL12RB1	MANE Select
ENST00000674203.2	NM_001374259.2	IL12RB2	MANE Select
ENST00000304506.7	NM_002188.3	IL13	MANE Select
ENST00000371666.8	NM_001560.3	IL13RA1	MANE Select
ENST00000243213.2	NM_000640.3	IL13RA2	MANE Select
ENST00000320650.9	NM_000585.5	IL15	MANE Select
ENST00000379977.8	NM_002189.4	IL15RA	MANE Select
ENST00000683961.1	NM_172217.5	IL16	MANE Select
ENST00000377507.8	NM_001561.6	TNFRSF9	MANE Select
ENST00000648244.1	NM_002190.3	IL17A	MANE Select
ENST00000280357.12	NM_001562.4	IL18	MANE Select
ENST00000335255.10	NM_004514.4	FOXK2	MANE Select
ENST00000361891.9	NM_004515.4	ILF2	MANE Select
ENST00000588657.6	NM_017620.3	ILF3	MANE Select
ENST00000299421.9	NM_004517.4	ILK	MANE Select
ENST00000256108.10	NM_005536.4	IMPA1	MANE Select
ENST00000269159.8	NM_014214.3	IMPA2	MANE Select
ENST00000338791.11	NM_000883.4	IMPDH1	MANE Select
ENST00000326739.9	NM_000884.3	IMPDH2	MANE Select
ENST00000369950.8	NM_001563.4	IMPG1	MANE Select
ENST00000394818.8	NM_001040694.2	INCENP	MANE Select
ENST00000518237.6	NM_002164.6	IDO1	MANE Select
ENST00000333219.9	NM_198219.3	ING1	MANE Select
ENST00000302327.4	NM_001564.4	ING2	MANE Select
ENST00000243786.3	NM_002191.4	INHA	MANE Select
ENST00000242208.5	NM_002192.4	INHBA	MANE Select
ENST00000295228.4	NM_002193.4	INHBB	MANE Select
ENST00000309668.3	NM_005538.4	INHBC	MANE Select
ENST00000306602.3	NM_001565.4	CXCL10	MANE Select
ENST00000392329.7	NM_001128928.2	INPP1	MANE Select
ENST00000381330.5	NM_000207.3	INS	MANE Select
ENST00000409851.8	NM_001134225.2	INPP4A	MANE Select
ENST00000715854.1	NM_001351425.2	INPP4A	MANE Plus Clinical
ENST00000368594.8	NM_005539.5	INPP5A	MANE Select
ENST00000373024.8	NM_005540.3	INPP5B	MANE Select
ENST00000445964.6	NM_001017915.3	INPP5D	MANE Select
ENST00000298229.7	NM_001567.4	INPPL1	MANE Select
ENST00000340368.9	NM_005542.6	INSIG1	MANE Select
ENST00000317306.8	NM_005543.4	INSL3	MANE Select
ENST00000239316.4	NM_002195.2	INSL4	MANE Select
ENST00000310227.3	NM_002196.3	INSM1	MANE Select
ENST00000302850.10	NM_000208.4	INSR	MANE Select
ENST00000368195.4	NM_014215.3	INSRR	MANE Select
ENST00000220849.10	NM_001568.3	EIF3E	MANE Select
ENST00000381033.5	NM_000209.4	PDX1	MANE Select
ENST00000396478.4	NM_005897.3	IPP	MANE Select
ENST00000369980.8	NM_001569.4	IRAK1	MANE Select
ENST00000442250.6	NM_001394928.1	ITGA6	MANE Plus Clinical
ENST00000684293.1	NM_000210.4	ITGA6	MANE Select
ENST00000256458.5	NM_001570.4	IRAK2	MANE Select
ENST00000258886.13	NM_004136.4	IREB2	MANE Select
ENST00000245414.9	NM_002198.3	IRF1	MANE Select
ENST00000393593.8	NM_002199.4	IRF2	MANE Select
ENST00000377139.8	NM_001571.6	IRF3	MANE Select
ENST00000380956.9	NM_002460.4	IRF4	MANE Select
ENST00000357234.10	NM_001098629.3	IRF5	MANE Select
ENST00000367021.8	NM_006147.4	IRF6	MANE Select
ENST00000525445.6	NM_001572.5	IRF7	MANE Select
ENST00000305123.6	NM_005544.3	IRS1	MANE Select
ENST00000306072.10	NM_002201.6	ISG20	MANE Select
ENST00000230658.12	NM_002202.3	ISL1	MANE Select
ENST00000249842.8	NM_005545.4	ISLR	MANE Select
ENST00000282588.7	NM_181501.2	ITGA1	MANE Select
ENST00000296585.10	NM_002203.4	ITGA2	MANE Select
ENST00000262407.6	NM_000419.5	ITGA2B	MANE Select
ENST00000320031.13	NM_002204.4	ITGA3	MANE Select
ENST00000397033.7	NM_000885.6	ITGA4	MANE Select
ENST00000293379.9	NM_002205.5	ITGA5	MANE Select
ENST00000257879.11	NM_002206.3	ITGA7	MANE Select
ENST00000264741.10	NM_002207.3	ITGA9	MANE Select
ENST00000389202.3	NM_005353.3	ITGAD	MANE Select
ENST00000263087.9	NM_002208.5	ITGAE	MANE Select
ENST00000356798.11	NM_002209.3	ITGAL	MANE Select
ENST00000544665.9	NM_000632.4	ITGAM	MANE Select
ENST00000261023.8	NM_002210.5	ITGAV	MANE Select
ENST00000268296.9	NM_000887.5	ITGAX	MANE Select
ENST00000302278.8	NM_002211.4	ITGB1	MANE Select
ENST00000652462.1	NM_000211.5	ITGB2	MANE Select
ENST00000559488.7	NM_000212.3	ITGB3	MANE Select
ENST00000200181.8	NM_000213.5	ITGB4	MANE Select
ENST00000374450.8	NM_002212.4	EIF6	MANE Select
ENST00000296181.9	NM_002213.5	ITGB5	MANE Select
ENST00000283249.7	NM_000888.5	ITGB6	MANE Select
ENST00000267082.10	NM_000889.3	ITGB7	MANE Select
ENST00000222573.5	NM_002214.3	ITGB8	MANE Select
ENST00000273283.7	NM_002215.4	ITIH1	MANE Select
ENST00000358415.9	NM_002216.3	ITIH2	MANE Select
ENST00000449956.3	NM_002217.4	ITIH3	MANE Select
ENST00000266041.9	NM_002218.5	ITIH4	MANE Select
ENST00000422843.8	NM_005546.4	ITK	MANE Select
ENST00000392708.9	NM_152713.5	STT3A	MANE Select
ENST00000380113.8	NM_033453.4	ITPA	MANE Select
ENST00000267615.11	NM_014216.6	ITPK1	MANE Select
ENST00000260386.7	NM_002220.3	ITPKA	MANE Select
ENST00000429204.6	NM_002221.4	ITPKB	MANE Select
ENST00000649015.2	NM_001378452.1	ITPR1	MANE Select
ENST00000381340.8	NM_002223.4	ITPR2	MANE Select
ENST00000605930.3	NM_002224.4	ITPR3	MANE Select
ENST00000487418.8	NM_002225.5	IVD	MANE Select
ENST00000368764.4	NM_005547.4	IVL	MANE Select
ENST00000331782.8	NM_002226.5	JAG2	MANE Select
ENST00000342505.5	NM_002227.4	JAK1	MANE Select
ENST00000381652.4	NM_004972.4	JAK2	MANE Select
ENST00000458235.7	NM_000215.4	JAK3	MANE Select
ENST00000341776.7	NM_004973.4	JARID2	MANE Select
ENST00000371222.4	NM_002228.4	JUN	MANE Select
ENST00000302754.6	NM_002229.3	JUNB	MANE Select
ENST00000252818.5	NM_005354.6	JUND	MANE Select
ENST00000393931.8	NM_002230.4	JUP	MANE Select
ENST00000262648.8	NM_000216.4	ANOS1	MANE Select
ENST00000227155.9	NM_002231.4	CD82	MANE Select
ENST00000302445.8	NM_005548.3	KARS1	MANE Select
ENST00000382545.5	NM_000217.3	KCNA1	MANE Select
ENST00000316361.10	NM_004974.4	KCNA2	MANE Select
ENST00000369769.4	NM_002232.5	KCNA3	MANE Select
ENST00000328224.7	NM_002233.4	KCNA4	MANE Select
ENST00000252321.5	NM_002234.4	KCNA5	MANE Select
ENST00000280684.4	NM_002235.5	KCNA6	MANE Select
ENST00000221444.2	NM_031886.3	KCNA7	MANE Select
ENST00000369771.4	NM_005549.2	KCNA10	MANE Select
ENST00000371741.6	NM_004975.4	KCNB1	MANE Select
ENST00000265969.8	NM_001112741.2	KCNC1	MANE Select
ENST00000549446.6	NM_139137.4	KCNC2	MANE Select
ENST00000477616.2	NM_004977.3	KCNC3	MANE Select
ENST00000438661.3	NM_001039574.3	KCNC4	MANE Select
ENST00000218176.4	NM_004979.6	KCND1	MANE Select
ENST00000331113.9	NM_012281.3	KCND2	MANE Select
ENST00000302127.5	NM_001378969.1	KCND3	MANE Select
ENST00000399286.3	NM_000219.6	KCNE1	MANE Select
ENST00000295082.3	NM_002236.5	KCNF1	MANE Select
ENST00000371571.5	NM_002237.4	KCNG1	MANE Select
ENST00000271751.10	NM_172362.3	KCNH1	MANE Select
ENST00000262186.10	NM_000238.4	KCNH2	MANE Select
ENST00000392666.6	NM_153766.3	KCNJ1	MANE Select
ENST00000243457.4	NM_000891.3	KCNJ2	MANE Select
ENST00000295101.3	NM_002239.4	KCNJ3	MANE Select
ENST00000303592.3	NM_152868.3	KCNJ4	MANE Select
ENST00000529694.6	NM_000890.5	KCNJ5	MANE Select
ENST00000609713.2	NM_002240.5	KCNJ6	MANE Select
ENST00000240662.3	NM_004982.4	KCNJ8	MANE Select
ENST00000368088.4	NM_004983.3	KCNJ9	MANE Select
ENST00000644903.1	NM_002241.5	KCNJ10	MANE Select
ENST00000339994.5	NM_000525.4	KCNJ11	MANE Select
ENST00000583088.6	NM_021012.5	KCNJ12	MANE Select
ENST00000233826.4	NM_002242.4	KCNJ13	MANE Select
ENST00000342291.3	NM_013348.4	KCNJ14	MANE Select
ENST00000398938.7	NM_170736.3	KCNJ15	MANE Select
ENST00000392671.6	NM_170741.4	KCNJ16	MANE Select
ENST00000366621.8	NM_002245.4	KCNK1	MANE Select
ENST00000444842.7	NM_001017425.3	KCNK2	MANE Select
ENST00000302909.4	NM_002246.3	KCNK3	MANE Select
ENST00000286628.14	NM_001161352.2	KCNMA1	MANE Select
ENST00000274629.9	NM_004137.4	KCNMB1	MANE Select
ENST00000684775.1	NM_001386974.1	KCNN1	MANE Select
ENST00000673685.1	NM_021614.4	KCNN2	MANE Select
ENST00000271915.9	NM_002249.6	KCNN3	MANE Select
ENST00000648319.1	NM_002250.3	KCNN4	MANE Select
ENST00000155840.12	NM_000218.3	KCNQ1	MANE Select
ENST00000359125.7	NM_172107.4	KCNQ2	MANE Select
ENST00000388996.10	NM_004519.4	KCNQ3	MANE Select
ENST00000537075.3	NM_001322799.2	KCNS1	MANE Select
ENST00000287042.5	NM_020697.4	KCNS2	MANE Select
ENST00000304101.9	NM_002252.5	KCNS3	MANE Select
ENST00000263923.5	NM_002253.4	KDR	MANE Select
ENST00000355265.7	NM_000420.3	KEL	MANE Select
ENST00000260598.10	NM_006488.3	KHK	MANE Select
ENST00000407818.8	NM_001098511.3	KIF2A	MANE Select
ENST00000264712.8	NM_002254.8	KIF3C	MANE Select
ENST00000455537.7	NM_004984.4	KIF5A	MANE Select
ENST00000302418.5	NM_004521.3	KIF5B	MANE Select
ENST00000435030.6	NM_004522.3	KIF5C	MANE Select
ENST00000445690.7	NM_001130100.2	KIFC3	MANE Select
ENST00000336077.11	NM_014218.3	KIR2DL1	MANE Select
ENST00000612594.3	NM_014219.3	KIR2DL2	MANE Select
ENST00000342376.4	NM_015868.3	KIR2DL3	MANE Select
ENST00000345540.10	NM_001080770.2	KIR2DL4	MANE Select
ENST00000621207.1	NM_014512.1	KIR2DS1	MANE Select
ENST00000614725.2	NM_012313.2	KIR2DS3	MANE Select
ENST00000619771.2	NM_012314.6	KIR2DS4	MANE Select
ENST00000614053.1	NM_014513.3	KIR2DS5	MANE Select
ENST00000391728.8	NM_013289.4	KIR3DL1	MANE Select
ENST00000326321.7	NM_006737.4	KIR3DL2	MANE Select
ENST00000618890.5	NM_001083539.3	KIR3DS1	MANE Select
ENST00000367194.5	NM_002256.4	KISS1	MANE Select
ENST00000288135.6	NM_000222.3	KIT	MANE Select
ENST00000301420.3	NM_002257.4	KLK1	MANE Select
ENST00000325321.8	NM_005551.5	KLK2	MANE Select
ENST00000264690.11	NM_000892.5	KLKB1	MANE Select
ENST00000229402.4	NM_002258.3	KLRB1	MANE Select
ENST00000359151.8	NM_002259.5	KLRC1	MANE Select
ENST00000381902.7	NM_002260.4	KLRC2	MANE Select
ENST00000396439.7	NM_002261.3	KLRC3	MANE Select
ENST00000336164.9	NM_002262.5	KLRD1	MANE Select
ENST00000644859.2	NM_001102416.3	KNG1	MANE Select
ENST00000334553.11	NM_001394837.1	KLC1	MANE Select
ENST00000260731.5	NM_004523.4	KIF11	MANE Select
ENST00000428849.7	NM_002263.4	KIFC1	MANE Select
ENST00000643607.3	NM_030615.4	KIF25	MANE Select
ENST00000160827.9	NM_007317.3	KIF22	MANE Select
ENST00000344337.11	NM_002264.4	KPNA1	MANE Select
ENST00000290158.9	NM_002265.6	KPNB1	MANE Select
ENST00000330459.8	NM_002266.4	KPNA2	MANE Select
ENST00000261667.8	NM_002267.4	KPNA3	MANE Select
ENST00000334256.9	NM_002268.5	KPNA4	MANE Select
ENST00000368564.7	NM_001366306.2	KPNA5	MANE Select
ENST00000337273.10	NM_002270.4	TNPO1	MANE Select
ENST00000651721.2	NM_002271.6	IPO5	MANE Select
ENST00000256078.10	NM_033360.4	KRAS	MANE Plus Clinical
ENST00000311936.8	NM_004985.5	KRAS	MANE Select
ENST00000528743.4	NM_005553.4	KRTAP5-9	MANE Select
ENST00000252244.3	NM_006121.4	KRT1	MANE Select
ENST00000309680.4	NM_000423.3	KRT2	MANE Select
ENST00000417996.2	NM_057088.3	KRT3	MANE Select
ENST00000551956.2	NM_002272.4	KRT4	MANE Select
ENST00000252242.9	NM_000424.4	KRT5	MANE Select
ENST00000330722.7	NM_005554.4	KRT6A	MANE Select
ENST00000252252.4	NM_005555.4	KRT6B	MANE Select
ENST00000331817.6	NM_005556.4	KRT7	MANE Select
ENST00000692008.1	NM_002273.4	KRT8	MANE Select
ENST00000246662.9	NM_000226.4	KRT9	MANE Select
ENST00000269576.6	NM_000421.5	KRT10	MANE Select
ENST00000251643.5	NM_000223.4	KRT12	MANE Select
ENST00000246635.8	NM_153490.3	KRT13	MANE Select
ENST00000167586.7	NM_000526.5	KRT14	MANE Select
ENST00000254043.8	NM_002275.4	KRT15	MANE Select
ENST00000301653.9	NM_005557.4	KRT16	MANE Select
ENST00000311208.13	NM_000422.3	KRT17	MANE Select
ENST00000388835.4	NM_000224.3	KRT18	MANE Select
ENST00000361566.7	NM_002276.5	KRT19	MANE Select
ENST00000251645.3	NM_002277.3	KRT31	MANE Select
ENST00000225899.4	NM_002278.3	KRT32	MANE Select
ENST00000007735.4	NM_004138.4	KRT33A	MANE Select
ENST00000251646.8	NM_002279.5	KRT33B	MANE Select
ENST00000394001.3	NM_001386014.1	KRT34	MANE Select
ENST00000246639.7	NM_002280.6	KRT35	MANE Select
ENST00000327741.9	NM_002281.4	KRT81	MANE Select
ENST00000257974.3	NM_033033.4	KRT82	MANE Select
ENST00000293670.3	NM_002282.3	KRT83	MANE Select
ENST00000257951.3	NM_033045.4	KRT84	MANE Select
ENST00000257901.7	NM_002283.4	KRT85	MANE Select
ENST00000423955.7	NM_001320198.2	KRT86	MANE Select
ENST00000395314.8	NM_001079521.2	KTN1	MANE Select
ENST00000370060.7	NM_001278116.2	L1CAM	MANE Select
ENST00000391967.7	NM_005558.4	LAD1	MANE Select
ENST00000672756.2	NM_001386135.1	AFF3	MANE Select
ENST00000203629.3	NM_002286.6	LAG3	MANE Select
ENST00000391742.7	NM_002287.6	LAIR1	MANE Select
ENST00000301202.7	NM_002288.6	LAIR2	MANE Select
ENST00000301046.6	NM_002289.3	LALBA	MANE Select
ENST00000421865.3	NM_000426.4	LAMA2	MANE Select
ENST00000269217.11	NM_000227.6	LAMA3	MANE Plus Clinical
ENST00000313654.14	NM_198129.4	LAMA3	MANE Select
ENST00000230538.12	NM_001105206.3	LAMA4	MANE Select
ENST00000252999.7	NM_005560.6	LAMA5	MANE Select
ENST00000222399.11	NM_002291.3	LAMB1	MANE Select
ENST00000305544.9	NM_002292.4	LAMB2	MANE Select
ENST00000356082.9	NM_000228.3	LAMB3	MANE Select
ENST00000258341.5	NM_002293.4	LAMC1	MANE Select
ENST00000332556.5	NM_005561.4	LAMP1	MANE Select
ENST00000264144.5	NM_005562.3	LAMC2	MANE Select
ENST00000200639.9	NM_002294.3	LAMP2	MANE Select
ENST00000301821.11	NM_002295.6	RPSA	MANE Select
ENST00000455785.7	NM_005563.4	STMN1	MANE Select
ENST00000318008.11	NM_006148.4	LASP1	MANE Select
ENST00000217407.3	NM_004139.5	LBP	MANE Select
ENST00000272163.9	NM_002296.4	LBR	MANE Select
ENST00000264005.10	NM_000229.2	LCAT	MANE Select
ENST00000336890.10	NM_005356.5	LCK	MANE Select
ENST00000371781.4	NM_002297.4	LCN1	MANE Select
ENST00000277480.7	NM_005564.5	LCN2	MANE Select
ENST00000323076.7	NM_002298.5	LCP1	MANE Select
ENST00000046794.10	NM_005565.5	LCP2	MANE Select
ENST00000264162.7	NM_002299.4	LCT	MANE Select
ENST00000422447.8	NM_005566.4	LDHA	MANE Select
ENST00000350669.5	NM_002300.8	LDHB	MANE Select
ENST00000541669.6	NM_017448.5	LDHC	MANE Select
ENST00000558518.6	NM_000527.5	LDLR	MANE Select
ENST00000274507.6	NM_002302.3	LECT2	MANE Select
ENST00000308868.5	NM_000230.3	LEP	MANE Select
ENST00000349533.11	NM_002303.6	LEPR	MANE Select
ENST00000302787.3	NM_012318.3	LETM1	MANE Select
ENST00000222725.10	NM_001040167.2	LFNG	MANE Select
ENST00000215909.10	NM_002305.4	LGALS1	MANE Select
ENST00000215886.6	NM_006498.3	LGALS2	MANE Select
ENST00000254301.14	NM_002306.4	LGALS3	MANE Select
ENST00000262776.8	NM_005567.4	LGALS3BP	MANE Select
ENST00000307751.9	NM_006149.4	LGALS4	MANE Select
ENST00000378626.5	NM_002307.4	LGALS7	MANE Select
ENST00000366584.9	NM_201544.4	LGALS8	MANE Select
ENST00000395473.7	NM_009587.3	LGALS9	MANE Select
ENST00000649238.3	NM_000894.3	LHB	MANE Select
ENST00000294954.12	NM_000233.4	LHCGR	MANE Select
ENST00000614239.1	NM_005568.5	LHX1	MANE Select
ENST00000249075.4	NM_002309.5	LIF	MANE Select
ENST00000453190.7	NM_001127671.2	LIFR	MANE Select
ENST00000263274.12	NM_000234.3	LIG1	MANE Select
ENST00000378526.9	NM_013975.4	LIG3	MANE Select
ENST00000442234.6	NM_206937.2	LIG4	MANE Select
ENST00000596399.2	NM_001161748.2	LIM2	MANE Select
ENST00000533213.7	NM_002313.7	ABLIM1	MANE Select
ENST00000336180.7	NM_002314.4	LIMK1	MANE Select
ENST00000331728.9	NM_005569.4	LIMK2	MANE Select
ENST00000544547.6	NM_001193483.3	LIMS1	MANE Select
ENST00000336233.10	NM_000235.4	LIPA	MANE Select
ENST00000299022.10	NM_000236.3	LIPC	MANE Select
ENST00000244289.9	NM_005357.4	LIPE	MANE Select
ENST00000350997.12	NM_013402.7	FADS1	MANE Select
ENST00000392550.8	NM_001031803.2	LLGL2	MANE Select
ENST00000278829.7	NM_021727.5	FADS3	MANE Select
ENST00000316843.9	NM_004140.4	LLGL1	MANE Select
ENST00000251047.6	NM_005570.4	LMAN1	MANE Select
ENST00000368300.9	NM_170707.4	LMNA	MANE Select
ENST00000677389.1	NM_005572.4	LMNA	MANE Plus Clinical
ENST00000261366.10	NM_005573.4	LMNB1	MANE Select
ENST00000335790.8	NM_002315.3	LMO1	MANE Select
ENST00000257818.3	NM_005574.4	LMO2	MANE Select
ENST00000599218.6	NM_006150.5	PRICKLE3	MANE Select
ENST00000377534.8	NM_001306080.2	LMO7	MANE Select
ENST00000342310.7	NM_177398.4	LMX1A	MANE Select
ENST00000373474.9	NM_001174147.2	LMX1B	MANE Select
ENST00000231368.10	NM_005575.3	LNPEP	MANE Select
ENST00000456829.7	NM_001130142.2	VWA5A	MANE Select
ENST00000368742.4	NM_000427.3	LORICRIN	MANE Select
ENST00000231004.5	NM_002317.7	LOX	MANE Select
ENST00000261921.8	NM_005576.4	LOXL1	MANE Select
ENST00000389131.8	NM_002318.3	LOXL2	MANE Select
ENST00000316300.10	NM_005577.4	LPA	MANE Select
ENST00000650287.1	NM_000237.3	LPL	MANE Select
ENST00000262290.9	NM_006151.3	LPO	MANE Select
ENST00000617246.5	NM_001375462.1	LPP	MANE Select
ENST00000556887.6	NM_001366544.2	IRAG2	MANE Select
ENST00000310300.11	NM_002319.5	LRCH4	MANE Select
ENST00000243077.8	NM_002332.3	LRP1	MANE Select
ENST00000649046.1	NM_004525.3	LRP2	MANE Select
ENST00000253193.9	NM_002333.4	LRP3	MANE Select
ENST00000378623.6	NM_002334.4	LRP4	MANE Select
ENST00000261349.9	NM_002336.3	LRP6	MANE Select
ENST00000294304.12	NM_002335.4	LRP5	MANE Select
ENST00000650182.1	NM_002337.4	LRPAP1	MANE Select
ENST00000490035.7	NM_002338.5	LSAMP	MANE Select
ENST00000311604.8	NM_002339.3	LSP1	MANE Select
ENST00000397728.8	NM_002340.6	LSS	MANE Select
ENST00000228740.7	NM_000895.3	LTA4H	MANE Select
ENST00000418386.3	NM_000595.4	LTA	MANE Select
ENST00000429299.3	NM_002341.2	LTB	MANE Select
ENST00000221307.13	NM_000896.3	CYP4F3	MANE Select
ENST00000404816.7	NM_206943.4	LTBP1	MANE Select
ENST00000261978.9	NM_000428.3	LTBP2	MANE Select
ENST00000301873.11	NM_001130144.3	LTBP3	MANE Select
ENST00000228918.9	NM_002342.3	LTBR	MANE Select
ENST00000292596.15	NM_145867.2	LTC4S	MANE Select
ENST00000231751.9	NM_002343.6	LTF	MANE Select
ENST00000263800.11	NM_002344.6	LTK	MANE Select
ENST00000270233.12	NM_005581.5	BCAM	MANE Select
ENST00000266718.5	NM_002345.4	LUM	MANE Select
ENST00000292494.11	NM_002346.3	LY6E	MANE Select
ENST00000342752.9	NM_001135655.2	LY6H	MANE Select
ENST00000263285.11	NM_002348.4	LY9	MANE Select
ENST00000256447.5	NM_005582.3	CD180	MANE Select
ENST00000263636.5	NM_002349.4	LY75	MANE Select
ENST00000264824.5	NM_005583.5	LYL1	MANE Select
ENST00000519728.6	NM_002350.4	LYN	MANE Select
ENST00000371139.9	NM_002351.5	SH2D1A	MANE Select
ENST00000261267.7	NM_000239.3	LYZ	MANE Select
ENST00000371225.4	NM_002353.3	TACSTD2	MANE Select
ENST00000305366.8	NM_014220.3	TM4SF1	MANE Select
ENST00000263735.9	NM_002354.3	EPCAM	MANE Select
ENST00000000412.8	NM_002355.4	M6PR	MANE Select
ENST00000341394.9	NM_005898.5	CAPRIN1	MANE Select
ENST00000590996.6	NM_005899.5	NBR1	MANE Select
ENST00000379919.6	NM_005584.5	MAB21L1	MANE Select
ENST00000612661.2	NM_002356.7	MARCKS	MANE Select
ENST00000264444.7	NM_002357.4	MXD1	MANE Select
ENST00000296509.11	NM_002358.4	MAD2L1	MANE Select
ENST00000302085.9	NM_005900.3	SMAD1	MANE Select
ENST00000262160.11	NM_005901.6	SMAD2	MANE Select
ENST00000327367.9	NM_005902.4	SMAD3	MANE Select
ENST00000342988.8	NM_005359.6	SMAD4	MANE Select
ENST00000545279.6	NM_005903.7	SMAD5	MANE Select
ENST00000288840.10	NM_005585.5	SMAD6	MANE Select
ENST00000262158.8	NM_005904.4	SMAD7	MANE Select
ENST00000379826.5	NM_001127217.3	SMAD9	MANE Select
ENST00000326043.5	NM_005360.5	MAF	MANE Select
ENST00000357736.9	NM_002359.4	MAFG	MANE Select
ENST00000392213.8	NM_002361.4	MAG	MANE Select
ENST00000356661.7	NM_004988.5	MAGEA1	MANE Select
ENST00000684311.1	NM_001386130.2	MAGEA2	MANE Select
ENST00000370278.4	NM_005362.4	MAGEA3	MANE Select
ENST00000276344.6	NM_001011548.1	MAGEA4	MANE Select
ENST00000329342.10	NM_005363.5	MAGEA6	MANE Select
ENST00000286482.6	NM_005364.5	MAGEA8	MANE Select
ENST00000243314.5	NM_005365.5	MAGEA9	MANE Select
ENST00000370323.9	NM_021048.5	MAGEA10	MANE Select
ENST00000355220.6	NM_005366.5	MAGEA11	MANE Select
ENST00000393869.8	NM_001166387.4	MAGEA12	MANE Select
ENST00000397548.4	NM_177404.3	MAGEB1	MANE Select
ENST00000378988.5	NM_002364.5	MAGEB2	MANE Select
ENST00000361644.4	NM_002365.5	MAGEB3	MANE Select
ENST00000378982.4	NM_002367.4	MAGEB4	MANE Select
ENST00000371470.8	NM_002370.4	MAGOH	MANE Select
ENST00000354489.7	NM_001242957.3	MAK	MANE Select
ENST00000309988.9	NM_002371.4	MAL	MANE Select
ENST00000368468.4	NM_005907.4	MAN1A1	MANE Select
ENST00000559717.6	NM_006122.4	MAN2A2	MANE Select
ENST00000267978.10	NM_006715.4	MAN2C1	MANE Select
ENST00000261483.5	NM_002372.4	MAN2A1	MANE Select
ENST00000456935.7	NM_000528.4	MAN2B1	MANE Select
ENST00000647097.2	NM_005908.4	MANBA	MANE Select
ENST00000338702.4	NM_000240.4	MAOA	MANE Select
ENST00000378069.5	NM_000898.5	MAOB	MANE Select
ENST00000300231.6	NM_002373.6	MAP1A	MANE Select
ENST00000296755.12	NM_005909.5	MAP1B	MANE Select
ENST00000682079.1	NM_001375505.1	MAP2	MANE Select
ENST00000683076.1	NM_001385682.1	MAP4	MANE Select
ENST00000304771.8	NM_033063.2	MAP6	MANE Select
ENST00000262410.10	NM_001377265.1	MAPT	MANE Select
ENST00000366917.6	NM_018650.5	MARK1	MANE Select
ENST00000429436.7	NM_001128918.3	MARK3	MANE Select
ENST00000262027.10	NM_004990.4	MARS1	MANE Select
ENST00000674077.2	NM_002377.4	MAS1	MANE Select
ENST00000372213.8	NM_000429.3	MAT1A	MANE Select
ENST00000306434.8	NM_005911.6	MAT2A	MANE Select
ENST00000310132.11	NM_139355.3	MATK	MANE Select
ENST00000373765.5	NM_002379.3	MATN1	MANE Select
ENST00000254898.7	NM_002380.5	MATN2	MANE Select
ENST00000407540.8	NM_002381.5	MATN3	MANE Select
ENST00000358664.9	NM_002382.5	MAX	MANE Select
ENST00000322945.11	NM_002383.4	MAZ	MANE Select
ENST00000397326.7	NM_005368.3	MB	MANE Select
ENST00000269468.10	NM_015846.4	MBD1	MANE Select
ENST00000674931.1	NM_001378373.1	MBL2	MANE Select
ENST00000324210.10	NM_021038.5	MBNL1	MANE Select
ENST00000355994.7	NM_001025101.2	MBP	MANE Select
ENST00000555147.2	NM_002386.4	MC1R	MANE Select
ENST00000327606.4	NM_000529.2	MC2R	MANE Select
ENST00000243911.2	NM_019888.3	MC3R	MANE Select
ENST00000299766.5	NM_005912.3	MC4R	MANE Select
ENST00000589410.2	NM_005913.3	MC5R	MANE Select
ENST00000264036.6	NM_006500.3	MCAM	MANE Select
ENST00000408903.7	NM_001085377.2	MCC	MANE Select
ENST00000332272.9	NM_021615.5	CHST6	MANE Select
ENST00000519895.6	NM_001171876.2	MCF2	MANE Select
ENST00000369026.3	NM_021960.5	MCL1	MANE Select
ENST00000265056.12	NM_004526.4	MCM2	MANE Select
ENST00000596288.7	NM_002388.6	MCM3	MANE Select
ENST00000649973.1	NM_182746.3	MCM4	MANE Select
ENST00000216122.9	NM_006739.4	MCM5	MANE Select
ENST00000264156.3	NM_005915.6	MCM6	MANE Select
ENST00000303887.10	NM_005916.5	MCM7	MANE Select
ENST00000367042.6	NM_172351.3	CD46	MANE Select
ENST00000368765.4	NM_030663.3	SMCP	MANE Select
ENST00000200557.11	NM_002390.6	ADAM11	MANE Select
ENST00000230321.11	NM_005586.4	MDFI	MANE Select
ENST00000249356.4	NM_012328.3	DNAJB9	MANE Select
ENST00000233114.13	NM_005917.4	MDH1	MANE Select
ENST00000315758.10	NM_005918.4	MDH2	MANE Select
ENST00000395566.9	NM_002391.6	MDK	MANE Select
ENST00000258149.11	NM_002392.6	MDM2	MANE Select
ENST00000367182.8	NM_002393.5	MDM4	MANE Select
ENST00000369705.4	NM_002395.6	ME1	MANE Select
ENST00000321341.11	NM_002396.5	ME2	MANE Select
ENST00000244711.4	NM_014623.4	MEA1	MANE Select
ENST00000303391.11	NM_004992.4	MECP2	MANE Plus Clinical
ENST00000453960.7	NM_001110792.2	MECP2	MANE Select
ENST00000557942.6	NM_001319206.4	MEF2A	MANE Select
ENST00000504921.7	NM_002397.5	MEF2C	MANE Select
ENST00000348159.9	NM_005920.4	MEF2D	MANE Select
ENST00000219596.6	NM_000243.3	MEFV	MANE Select
ENST00000272369.14	NM_002398.3	MEIS1	MANE Select
ENST00000561208.6	NM_170675.5	MEIS2	MANE Select
ENST00000399503.4	NM_005921.2	MAP3K1	MANE Select
ENST00000361733.8	NM_002401.5	MAP3K3	MANE Select
ENST00000392142.9	NM_005922.4	MAP3K4	MANE Select
ENST00000359015.5	NM_005923.4	MAP3K5	MANE Select
ENST00000300935.8	NM_005370.5	RAB8A	MANE Select
ENST00000450708.7	NM_001370259.2	MEN1	MANE Select
ENST00000318579.9	NM_004527.4	MEOX1	MANE Select
ENST00000262041.6	NM_005924.5	MEOX2	MANE Select
ENST00000230588.9	NM_005588.3	MEP1A	MANE Select
ENST00000269202.11	NM_005925.3	MEP1B	MANE Select
ENST00000223215.10	NM_002402.4	MEST	MANE Select
ENST00000397752.8	NM_000245.4	MET	MANE Select
ENST00000324871.12	NM_005371.6	METTL1	MANE Select
ENST00000267812.4	NM_005926.3	MFAP1	MANE Select
ENST00000375535.4	NM_002403.4	MFAP2	MANE Select
ENST00000522782.6	NM_005927.5	MFAP3	MANE Select
ENST00000299610.5	NM_002404.3	MFAP4	MANE Select
ENST00000268150.13	NM_005928.4	MFGE8	MANE Select
ENST00000296350.10	NM_005929.6	MELTF	MANE Select
ENST00000356998.8	NM_002405.4	MFNG	MANE Select
ENST00000307826.5	NM_002406.4	MGAT1	MANE Select
ENST00000244930.6	NM_002407.3	SCGB2A1	MANE Select
ENST00000305386.4	NM_002408.4	MGAT2	MANE Select
ENST00000341184.7	NM_002409.5	MGAT3	MANE Select
ENST00000281923.4	NM_002410.5	MGAT5	MANE Select
ENST00000227918.3	NM_002411.4	SCGB2A2	MANE Select
ENST00000640607.2	NM_001329214.4	MIA2	MANE Select
ENST00000644744.1	NM_000899.5	KITLG	MANE Select
ENST00000651593.1	NM_002412.5	MGMT	MANE Select
ENST00000539261.6	NM_000900.5	MGP	MANE Select
ENST00000396210.8	NM_020300.5	MGST1	MANE Select
ENST00000265498.6	NM_002413.5	MGST2	MANE Select
ENST00000367889.8	NM_004528.4	MGST3	MANE Select
ENST00000324288.14	NM_000246.4	CIITA	MANE Select
ENST00000381192.10	NM_002414.5	CD99	MANE Select
ENST00000252229.7	NM_005931.5	MICB	MANE Select
ENST00000317552.9	NM_000381.4	MID1	MANE Select
ENST00000215754.8	NM_002415.2	MIF	MANE Select
ENST00000264888.6	NM_002416.3	CXCL9	MANE Select
ENST00000652304.1	NM_012064.4	MIP	MANE Select
ENST00000382172.4	NM_005932.4	MIPEP	MANE Select
ENST00000352241.9	NM_001354604.2	MITF	MANE Select
ENST00000394351.9	NM_000248.4	MITF	MANE Plus Clinical
ENST00000644486.2	NM_004993.6	ATXN3	MANE Select
ENST00000368654.8	NM_002417.5	MKI67	MANE Select
ENST00000352689.11	NM_013255.5	MKLN1	MANE Select
ENST00000466246.7	NM_001369783.1	MLF1	MANE Select
ENST00000231790.8	NM_000249.4	MLH1	MANE Select
ENST00000554752.7	NM_001284230.2	MAP3K9	MANE Select
ENST00000253055.8	NM_002446.4	MAP3K10	MANE Select
ENST00000430124.7	NM_002418.3	MLN	MANE Select
ENST00000309100.8	NM_002419.4	MAP3K11	MANE Select
ENST00000534358.8	NM_001197104.2	KMT2A	MANE Select
ENST00000252674.9	NM_005934.4	MLLT1	MANE Select
ENST00000395146.9	NM_001166693.3	AFF1	MANE Select
ENST00000380338.9	NM_004529.4	MLLT3	MANE Select
ENST00000683244.1	NM_001386888.1	AFDN	MANE Select
ENST00000621332.5	NM_005937.4	MLLT6	MANE Select
ENST00000374259.8	NM_005938.4	FOXO4	MANE Select
ENST00000358102.8	NM_000901.5	NR3C2	MANE Select
ENST00000256552.11	NM_001252024.2	TRPM1	MANE Select
ENST00000360490.7	NM_007289.4	MME	MANE Select
ENST00000315274.7	NM_002421.4	MMP1	MANE Select
ENST00000219070.9	NM_004530.6	MMP2	MANE Select
ENST00000299855.10	NM_002422.5	MMP3	MANE Select
ENST00000260227.5	NM_002423.5	MMP7	MANE Select
ENST00000236826.8	NM_002424.3	MMP8	MANE Select
ENST00000372330.3	NM_004994.3	MMP9	MANE Select
ENST00000279441.9	NM_002425.3	MMP10	MANE Select
ENST00000215743.8	NM_005940.5	MMP11	MANE Select
ENST00000571244.3	NM_002426.6	MMP12	MANE Select
ENST00000260302.8	NM_002427.4	MMP13	MANE Select
ENST00000311852.11	NM_004995.4	MMP14	MANE Select
ENST00000219271.4	NM_002428.4	MMP15	MANE Select
ENST00000286614.11	NM_005941.5	MMP16	MANE Select
ENST00000360564.5	NM_016155.7	MMP17	MANE Select
ENST00000322569.9	NM_002429.6	MMP19	MANE Select
ENST00000553458.6	NM_005589.4	ALDH6A1	MANE Select
ENST00000302326.5	NM_002430.3	MN1	MANE Select
ENST00000261245.9	NM_002431.4	MNAT1	MANE Select
ENST00000368141.5	NM_002432.3	MNDA	MANE Select
ENST00000174618.5	NM_020310.3	MNT	MANE Select
ENST00000684792.1	NM_001393704.1	MOBP	MANE Select
ENST00000340692.10	NM_001358530.2	MOCS1	MANE Select
ENST00000396954.8	NM_004531.5	MOCS2	MANE Select
ENST00000450852.8	NM_176806.4	MOCS2	MANE Plus Clinical
ENST00000376917.8	NM_206809.4	MOG	MANE Select
ENST00000311923.1	NM_005372.1	MOS	MANE Select
ENST00000369645.6	NM_001321324.2	MOV10	MANE Select
ENST00000315711.12	NM_005944.7	CD200	MANE Select
ENST00000356432.8	NM_001015052.3	MPG	MANE Select
ENST00000352410.9	NM_002435.3	MPI	MANE Select
ENST00000372470.9	NM_005373.3	MPL	MANE Select
ENST00000225275.4	NM_000250.2	MPO	MANE Select
ENST00000369534.8	NM_002436.4	MPP1	MANE Select
ENST00000269095.9	NM_005374.5	MPP2	MANE Select
ENST00000398389.9	NM_001932.6	MPP3	MANE Select
ENST00000429360.6	NM_021126.8	MPST	MANE Select
ENST00000380044.6	NM_002437.5	MPV17	MANE Select
ENST00000533357.5	NM_000530.8	MPZ	MANE Select
ENST00000569591.3	NM_002438.4	MRC1	MANE Select
ENST00000323929.8	NM_005591.4	MRE11	MANE Select
ENST00000399410.8	NM_004996.4	ABCC1	MANE Select
ENST00000392318.8	NM_001130158.3	MYO1B	MANE Select
ENST00000651998.1	NM_001144887.2	CITED1	MANE Select
ENST00000233146.7	NM_000251.3	MSH2	MANE Select
ENST00000265081.7	NM_002439.5	MSH3	MANE Select
ENST00000263187.4	NM_002440.4	MSH4	MANE Select
ENST00000375750.9	NM_172166.4	MSH5	MANE Select
ENST00000257552.7	NM_002442.4	MSI1	MANE Select
ENST00000582163.3	NM_002443.4	MSMB	MANE Select
ENST00000360270.7	NM_002444.3	MSN	MANE Select
ENST00000262101.10	NM_138715.3	MSR1	MANE Select
ENST00000317173.9	NM_012331.5	MSRA	MANE Select
ENST00000449682.3	NM_020998.4	MST1	MANE Select
ENST00000296474.8	NM_002447.4	MST1R	MANE Select
ENST00000382723.5	NM_002448.3	MSX1	MANE Select
ENST00000239243.7	NM_002449.5	MSX2	MANE Select
ENST00000290705.12	NM_005946.3	MT1A	MANE Select
ENST00000334346.3	NM_005947.3	MT1B	MANE Select
ENST00000330439.7	NM_001363555.2	MT1E	MANE Select
ENST00000334350.7	NM_005949.4	MT1F	MANE Select
ENST00000379811.4	NM_001301267.2	MT1G	MANE Select
ENST00000332374.5	NM_005951.2	MT1H	MANE Select
ENST00000379818.4	NM_176870.3	MT1M	MANE Select
ENST00000394485.5	NM_005952.4	MT1X	MANE Select
ENST00000245185.6	NM_005953.5	MT2A	MANE Select
ENST00000200691.5	NM_005954.4	MT3	MANE Select
ENST00000644715.2	NM_002451.4	MTAP	MANE Select
ENST00000369476.8	NM_001018025.4	MTCP1	MANE Select
ENST00000373036.5	NM_005955.3	MTF1	MANE Select
ENST00000356714.6	NM_002452.4	NUDT1	MANE Select
ENST00000652337.1	NM_005956.4	MTHFD1	MANE Select
ENST00000376590.9	NM_005957.5	MTHFR	MANE Select
ENST00000263629.9	NM_002453.3	MTIF2	MANE Select
ENST00000370396.7	NM_000252.3	MTM1	MANE Select
ENST00000644032.2	NM_012335.4	MYO1F	MANE Select
ENST00000307161.5	NM_005958.4	MTNR1A	MANE Select
ENST00000257068.3	NM_005959.5	MTNR1B	MANE Select
ENST00000265517.10	NM_001386140.1	MTTP	MANE Select
ENST00000366577.10	NM_000254.3	MTR	MANE Select
ENST00000440940.7	NM_002454.3	MTRR	MANE Select
ENST00000368376.8	NM_002455.5	MTX1	MANE Select
ENST00000713550.1	NM_002457.5	MUC2	MANE Select
ENST00000379458.9	NM_005960.2	MUC3A	MANE Select
ENST00000463781.8	NM_018406.7	MUC4	MANE Select
ENST00000621226.2	NM_001304359.2	MUC5AC	MANE Select
ENST00000421673.7	NM_005961.3	MUC6	MANE Select
ENST00000304887.6	NM_152291.3	MUC7	MANE Select
ENST00000262294.12	NM_015294.6	TRIM37	MANE Select
ENST00000374448.9	NM_005592.4	MUSK	MANE Select
ENST00000274813.4	NM_000255.4	MMUT	MANE Select
ENST00000456914.7	NM_001048174.2	MUTYH	MANE Select
ENST00000710952.2	NM_001128425.2	MUTYH	MANE Plus Clinical
ENST00000301012.8	NM_002461.3	MVD	MANE Select
ENST00000228510.8	NM_000431.4	MVK	MANE Select
ENST00000398598.8	NM_002462.5	MX1	MANE Select
ENST00000330714.8	NM_002463.2	MX2	MANE Select
ENST00000332674.9	NM_130439.3	MXI1	MANE Select
ENST00000341911.10	NM_001130173.2	MYB	MANE Select
ENST00000522677.8	NM_001080416.4	MYBL1	MANE Select
ENST00000361466.7	NM_002465.4	MYBPC1	MANE Select
ENST00000217026.5	NM_002466.4	MYBL2	MANE Select
ENST00000357701.6	NM_004533.4	MYBPC2	MANE Select
ENST00000545968.6	NM_000256.3	MYBPC3	MANE Select
ENST00000255416.9	NM_004997.3	MYBPH	MANE Select
ENST00000621592.8	NM_002467.6	MYC	MANE Select
ENST00000372816.3	NM_001033081.3	MYCL	MANE Select
ENST00000281043.4	NM_005378.6	MYCN	MANE Select
ENST00000650905.2	NM_002468.5	MYD88	MANE Select
ENST00000215631.9	NM_015675.4	GADD45B	MANE Select
ENST00000228644.4	NM_005593.3	MYF5	MANE Select
ENST00000228641.4	NM_002469.3	MYF6	MANE Select
ENST00000226207.6	NM_005963.4	MYH1	MANE Select
ENST00000245503.10	NM_017534.6	MYH2	MANE Select
ENST00000583535.6	NM_002470.4	MYH3	MANE Select
ENST00000255381.2	NM_017533.2	MYH4	MANE Select
ENST00000405093.9	NM_002471.4	MYH6	MANE Select
ENST00000355349.4	NM_000257.4	MYH7	MANE Select
ENST00000403437.2	NM_002472.3	MYH8	MANE Select
ENST00000216181.11	NM_002473.6	MYH9	MANE Select
ENST00000360416.8	NM_001256012.3	MYH10	MANE Select
ENST00000300036.6	NM_002474.3	MYH11	MANE Select
ENST00000452625.7	NM_001040113.2	MYH11	MANE Plus Clinical
ENST00000352451.4	NM_079420.3	MYL1	MANE Select
ENST00000228841.15	NM_000432.4	MYL2	MANE Select
ENST00000292327.6	NM_000258.3	MYL3	MANE Select
ENST00000393450.5	NM_002476.2	MYL4	MANE Select
ENST00000400159.7	NM_002477.2	MYL5	MANE Select
ENST00000550697.6	NM_021019.5	MYL6	MANE Select
ENST00000360304.8	NM_053025.4	MYLK	MANE Select
ENST00000300119.8	NM_005379.4	MYO1A	MANE Select
ENST00000648651.1	NM_001080779.2	MYO1C	MANE Select
ENST00000318217.10	NM_015194.3	MYO1D	MANE Select
ENST00000288235.9	NM_004998.4	MYO1E	MANE Select
ENST00000399233.7	NM_001382347.1	MYO5A	MANE Select
ENST00000285039.12	NM_001080467.3	MYO5B	MANE Select
ENST00000369977.8	NM_004999.4	MYO6	MANE Select
ENST00000409709.9	NM_000260.4	MYO7A	MANE Select
ENST00000409816.8	NM_001393586.1	MYO7B	MANE Select
ENST00000356056.10	NM_006901.4	MYO9A	MANE Select
ENST00000682292.1	NM_004145.4	MYO9B	MANE Select
ENST00000513610.6	NM_012334.3	MYO10	MANE Select
ENST00000037502.11	NM_000261.2	MYOC	MANE Select
ENST00000250003.4	NM_002478.5	MYOD1	MANE Select
ENST00000241651.5	NM_002479.6	MYOG	MANE Select
ENST00000450142.7	NM_002480.3	PPP1R12A	MANE Select
ENST00000608999.6	NM_002481.4	PPP1R12B	MANE Select
ENST00000328439.6	NM_004535.3	MYT1	MANE Select
ENST00000337386.10	NM_005966.4	NAB1	MANE Select
ENST00000300131.8	NM_005967.4	NAB2	MANE Select
ENST00000454682.6	NM_001365896.1	NACA	MANE Select
ENST00000396398.8	NM_000262.3	NAGA	MANE Select
ENST00000225927.7	NM_000263.4	NAGLU	MANE Select
ENST00000325495.9	NM_005968.5	HNRNPM	MANE Select
ENST00000517649.6	NM_004536.3	NAIP	MANE Select
ENST00000618691.5	NM_004537.7	NAP1L1	MANE Select
ENST00000373517.4	NM_021963.4	NAP1L2	MANE Select
ENST00000373079.4	NM_004538.6	NAP1L3	MANE Select
ENST00000380542.9	NM_005969.4	NAP1L4	MANE Select
ENST00000256854.10	NM_004539.4	NARS1	MANE Select
ENST00000350030.8	NM_002482.4	NASP	MANE Select
ENST00000199764.7	NM_002483.7	CEACAM6	MANE Select
ENST00000375136.8	NM_005380.8	NBL1	MANE Select
ENST00000283027.10	NM_002484.4	NUBP1	MANE Select
ENST00000265433.8	NM_002485.5	NBN	MANE Select
ENST00000316851.12	NM_181351.5	NCAM1	MANE Select
ENST00000400546.6	NM_004540.5	NCAM2	MANE Select
ENST00000375147.8	NM_002486.5	NCBP1	MANE Select
ENST00000367535.8	NM_000433.4	NCF2	MANE Select
ENST00000248899.11	NM_000631.5	NCF4	MANE Select
ENST00000481752.6	NM_001291999.2	NCK1	MANE Select
ENST00000322723.9	NM_005381.3	NCL	MANE Select
ENST00000649030.2	NM_002487.3	NDN	MANE Select
ENST00000642620.1	NM_000266.4	NDP	MANE Select
ENST00000371437.5	NM_004541.4	NDUFA1	MANE Select
ENST00000252102.9	NM_002488.5	NDUFA2	MANE Select
ENST00000485876.6	NM_004542.4	NDUFA3	MANE Select
ENST00000339600.6	NM_002489.4	COXFA4	MANE Select
ENST00000355749.7	NM_005000.5	NDUFA5	MANE Select
ENST00000498737.8	NM_002490.6	NDUFA6	MANE Select
ENST00000301457.3	NM_005001.5	NDUFA7	MANE Select
ENST00000373768.4	NM_014222.3	NDUFA8	MANE Select
ENST00000397345.8	NM_001164508.2	NEB	MANE Select
ENST00000427231.7	NM_001164507.2	NEB	MANE Plus Clinical
ENST00000266544.10	NM_005002.5	NDUFA9	MANE Select
ENST00000252711.7	NM_004544.4	NDUFA10	MANE Select
ENST00000007516.8	NM_005003.3	NDUFAB1	MANE Select
ENST00000605997.6	NM_004545.4	NDUFB1	MANE Select
ENST00000247866.9	NM_004546.3	NDUFB2	MANE Select
ENST00000237889.9	NM_002491.3	NDUFB3	MANE Select
ENST00000184266.3	NM_004547.6	NDUFB4	MANE Select
ENST00000259037.8	NM_002492.4	NDUFB5	MANE Select
ENST00000379847.8	NM_002493.5	NDUFB6	MANE Select
ENST00000215565.3	NM_004146.6	NDUFB7	MANE Select
ENST00000299166.9	NM_005004.4	NDUFB8	MANE Select
ENST00000276689.8	NM_005005.3	NDUFB9	MANE Select
ENST00000268668.11	NM_004548.3	NDUFB10	MANE Select
ENST00000394223.2	NM_001184989.2	NDUFC1	MANE Select
ENST00000281031.5	NM_004549.6	NDUFC2	MANE Select
ENST00000233190.11	NM_005006.7	NDUFS1	MANE Select
ENST00000676972.1	NM_001377299.1	NDUFS2	MANE Select
ENST00000263774.9	NM_004551.3	NDUFS3	MANE Select
ENST00000322776.11	NM_007103.4	NDUFV1	MANE Select
ENST00000296684.10	NM_002495.4	NDUFS4	MANE Select
ENST00000372969.8	NM_004552.3	NDUFS5	MANE Select
ENST00000274137.10	NM_004553.6	NDUFS6	MANE Select
ENST00000313468.10	NM_002496.4	NDUFS8	MANE Select
ENST00000318388.11	NM_021074.5	NDUFV2	MANE Select
ENST00000354250.7	NM_021075.4	NDUFV3	MANE Select
ENST00000331457.9	NM_004147.4	DRG1	MANE Select
ENST00000435532.8	NM_006154.4	NEDD4	MANE Select
ENST00000391971.7	NM_004404.5	SEPTIN2	MANE Select
ENST00000322203.7	NM_007104.5	RPL10A	MANE Select
ENST00000250495.10	NM_006156.3	NEDD8	MANE Select
ENST00000379446.10	NM_006403.4	NEDD9	MANE Select
ENST00000221166.10	NM_005382.2	NEFM	MANE Select
ENST00000310624.7	NM_021076.4	NEFH	MANE Select
ENST00000357134.10	NM_006157.5	NELL1	MANE Select
ENST00000610854.2	NM_006158.5	NEFL	MANE Select
ENST00000507142.6	NM_001199397.3	NEK1	MANE Select
ENST00000366999.9	NM_002497.4	NEK2	MANE Select
ENST00000610828.5	NM_002498.3	NEK3	MANE Select
ENST00000429094.7	NM_001145108.2	NELL2	MANE Select
ENST00000261908.11	NM_002499.4	NEO1	MANE Select
ENST00000375631.5	NM_000434.4	NEU1	MANE Select
ENST00000233840.3	NM_005383.2	NEU2	MANE Select
ENST00000295108.4	NM_002500.5	NEUROD1	MANE Select
ENST00000302584.5	NM_006160.4	NEUROD2	MANE Select
ENST00000314744.6	NM_006161.3	NEUROG1	MANE Select
ENST00000356175.8	NM_000267.4	NF1	MANE Plus Clinical
ENST00000358273.9	NM_001042492.3	NF1	MANE Select
ENST00000338641.10	NM_000268.4	NF2	MANE Select
ENST00000427363.7	NM_001278669.2	NFATC1	MANE Select
ENST00000371564.8	NM_012340.5	NFATC2	MANE Select
ENST00000403491.8	NM_001134673.4	NFIA	MANE Select
ENST00000346183.8	NM_173165.3	NFATC3	MANE Select
ENST00000250373.9	NM_004554.5	NFATC4	MANE Select
ENST00000435572.7	NM_001136023.3	NFE2	MANE Select
ENST00000362042.8	NM_003204.3	NFE2L1	MANE Select
ENST00000397062.8	NM_006164.5	NFE2L2	MANE Select
ENST00000380953.6	NM_001190737.2	NFIB	MANE Select
ENST00000443272.3	NM_001245002.2	NFIC	MANE Select
ENST00000297689.4	NM_005384.3	NFIL3	MANE Select
ENST00000592199.6	NM_001365902.3	NFIX	MANE Select
ENST00000226574.9	NM_003998.4	NFKB1	MANE Select
ENST00000661543.1	NM_001322934.2	NFKB2	MANE Select
ENST00000216797.10	NM_020529.3	NFKBIA	MANE Select
ENST00000313582.6	NM_002503.5	NFKBIB	MANE Select
ENST00000619360.6	NM_004556.3	NFKBIE	MANE Select
ENST00000376148.9	NM_005007.4	NFKBIL1	MANE Select
ENST00000409379.8	NM_013432.5	TONSL	MANE Select
ENST00000682444.1	NM_001143835.2	NFRKB	MANE Select
ENST00000379540.8	NM_002504.6	NFX1	MANE Select
ENST00000341376.11	NM_002505.5	NFYA	MANE Select
ENST00000240055.8	NM_006166.4	NFYB	MANE Select
ENST00000447388.8	NM_014223.5	NFYC	MANE Select
ENST00000369512.3	NM_002506.3	NGF	MANE Select
ENST00000172229.8	NM_002507.4	NGFR	MANE Select
ENST00000302101.6	NM_005598.4	NHLH1	MANE Select
ENST00000320238.3	NM_005599.3	NHLH2	MANE Select
ENST00000401959.6	NM_001003796.2	SNU13	MANE Select
ENST00000676302.1	NM_001291867.2	NHS	MANE Select
ENST00000264187.7	NM_002508.3	NID1	MANE Select
ENST00000375446.5	NM_004148.4	NINJ1	MANE Select
ENST00000305108.10	NM_016533.6	NINJ2	MANE Select
ENST00000368009.7	NM_005600.3	NIT1	MANE Select
ENST00000221978.10	NM_005601.4	NKG7	MANE Select
ENST00000232978.13	NM_005385.4	NKTR	MANE Select
ENST00000377142.5	NM_002509.4	NKX2-2	MANE Select
ENST00000380871.5	NM_006167.4	NKX3-1	MANE Select
ENST00000295886.5	NM_006168.3	NKX6-1	MANE Select
ENST00000649451.1	NM_005386.4	NNAT	MANE Select
ENST00000360476.8	NM_021077.4	NMB	MANE Select
ENST00000258042.2	NM_002511.4	NMBR	MANE Select
ENST00000393196.8	NM_000269.3	NME1	MANE Select
ENST00000512737.6	NM_002512.4	NME2	MANE Select
ENST00000219302.8	NM_002513.3	NME3	MANE Select
ENST00000219479.7	NM_005009.3	NME4	MANE Select
ENST00000380455.11	NM_000904.6	NQO2	MANE Select
ENST00000258960.7	NM_021079.5	NMT1	MANE Select
ENST00000299964.4	NM_006169.3	NNMT	MANE Select
ENST00000287139.8	NM_018055.5	NODAL	MANE Select
ENST00000322166.10	NM_001258308.2	NOP2	MANE Select
ENST00000276079.13	NM_007363.5	NONO	MANE Select
ENST00000317775.11	NM_000620.5	NOS1	MANE Select
ENST00000313735.11	NM_000625.4	NOS2	MANE Select
ENST00000297494.8	NM_000603.5	NOS3	MANE Select
ENST00000229195.8	NM_014515.7	CNOT2	MANE Select
ENST00000221232.11	NM_014516.4	CNOT3	MANE Select
ENST00000541284.6	NM_001190850.2	CNOT4	MANE Select
ENST00000651671.1	NM_017617.5	NOTCH1	MANE Select
ENST00000242152.7	NM_000905.4	NPY	MANE Select
ENST00000256646.7	NM_024408.4	NOTCH2	MANE Select
ENST00000263388.7	NM_000435.3	NOTCH3	MANE Select
ENST00000375023.3	NM_004557.4	NOTCH4	MANE Select
ENST00000259526.4	NM_002514.4	CCN3	MANE Select
ENST00000539517.7	NM_002515.3	NOVA1	MANE Select
ENST00000263257.6	NM_002516.4	NOVA2	MANE Select
ENST00000361505.10	NM_000270.4	PNP	MANE Select
ENST00000602212.6	NM_002517.4	NPAS1	MANE Select
ENST00000335681.10	NM_002518.4	NPAS2	MANE Select
ENST00000278612.9	NM_002519.3	NPAT	MANE Select
ENST00000269228.10	NM_000271.5	NPC1	MANE Select
ENST00000445609.7	NM_001128178.3	NPHP1	MANE Select
ENST00000378910.10	NM_004646.4	NPHS1	MANE Select
ENST00000296930.10	NM_002520.7	NPM1	MANE Select
ENST00000376480.7	NM_006172.4	NPPA	MANE Select
ENST00000376468.4	NM_002521.3	NPPB	MANE Select
ENST00000409852.2	NM_024409.4	NPPC	MANE Select
ENST00000368680.4	NM_000906.4	NPR1	MANE Select
ENST00000342694.7	NM_003995.4	NPR2	MANE Select
ENST00000265074.13	NM_001204375.2	NPR3	MANE Select
ENST00000306773.5	NM_002522.4	NPTX1	MANE Select
ENST00000265634.4	NM_002523.3	NPTX2	MANE Select
ENST00000296533.3	NM_000909.6	NPY1R	MANE Select
ENST00000329476.4	NM_000910.4	NPY2R	MANE Select
ENST00000338566.8	NM_006174.4	NPY5R	MANE Select
ENST00000262052.9	NM_000617.3	SLC11A2	MANE Select
ENST00000359988.4	NM_198060.4	NRAP	MANE Select
ENST00000369535.5	NM_002524.5	NRAS	MANE Select
ENST00000379028.8	NM_001037132.4	NRCAM	MANE Select
ENST00000352171.12	NM_001101662.2	NRDC	MANE Select
ENST00000393232.6	NM_005011.5	NRF1	MANE Select
ENST00000284292.11	NM_006176.3	NRGN	MANE Select
ENST00000561028.6	NM_001354768.3	NRL	MANE Select
ENST00000303212.3	NM_004558.5	NRTN	MANE Select
ENST00000321358.12	NM_004559.5	YBX1	MANE Select
ENST00000398238.8	NM_006178.4	NSF	MANE Select
ENST00000257770.8	NM_002526.4	NT5E	MANE Select
ENST00000423158.4	NM_001102654.2	NTF3	MANE Select
ENST00000593537.2	NM_006179.5	NTF4	MANE Select
ENST00000651570.2	NM_002528.7	NTHL1	MANE Select
ENST00000524377.7	NM_002529.4	NTRK1	MANE Select
ENST00000277120.8	NM_006180.6	NTRK2	MANE Select
ENST00000629765.3	NM_001012338.3	NTRK3	MANE Select
ENST00000293973.2	NM_006181.3	NTN3	MANE Select
ENST00000371079.6	NM_005012.4	ROR1	MANE Select
ENST00000375708.4	NM_004560.4	ROR2	MANE Select
ENST00000367921.8	NM_006182.4	DDR2	MANE Select
ENST00000256010.7	NM_006183.5	NTS	MANE Select
ENST00000370501.4	NM_002531.3	NTSR1	MANE Select
ENST00000405315.9	NM_006184.6	NUCB1	MANE Select
ENST00000529010.6	NM_005013.4	NUCB2	MANE Select
ENST00000393695.8	NM_006185.4	NUMA1	MANE Select
ENST00000573584.6	NM_002532.6	NUP88	MANE Select
ENST00000324932.12	NM_016320.5	NUP98	MANE Select
ENST00000339562.9	NM_006186.4	NR4A2	MANE Select
ENST00000281701.11	NM_002533.4	NVL	MANE Select
ENST00000467482.6	NM_000273.3	GPR143	MANE Select
ENST00000202917.10	NM_016816.4	OAS1	MANE Select
ENST00000392583.7	NM_002535.3	OAS2	MANE Select
ENST00000228928.12	NM_006187.4	OAS3	MANE Select
ENST00000368845.6	NM_000274.4	OAT	MANE Select
ENST00000376771.9	NM_002536.4	TBC1D25	MANE Select
ENST00000354638.8	NM_000275.3	OCA2	MANE Select
ENST00000257627.5	NM_006188.4	OCM2	MANE Select
ENST00000371113.9	NM_000276.4	OCRL	MANE Select
ENST00000234111.9	NM_002539.3	ODC1	MANE Select
ENST00000285402.4	NM_024410.4	ODF1	MANE Select
ENST00000351030.8	NM_001351578.2	ODF2	MANE Select
ENST00000375550.5	NM_005014.3	OMD	MANE Select
ENST00000222673.6	NM_002541.4	OGDH	MANE Select
ENST00000344629.12	NM_002542.6	OGG1	MANE Select
ENST00000375561.10	NM_014057.5	OGN	MANE Select
ENST00000309539.8	NM_002543.4	OLR1	MANE Select
ENST00000247271.5	NM_002544.5	OMG	MANE Select
ENST00000529803.1	NM_006189.1	OMP	MANE Select
ENST00000361510.8	NM_130837.3	OPA1	MANE Select
ENST00000524381.6	NM_001012393.5	OPCML	MANE Select
ENST00000297350.9	NM_002546.4	TNFRSF11B	MANE Select
ENST00000355520.6	NM_002547.3	OPHN1	MANE Select
ENST00000234961.7	NM_000911.4	OPRD1	MANE Select
ENST00000265572.8	NM_000912.5	OPRK1	MANE Select
ENST00000336866.7	NM_182647.4	OPRL1	MANE Select
ENST00000330432.12	NM_000914.5	OPRM1	MANE Select
ENST00000327720.6	NM_007374.3	SIX6	MANE Select
ENST00000641833.1	NM_002548.3	OR1D2	MANE Select
ENST00000304646.3	NM_001370640.6	OR1F1	MANE Select
ENST00000304936.4	NM_012368.3	OR2C1	MANE Select
ENST00000323404.2	NM_002550.3	OR3A1	MANE Select
ENST00000573901.3	NM_002551.5	OR3A2	MANE Select
ENST00000371568.8	NM_004153.4	ORC1	MANE Select
ENST00000234296.7	NM_006190.5	ORC2	MANE Select
ENST00000392857.10	NM_181741.4	ORC4	MANE Select
ENST00000297431.9	NM_002553.4	ORC5	MANE Select
ENST00000649076.2	NM_002555.6	SLC67A1	MANE Select
ENST00000259396.9	NM_000607.4	ORM1	MANE Select
ENST00000431067.4	NM_000608.4	ORM2	MANE Select
ENST00000263847.6	NM_002556.3	OSBP	MANE Select
ENST00000215781.3	NM_020530.6	OSM	MANE Select
ENST00000039007.5	NM_000531.6	OTC	MANE Select
ENST00000064724.8	NM_005602.6	CLDN11	MANE Select
ENST00000282549.7	NM_014562.4	OTX1	MANE Select
ENST00000672264.2	NM_021728.4	OTX2	MANE Select
ENST00000369732.4	NM_002557.4	OVGP1	MANE Select
ENST00000335987.8	NM_004561.4	OVOL1	MANE Select
ENST00000612549.6	NM_005015.5	OXA1L	MANE Select
ENST00000196371.10	NM_000436.4	OXCT1	MANE Select
ENST00000217386.2	NM_000915.4	OXT	MANE Select
ENST00000316793.8	NM_000916.4	OXTR	MANE Select
ENST00000225538.4	NM_002558.4	P2RX1	MANE Select
ENST00000263314.3	NM_002559.5	P2RX3	MANE Select
ENST00000337233.9	NM_002560.3	P2RX4	MANE Select
ENST00000225328.10	NM_002561.4	P2RX5	MANE Select
ENST00000328963.10	NM_002562.6	P2RX7	MANE Select
ENST00000305097.6	NM_002563.5	P2RY1	MANE Select
ENST00000393597.7	NM_002564.4	P2RY2	MANE Select
ENST00000374519.4	NM_002565.4	P2RY4	MANE Select
ENST00000540124.6	NM_001277204.2	P2RY6	MANE Select
ENST00000321826.5	NM_002566.5	P2RY11	MANE Select
ENST00000394890.7	NM_001017962.3	P4HA1	MANE Select
ENST00000331483.9	NM_000918.4	P4HB	MANE Select
ENST00000303305.11	NM_006191.3	PA2G4	MANE Select
ENST00000261313.3	NM_002567.4	PEBP1	MANE Select
ENST00000281589.5	NM_030979.3	PABPC3	MANE Select
ENST00000268171.8	NM_002569.4	FURIN	MANE Select
ENST00000611716.5	NM_002570.5	PCSK6	MANE Select
ENST00000479141.6	NM_002571.4	PAEP	MANE Select
ENST00000397195.10	NM_000430.4	PAFAH1B1	MANE Select
ENST00000527958.6	NM_002572.4	PAFAH1B2	MANE Select
ENST00000262890.8	NM_002573.4	PAFAH1B3	MANE Select
ENST00000374282.8	NM_000437.4	PAFAH2	MANE Select
ENST00000319248.13	NM_181697.3	PRDX1	MANE Select
ENST00000553106.6	NM_000277.3	PAH	MANE Select
ENST00000223095.5	NM_000602.5	SERPINE1	MANE Select
ENST00000299502.9	NM_002575.3	SERPINB2	MANE Select
ENST00000356341.8	NM_002576.5	PAK1	MANE Select
ENST00000327134.7	NM_002577.4	PAK2	MANE Select
ENST00000372007.10	NM_002578.5	PAK3	MANE Select
ENST00000338448.10	NM_002579.3	PALM	MANE Select
ENST00000438793.8	NM_001177306.2	PAM	MANE Select
ENST00000263665.7	NM_020872.3	CNTN3	MANE Select
ENST00000305165.3	NM_002580.3	REG3A	MANE Select
ENST00000328252.4	NM_002581.5	PAPPA	MANE Select
ENST00000366898.6	NM_004562.3	PRKN	MANE Select
ENST00000437198.7	NM_002582.4	PARN	MANE Select
ENST00000328827.9	NM_002583.4	PAWR	MANE Select
ENST00000613128.5	NM_001257096.2	PAX1	MANE Select
ENST00000355243.8	NM_000278.5	PAX2	MANE Select
ENST00000392070.7	NM_181458.4	PAX3	MANE Select
ENST00000639438.3	NM_001366110.1	PAX4	MANE Select
ENST00000358127.9	NM_016734.3	PAX5	MANE Select
ENST00000640368.2	NM_001368894.2	PAX6	MANE Select
ENST00000420770.7	NM_001135254.2	PAX7	MANE Select
ENST00000259467.9	NM_005388.5	PDCL	MANE Select
ENST00000361487.7	NM_001372076.1	PAX9	MANE Select
ENST00000420696.7	NM_002585.4	PBX1	MANE Select
ENST00000375050.6	NM_002586.5	PBX2	MANE Select
ENST00000373489.10	NM_006195.6	PBX3	MANE Select
ENST00000393960.7	NM_001040716.2	PC	MANE Select
ENST00000299299.4	NM_000281.4	PCBD1	MANE Select
ENST00000303577.7	NM_006196.4	PCBP1	MANE Select
ENST00000546463.6	NM_031989.5	PCBP2	MANE Select
ENST00000376285.6	NM_000282.4	PCCA	MANE Select
ENST00000251654.9	NM_000532.5	PCCB	MANE Select
ENST00000287008.8	NM_032420.5	PCDH1	MANE Select
ENST00000308177.5	NM_002588.4	PCDHGC3	MANE Select
ENST00000695919.1	NM_001173523.2	PCDH7	MANE Select
ENST00000377942.7	NM_002590.4	PCDH8	MANE Select
ENST00000377865.7	NM_203487.3	PCDH9	MANE Select
ENST00000329597.12	NM_000624.6	SERPINA5	MANE Select
ENST00000319441.6	NM_002591.4	PCK1	MANE Select
ENST00000216780.9	NM_004563.4	PCK2	MANE Select
ENST00000325083.13	NM_006197.4	PCM1	MANE Select
ENST00000464889.7	NM_001360452.2	PCMT1	MANE Select
ENST00000379143.10	NM_182649.2	PCNA	MANE Select
ENST00000359568.10	NM_006031.6	PCNT	MANE Select
ENST00000223061.6	NM_002593.4	PCOLCE	MANE Select
ENST00000397901.8	NM_002768.5	CHMP1A	MANE Select
ENST00000328619.10	NM_006198.3	PCP4	MANE Select
ENST00000311106.8	NM_000439.5	PCSK1	MANE Select
ENST00000674117.1	NM_001372043.1	PCSK5	MANE Select
ENST00000262545.7	NM_002594.5	PCSK2	MANE Select
ENST00000357227.9	NM_006201.5	CDK16	MANE Select
ENST00000261211.8	NM_002595.5	CDK17	MANE Select
ENST00000429964.7	NM_212502.3	CDK18	MANE Select
ENST00000431016.6	NM_001312673.2	PCYT1A	MANE Select
ENST00000391997.3	NM_002597.5	PDC	MANE Select
ENST00000334409.10	NM_005018.3	PDCD1	MANE Select
ENST00000541970.6	NM_002598.4	PDCD2	MANE Select
ENST00000409365.6	NM_001363871.4	PDE1A	MANE Select
ENST00000396191.6	NM_001191057.4	PDE1C	MANE Select
ENST00000334456.10	NM_002599.5	PDE2A	MANE Select
ENST00000359062.4	NM_000921.5	PDE3A	MANE Select
ENST00000282096.9	NM_000922.4	PDE3B	MANE Select
ENST00000380702.7	NM_001111307.2	PDE4A	MANE Select
ENST00000341517.9	NM_002600.4	PDE4B	MANE Select
ENST00000262805.17	NM_001098818.4	PDE4C	MANE Select
ENST00000340635.11	NM_001104631.2	PDE4D	MANE Select
ENST00000255266.10	NM_000440.3	PDE6A	MANE Select
ENST00000371447.4	NM_006204.4	PDE6C	MANE Select
ENST00000287600.9	NM_002601.4	PDE6D	MANE Select
ENST00000331056.10	NM_002602.4	PDE6G	MANE Select
ENST00000266395.3	NM_006205.3	PDE6H	MANE Select
ENST00000401827.8	NM_001242318.3	PDE7A	MANE Select
ENST00000394553.6	NM_002605.3	PDE8A	MANE Select
ENST00000291539.11	NM_002606.3	PDE9A	MANE Select
ENST00000243052.8	NM_000924.4	PDE1B	MANE Select
ENST00000402802.8	NM_033023.5	PDGFA	MANE Select
ENST00000331163.11	NM_002608.4	PDGFB	MANE Select
ENST00000257290.10	NM_006206.6	PDGFRA	MANE Select
ENST00000251630.11	NM_001372073.1	PDGFRL	MANE Select
ENST00000496514.6	NM_000283.4	PDE6B	MANE Select
ENST00000261799.9	NM_002609.4	PDGFRB	MANE Select
ENST00000422285.7	NM_000284.4	PDHA1	MANE Select
ENST00000295266.6	NM_005390.5	PDHA2	MANE Select
ENST00000302746.11	NM_000925.4	PDHB	MANE Select
ENST00000282077.8	NM_002610.5	PDK1	MANE Select
ENST00000503176.6	NM_002611.5	PDK2	MANE Select
ENST00000379162.9	NM_005391.5	PDK3	MANE Select
ENST00000005178.6	NM_002612.4	PDK4	MANE Select
ENST00000647893.1	NM_006208.3	ENPP1	MANE Select
ENST00000075322.11	NM_001040092.3	ENPP2	MANE Select
ENST00000357639.8	NM_005021.5	ENPP3	MANE Select
ENST00000342085.9	NM_002613.5	PDPK1	MANE Select
ENST00000644269.2	NM_000441.2	SLC26A4	MANE Select
ENST00000217305.3	NM_024411.5	PDYN	MANE Select
ENST00000417171.6	NM_001201325.2	PDZK1	MANE Select
ENST00000563924.6	NM_000442.5	PECAM1	MANE Select
ENST00000254722.9	NM_002615.7	SERPINF1	MANE Select
ENST00000326441.15	NM_006210.3	PEG3	MANE Select
ENST00000451791.7	NM_001135690.3	PENK	MANE Select
ENST00000244137.12	NM_000285.4	PEPD	MANE Select
ENST00000317276.9	NM_002616.3	PER1	MANE Select
ENST00000263985.11	NM_004564.3	GATB	MANE Select
ENST00000248633.9	NM_000466.3	PEX1	MANE Select
ENST00000304611.13	NM_000287.4	PEX6	MANE Select
ENST00000318471.5	NM_000288.4	PEX7	MANE Select
ENST00000447513.7	NM_002617.4	PEX10	MANE Select
ENST00000225873.9	NM_000286.3	PEX12	MANE Select
ENST00000295030.6	NM_002618.4	PEX13	MANE Select
ENST00000356607.9	NM_004565.3	PEX14	MANE Select
ENST00000296029.4	NM_002619.4	PF4	MANE Select
ENST00000226524.4	NM_002620.4	PF4V1	MANE Select
ENST00000314666.11	NM_012393.3	PFAS	MANE Select
ENST00000396992.8	NM_001145252.3	CFP	MANE Select
ENST00000261813.9	NM_002622.5	PFDN1	MANE Select
ENST00000368010.4	NM_012394.4	PFDN2	MANE Select
ENST00000371419.7	NM_002623.4	PFDN4	MANE Select
ENST00000334478.9	NM_002624.4	PFDN5	MANE Select
ENST00000648908.2	NM_001374385.1	ATP8B1	MANE Select
ENST00000375006.8	NM_002625.4	PFKFB1	MANE Select
ENST00000367080.8	NM_006212.2	PFKFB2	MANE Select
ENST00000379775.9	NM_004566.4	PFKFB3	MANE Select
ENST00000232375.8	NM_004567.4	PFKFB4	MANE Select
ENST00000349048.9	NM_002626.6	PFKL	MANE Select
ENST00000379242.8	NM_053276.4	VIT	MANE Select
ENST00000359794.11	NM_000289.6	PFKM	MANE Select
ENST00000381125.9	NM_002627.5	PFKP	MANE Select
ENST00000225655.6	NM_005022.4	PFN1	MANE Select
ENST00000239940.12	NM_053024.4	PFN2	MANE Select
ENST00000380050.8	NM_001287135.2	CDK14	MANE Select
ENST00000312403.10	NM_014224.5	PGA5	MANE Select
ENST00000334828.6	NM_002629.4	PGAM1	MANE Select
ENST00000297283.4	NM_000290.4	PGAM2	MANE Select
ENST00000373025.7	NM_002630.4	PGC	MANE Select
ENST00000270776.13	NM_002631.4	PGD	MANE Select
ENST00000555567.6	NM_002632.6	PGF	MANE Select
ENST00000419445.6	NM_005023.4	PGGT1B	MANE Select
ENST00000373316.5	NM_000291.4	PGK1	MANE Select
ENST00000304801.6	NM_138733.5	PGK2	MANE Select
ENST00000371084.8	NM_002633.3	PGM1	MANE Select
ENST00000513973.6	NM_015599.3	PGM3	MANE Select
ENST00000396396.6	NM_021965.4	PGM5	MANE Select
ENST00000325455.10	NM_000926.4	PGR	MANE Select
ENST00000622132.5	NM_001348946.2	ABCB1	MANE Select
ENST00000649586.2	NM_000443.4	ABCB4	MANE Select
ENST00000300408.8	NM_002634.4	PHB1	MANE Select
ENST00000228318.8	NM_005888.4	SLC25A3	MANE Plus Clinical
ENST00000552981.6	NM_002635.4	SLC25A3	MANE Select
ENST00000379374.5	NM_000444.6	PHEX	MANE Select
ENST00000374516.8	NM_024165.3	PHF1	MANE Select
ENST00000359246.9	NM_005392.4	PHF2	MANE Select
ENST00000373542.9	NM_002637.4	PHKA1	MANE Select
ENST00000379942.5	NM_000292.3	PHKA2	MANE Select
ENST00000323584.10	NM_000293.3	PHKB	MANE Select
ENST00000297373.7	NM_006213.5	PHKG1	MANE Select
ENST00000563588.6	NM_000294.3	PHKG2	MANE Select
ENST00000263038.9	NM_006214.4	PHYH	MANE Select
ENST00000393087.9	NM_000295.5	SERPINA1	MANE Select
ENST00000243924.4	NM_002638.4	PI3	MANE Select
ENST00000557004.6	NM_006215.4	SERPINA4	MANE Select
ENST00000382771.9	NM_002639.5	SERPINB5	MANE Select
ENST00000380539.7	NM_004568.6	SERPINB6	MANE Select
ENST00000409304.6	NM_001136528.2	SERPINE2	MANE Select
ENST00000397985.7	NM_002640.4	SERPINB8	MANE Select
ENST00000380698.5	NM_004155.6	SERPINB9	MANE Select
ENST00000238508.8	NM_005024.3	SERPINB10	MANE Select
ENST00000446050.7	NM_001122752.2	SERPINI1	MANE Select
ENST00000344731.10	NM_012397.4	SERPINB13	MANE Select
ENST00000264677.9	NM_006217.6	SERPINI2	MANE Select
ENST00000333590.6	NM_002641.4	PIGA	MANE Select
ENST00000344529.5	NM_153747.2	PIGC	MANE Select
ENST00000281382.11	NM_002643.4	PIGF	MANE Select
ENST00000216452.9	NM_004569.5	PIGH	MANE Select
ENST00000356495.5	NM_002644.4	PIGR	MANE Select
ENST00000691414.1	NM_002645.4	PIK3C2A	MANE Select
ENST00000684373.1	NM_001377334.1	PIK3C2B	MANE Select
ENST00000538779.6	NM_001288772.2	PIK3C2G	MANE Select
ENST00000262039.9	NM_002647.4	PIK3C3	MANE Select
ENST00000263967.4	NM_006218.4	PIK3CA	MANE Select
ENST00000674063.1	NM_006219.3	PIK3CB	MANE Select
ENST00000373509.6	NM_002648.4	PIM1	MANE Select
ENST00000377346.9	NM_005026.5	PIK3CD	MANE Select
ENST00000496166.6	NM_001282426.2	PIK3CG	MANE Select
ENST00000521381.6	NM_181523.3	PIK3R1	MANE Select
ENST00000222254.13	NM_005027.4	PIK3R2	MANE Select
ENST00000255882.11	NM_058004.4	PI4KA	MANE Select
ENST00000368873.6	NM_001369623.2	PI4KB	MANE Select
ENST00000247970.9	NM_006221.4	PIN1	MANE Select
ENST00000373669.8	NM_006223.4	PIN4	MANE Select
ENST00000291009.4	NM_002652.3	PIP	MANE Select
ENST00000376573.9	NM_005028.5	PIP4K2A	MANE Select
ENST00000313486.12	NM_006224.4	PITPNA	MANE Select
ENST00000265340.12	NM_002653.5	PITX1	MANE Select
ENST00000644743.1	NM_000325.6	PITX2	MANE Select
ENST00000370002.8	NM_005029.4	PITX3	MANE Select
ENST00000262304.9	NM_001009944.3	PKD1	MANE Select
ENST00000237596.7	NM_000297.4	PKD2	MANE Select
ENST00000342741.6	NM_000298.6	PKLR	MANE Select
ENST00000371117.8	NM_138694.4	PKHD1	MANE Select
ENST00000335181.10	NM_002654.6	PKM	MANE Select
ENST00000291547.10	NM_004571.5	PKNOX1	MANE Select
ENST00000367324.8	NM_001005337.3	PKP1	MANE Select
ENST00000340811.9	NM_001005242.3	PKP2	MANE Select
ENST00000308366.9	NM_000928.3	PLA2G1B	MANE Select
ENST00000482011.3	NM_001395463.1	PLA2G2A	MANE Select
ENST00000367466.4	NM_024420.3	PLA2G4A	MANE Select
ENST00000375108.4	NM_000929.3	PLA2G5	MANE Select
ENST00000316981.8	NM_002655.3	PLAG1	MANE Select
ENST00000674357.1	NM_001317162.2	PLAGL1	MANE Select
ENST00000246229.5	NM_002657.3	PLAGL2	MANE Select
ENST00000220809.9	NM_000930.5	PLAT	MANE Select
ENST00000372764.4	NM_002658.6	PLAU	MANE Select
ENST00000340093.8	NM_002659.4	PLAUR	MANE Select
ENST00000260402.8	NM_004573.3	PLCB2	MANE Select
ENST00000279230.12	NM_000932.5	PLCB3	MANE Select
ENST00000378473.9	NM_001377142.1	PLCB4	MANE Select
ENST00000334661.5	NM_006225.4	PLCD1	MANE Select
ENST00000428675.6	NM_006226.4	PLCL1	MANE Select
ENST00000685551.1	NM_002660.3	PLCG1	MANE Select
ENST00000564138.6	NM_002661.5	PLCG2	MANE Select
ENST00000351298.9	NM_002662.5	PLD1	MANE Select
ENST00000263088.11	NM_002663.5	PLD2	MANE Select
ENST00000345136.8	NM_201384.3	PLEC	MANE Select
ENST00000356346.7	NM_201378.4	PLEC	MANE Plus Clinical
ENST00000308192.14	NM_000301.5	PLG	MANE Select
ENST00000234313.8	NM_002664.3	PLEK	MANE Select
ENST00000359481.9	NM_002665.4	PLGLB2	MANE Select
ENST00000355705.4	NM_001032392.4	PLGLB1	MANE Select
ENST00000453066.6	NM_000934.4	SERPINF2	MANE Select
ENST00000300055.10	NM_002666.5	PLIN1	MANE Select
ENST00000300093.9	NM_005030.6	PLK1	MANE Select
ENST00000351325.9	NM_021902.4	FXYD1	MANE Select
ENST00000604404.6	NM_005971.4	FXYD3	MANE Select
ENST00000357525.6	NM_002667.5	PLN	MANE Select
ENST00000196061.5	NM_000302.4	PLOD1	MANE Select
ENST00000282903.10	NM_182943.3	PLOD2	MANE Select
ENST00000621218.5	NM_000533.5	PLP1	MANE Select
ENST00000376327.6	NM_002668.3	PLP2	MANE Select
ENST00000499023.7	NM_002669.4	PLRG1	MANE Select
ENST00000457734.7	NM_001145319.2	PLS1	MANE Select
ENST00000355899.8	NM_005032.7	PLS3	MANE Select
ENST00000342435.9	NM_021105.3	PLSCR1	MANE Select
ENST00000372431.8	NM_006227.4	PLTP	MANE Select
ENST00000393409.3	NM_032242.4	PLXNA1	MANE Select
ENST00000367033.4	NM_025179.4	PLXNA2	MANE Select
ENST00000296440.11	NM_001130082.3	PLXNB1	MANE Select
ENST00000361971.10	NM_005393.3	PLXNB3	MANE Select
ENST00000316660.7	NM_021127.3	PMAIP1	MANE Select
ENST00000329406.5	NM_002674.4	PMCH	MANE Select
ENST00000301908.8	NM_006228.5	PNOC	MANE Select
ENST00000268058.8	NM_033238.3	PML	MANE Select
ENST00000216259.8	NM_002676.3	PMM1	MANE Select
ENST00000268261.9	NM_000303.3	PMM2	MANE Select
ENST00000256103.3	NM_002677.5	PMP2	MANE Select
ENST00000312280.9	NM_000304.4	PMP22	MANE Select
ENST00000441310.7	NM_000534.5	PMS1	MANE Select
ENST00000243498.10	NM_005033.3	EXOSC9	MANE Select
ENST00000376936.9	NM_001001998.3	EXOSC10	MANE Select
ENST00000265849.12	NM_000535.7	PMS2	MANE Select
ENST00000239461.11	NM_022716.4	PRRX1	MANE Select
ENST00000369221.2	NM_000936.4	PNLIP	MANE Select
ENST00000358834.9	NM_006229.4	PNLIPRP1	MANE Select
ENST00000709157.1	NM_005396.5	PNLIPRP2	MANE Select
ENST00000269582.3	NM_002686.4	PNMT	MANE Select
ENST00000216832.9	NM_002687.4	PNN	MANE Select
ENST00000380680.5	NM_007106.4	UBL3	MANE Select
ENST00000455784.7	NM_002688.6	SEPTIN5	MANE Select
ENST00000672673.2	NM_001368771.2	SEPTIN4	MANE Select
ENST00000378555.8	NM_001018111.3	PODXL	MANE Select
ENST00000379068.8	NM_001330360.2	POLA1	MANE Select
ENST00000265421.9	NM_002690.3	POLB	MANE Select
ENST00000440232.7	NM_002691.4	POLD1	MANE Select
ENST00000610533.6	NM_006230.4	POLD2	MANE Select
ENST00000320574.10	NM_006231.4	POLE	MANE Select
ENST00000216367.10	NM_002692.4	POLE2	MANE Select
ENST00000268124.11	NM_002693.3	POLG	MANE Select
ENST00000372236.9	NM_006502.3	POLH	MANE Select
ENST00000643490.2	NM_000937.5	POLR2A	MANE Select
ENST00000314595.6	NM_000938.3	POLR2B	MANE Select
ENST00000219252.10	NM_032940.3	POLR2C	MANE Select
ENST00000272645.9	NM_004805.4	POLR2D	MANE Select
ENST00000615234.5	NM_002695.5	POLR2E	MANE Select
ENST00000442738.7	NM_021974.5	POLR2F	MANE Select
ENST00000301788.12	NM_002696.3	POLR2G	MANE Select
ENST00000456318.6	NM_006232.5	POLR2H	MANE Select
ENST00000221859.9	NM_006233.5	POLR2I	MANE Select
ENST00000292614.10	NM_006234.6	POLR2J	MANE Select
ENST00000353107.8	NM_005034.4	POLR2K	MANE Select
ENST00000322028.5	NM_021128.5	POLR2L	MANE Select
ENST00000588649.7	NM_005035.4	POLRMT	MANE Select
ENST00000395826.7	NM_000939.4	POMC	MANE Select
ENST00000222381.8	NM_000446.7	PON1	MANE Select
ENST00000222572.8	NM_000305.3	PON2	MANE Select
ENST00000265627.10	NM_000940.3	PON3	MANE Select
ENST00000461988.6	NM_001395413.1	POR	MANE Select
ENST00000350375.7	NM_000306.4	POU1F1	MANE Select
ENST00000393067.8	NM_006235.3	POU2AF1	MANE Select
ENST00000367866.7	NM_002697.4	POU2F1	MANE Select
ENST00000692977.1	NM_001394376.1	POU2F2	MANE Select
ENST00000373012.5	NM_002699.4	POU3F1	MANE Select
ENST00000328345.8	NM_005604.4	POU3F2	MANE Select
ENST00000361360.4	NM_006236.3	POU3F3	MANE Select
ENST00000644024.2	NM_000307.5	POU3F4	MANE Select
ENST00000377208.7	NM_006237.4	POU4F1	MANE Select
ENST00000281321.3	NM_004575.3	POU4F2	MANE Select
ENST00000646991.2	NM_002700.3	POU4F3	MANE Select
ENST00000259915.13	NM_002701.6	POU5F1	MANE Select
ENST00000696633.1	NM_001159542.3	POU5F1B	MANE Select
ENST00000333640.12	NM_001330422.2	POU6F1	MANE Select
ENST00000373232.8	NM_021129.4	PPA1	MANE Select
ENST00000407236.6	NM_005036.6	PPARA	MANE Select
ENST00000360694.8	NM_006238.5	PPARD	MANE Select
ENST00000651735.1	NM_138711.6	PPARG	MANE Select
ENST00000300651.11	NM_004774.4	MED1	MANE Select
ENST00000286719.12	NM_006239.3	PPEF2	MANE Select
ENST00000264220.6	NM_002703.5	PPAT	MANE Select
ENST00000296028.4	NM_002704.3	PPBP	MANE Select
ENST00000470157.2	NM_001377996.1	PPEF1	MANE Select
ENST00000646241.3	NM_000308.4	CTSA	MANE Select
ENST00000468812.6	NM_021130.5	PPIA	MANE Select
ENST00000300026.4	NM_000942.5	PPIB	MANE Select
ENST00000306442.5	NM_000943.5	PPIC	MANE Select
ENST00000307720.4	NM_005038.3	PPID	MANE Select
ENST00000345988.7	NM_002705.5	PPL	MANE Select
ENST00000395076.9	NM_021003.5	PPM1A	MANE Select
ENST00000282412.9	NM_002706.6	PPM1B	MANE Select
ENST00000344034.5	NM_177983.3	PPM1G	MANE Select
ENST00000367999.9	NM_001122764.3	PPOX	MANE Select
ENST00000376745.9	NM_002708.4	PPP1CA	MANE Select
ENST00000395366.3	NM_002709.3	PPP1CB	MANE Select
ENST00000335007.10	NM_002710.4	PPP1CC	MANE Select
ENST00000257905.13	NM_006741.4	PPP1R1A	MANE Select
ENST00000618156.5	NM_006241.8	PPP1R2	MANE Select
ENST00000284601.4	NM_002711.4	PPP1R3A	MANE Select
ENST00000238994.6	NM_005398.7	PPP1R3C	MANE Select
ENST00000370996.5	NM_006242.4	PPP1R3D	MANE Select
ENST00000234038.11	NM_002712.3	PPP1R7	MANE Select
ENST00000311772.10	NM_014110.5	PPP1R8	MANE Select
ENST00000376511.7	NM_002714.4	PPP1R10	MANE Select
ENST00000481195.6	NM_002715.4	PPP2CA	MANE Select
ENST00000221138.9	NM_001009552.2	PPP2CB	MANE Select
ENST00000322088.11	NM_014225.6	PPP2R1A	MANE Select
ENST00000527614.6	NM_002716.5	PPP2R1B	MANE Select
ENST00000380737.8	NM_002717.4	PPP2R2A	MANE Select
ENST00000394411.9	NM_181675.4	PPP2R2B	MANE Select
ENST00000382599.9	NM_020416.4	PPP2R2C	MANE Select
ENST00000264977.8	NM_002718.5	PPP2R3A	MANE Select
ENST00000393370.7	NM_178000.3	PTPA	MANE Select
ENST00000261461.7	NM_006243.4	PPP2R5A	MANE Select
ENST00000164133.7	NM_006244.4	PPP2R5B	MANE Select
ENST00000694906.1	NM_001352913.2	PPP2R5C	MANE Select
ENST00000485511.6	NM_006245.4	PPP2R5D	MANE Select
ENST00000337537.8	NM_006246.5	PPP2R5E	MANE Select
ENST00000394854.8	NM_000944.5	PPP3CA	MANE Select
ENST00000279387.12	NM_002720.3	PPP4C	MANE Select
ENST00000360663.10	NM_021132.4	PPP3CB	MANE Select
ENST00000240139.10	NM_005605.5	PPP3CC	MANE Select
ENST00000234310.8	NM_000945.4	PPP3R1	MANE Select
ENST00000374806.2	NM_147180.4	PPP3R2	MANE Select
ENST00000012443.9	NM_006247.4	PPP5C	MANE Select
ENST00000373547.9	NM_002721.5	PPP6C	MANE Select
ENST00000642050.2	NM_000310.4	PPT1	MANE Select
ENST00000225992.8	NM_002722.5	PPY	MANE Select
ENST00000374312.5	NM_005972.6	NPY4R	MANE Select
ENST00000538488.3	NM_001394862.1	PRB3	MANE Select
ENST00000279575.7	NM_002723.6	PRB4	MANE Select
ENST00000271526.9	NM_005973.5	PRCC	MANE Select
ENST00000313010.8	NM_005040.4	PRCP	MANE Select
ENST00000343110.3	NM_002725.4	PRELP	MANE Select
ENST00000652536.2	NM_002726.5	PREP	MANE Select
ENST00000441259.2	NM_001083116.3	PRF1	MANE Select
ENST00000242465.4	NM_002727.4	SRGN	MANE Select
ENST00000311862.10	NM_002728.6	PRG2	MANE Select
ENST00000543626.5	NM_001393989.1	PRH1	MANE Select
ENST00000396400.4	NM_001110213.1	PRH2	MANE Select
ENST00000338193.11	NM_000946.3	PRIM1	MANE Select
ENST00000615550.5	NM_000947.5	PRIM2	MANE Select
ENST00000397128.7	NM_006251.6	PRKAA1	MANE Select
ENST00000371244.9	NM_006252.4	PRKAA2	MANE Select
ENST00000229328.10	NM_006253.5	PRKAB1	MANE Select
ENST00000254101.4	NM_005399.5	PRKAB2	MANE Select
ENST00000308677.9	NM_002730.4	PRKACA	MANE Select
ENST00000370685.7	NM_182948.4	PRKACB	MANE Select
ENST00000377276.5	NM_002732.4	PRKACG	MANE Select
ENST00000396418.7	NM_006823.4	PKIA	MANE Select
ENST00000368452.7	NM_181795.3	PKIB	MANE Select
ENST00000548065.7	NM_002733.5	PRKAG1	MANE Select
ENST00000589228.6	NM_002734.5	PRKAR1A	MANE Select
ENST00000537384.6	NM_001164760.2	PRKAR1B	MANE Select
ENST00000265563.13	NM_004157.4	PRKAR2A	MANE Select
ENST00000265717.5	NM_002736.3	PRKAR2B	MANE Select
ENST00000413366.8	NM_002737.3	PRKCA	MANE Select
ENST00000643927.1	NM_002738.7	PRKCB	MANE Select
ENST00000330452.8	NM_006254.4	PRKCD	MANE Select
ENST00000306156.8	NM_005400.3	PRKCE	MANE Select
ENST00000263431.4	NM_002739.5	PRKCG	MANE Select
ENST00000332981.11	NM_006255.5	PRKCH	MANE Select
ENST00000295797.5	NM_002740.6	PRKCI	MANE Select
ENST00000242783.11	NM_002741.5	PKN1	MANE Select
ENST00000370521.8	NM_006256.4	PKN2	MANE Select
ENST00000331968.11	NM_002742.3	PRKD1	MANE Select
ENST00000263125.10	NM_006257.5	PRKCQ	MANE Select
ENST00000677123.1	NM_001289104.2	PRKCSH	MANE Select
ENST00000378567.8	NM_002744.6	PRKCZ	MANE Select
ENST00000314191.7	NM_006904.7	PRKDC	MANE Select
ENST00000373980.11	NM_006258.4	PRKG1	MANE Select
ENST00000264399.6	NM_006259.3	PRKG2	MANE Select
ENST00000215832.11	NM_002745.5	MAPK1	MANE Select
ENST00000263025.9	NM_002746.3	MAPK3	MANE Select
ENST00000400384.7	NM_002747.4	MAPK4	MANE Select
ENST00000261845.7	NM_002748.4	MAPK6	MANE Select
ENST00000395604.8	NM_002749.4	MAPK7	MANE Select
ENST00000374189.6	NM_001323329.2	MAPK8	MANE Select
ENST00000330651.11	NM_002751.7	MAPK11	MANE Select
ENST00000452135.7	NM_002752.5	MAPK9	MANE Select
ENST00000641462.2	NM_138982.4	MAPK10	MANE Select
ENST00000211287.9	NM_002754.5	MAPK13	MANE Select
ENST00000307102.10	NM_002755.4	MAP2K1	MANE Select
ENST00000262948.10	NM_030662.4	MAP2K2	MANE Select
ENST00000342679.9	NM_145109.3	MAP2K3	MANE Select
ENST00000178640.10	NM_145160.3	MAP2K5	MANE Select
ENST00000590474.7	NM_002758.4	MAP2K6	MANE Select
ENST00000397979.4	NM_145185.4	MAP2K7	MANE Select
ENST00000233057.9	NM_001135651.3	EIF2AK2	MANE Select
ENST00000602402.6	NM_006260.5	DNAJC3	MANE Select
ENST00000260045.8	NM_004705.4	THAP12	MANE Select
ENST00000262848.6	NM_005044.5	PRKX	MANE Select
ENST00000306482.2	NM_000948.6	PRL	MANE Select
ENST00000618457.5	NM_000949.7	PRLR	MANE Select
ENST00000312511.4	NM_002761.3	PRM1	MANE Select
ENST00000241808.9	NM_002762.4	PRM2	MANE Select
ENST00000379440.9	NM_000311.5	PRNP	MANE Select
ENST00000245810.2	NM_004158.5	PSPN	MANE Select
ENST00000234071.8	NM_000312.4	PROC	MANE Select
ENST00000357068.11	NM_016335.6	PRODH	MANE Select
ENST00000308304.2	NM_006261.5	PROP1	MANE Select
ENST00000394236.9	NM_000313.4	PROS1	MANE Select
ENST00000366958.9	NM_001270616.2	PROX1	MANE Select
ENST00000257860.9	NM_006262.4	PRPH	MANE Select
ENST00000372435.10	NM_002764.4	PRPS1	MANE Select
ENST00000380668.10	NM_002765.5	PRPS2	MANE Select
ENST00000446526.8	NM_002766.3	PRPSAP1	MANE Select
ENST00000268835.7	NM_002767.4	PRPSAP2	MANE Select
ENST00000378628.9	NM_001142395.2	PRRG1	MANE Select
ENST00000246794.10	NM_000951.3	PRRG2	MANE Select
ENST00000334869.9	NM_005606.7	LGMN	MANE Select
ENST00000311737.12	NM_002769.5	PRSS1	MANE Select
ENST00000539842.6	NM_002770.4	PRSS2	MANE Select
ENST00000379405.4	NM_002771.4	PRSS3	MANE Select
ENST00000296280.11	NM_139125.4	MASP1	MANE Select
ENST00000337774.10	NM_001879.6	MASP1	MANE Plus Clinical
ENST00000428762.6	NM_005045.4	RELN	MANE Select
ENST00000595820.6	NM_005046.4	KLK7	MANE Select
ENST00000284885.8	NM_002772.3	TMPRSS15	MANE Select
ENST00000317508.11	NM_002773.5	PRSS8	MANE Select
ENST00000310157.7	NM_002774.4	KLK6	MANE Select
ENST00000368984.8	NM_002775.5	HTRA1	MANE Select
ENST00000358789.8	NM_145888.3	KLK10	MANE Select
ENST00000234347.10	NM_002777.4	PRTN3	MANE Select
ENST00000394936.8	NM_002778.4	PSAP	MANE Select
ENST00000020673.6	NM_002779.5	PSD	MANE Select
ENST00000324501.10	NM_000021.4	PSEN1	MANE Select
ENST00000366783.8	NM_000447.3	PSEN2	MANE Select
ENST00000436291.7	NM_001184825.2	PSG1	MANE Select
ENST00000406487.6	NM_031246.4	PSG2	MANE Select
ENST00000327495.10	NM_021016.4	PSG3	MANE Select
ENST00000405312.8	NM_002780.5	PSG4	MANE Select
ENST00000342951.11	NM_002781.4	PSG5	MANE Select
ENST00000187910.7	NM_001031850.4	PSG6	MANE Select
ENST00000406070.7	NM_002783.3	PSG7	MANE Select
ENST00000270077.8	NM_002784.5	PSG9	MANE Select
ENST00000320078.12	NM_002785.3	PSG11	MANE Select
ENST00000291041.6	NM_006742.3	PSKH1	MANE Select
ENST00000396394.7	NM_002786.4	PSMA1	MANE Select
ENST00000223321.9	NM_002787.5	PSMA2	MANE Select
ENST00000216455.9	NM_002788.4	PSMA3	MANE Select
ENST00000044462.12	NM_002789.6	PSMA4	MANE Select
ENST00000271308.9	NM_002790.4	PSMA5	MANE Select
ENST00000261479.9	NM_002791.3	PSMA6	MANE Select
ENST00000370873.9	NM_002792.4	PSMA7	MANE Select
ENST00000262193.7	NM_002793.4	PSMB1	MANE Select
ENST00000373237.4	NM_002794.5	PSMB2	MANE Select
ENST00000619426.5	NM_002795.4	PSMB3	MANE Select
ENST00000290541.7	NM_002796.3	PSMB4	MANE Select
ENST00000361611.11	NM_002797.5	PSMB5	MANE Select
ENST00000270586.8	NM_002798.3	PSMB6	MANE Select
ENST00000259457.8	NM_002799.4	PSMB7	MANE Select
ENST00000374882.8	NM_148919.4	PSMB8	MANE Select
ENST00000692052.1	NM_001394028.1	PYY	MANE Select
ENST00000374859.3	NM_002800.5	PSMB9	MANE Select
ENST00000358514.9	NM_002801.4	PSMB10	MANE Select
ENST00000261303.13	NM_002802.3	PSMC1	MANE Select
ENST00000292644.5	NM_002803.4	PSMC2	MANE Select
ENST00000298852.8	NM_002804.5	PSMC3	MANE Select
ENST00000157812.7	NM_006503.4	PSMC4	MANE Select
ENST00000310144.11	NM_002805.6	PSMC5	MANE Select
ENST00000445930.7	NM_002806.5	PSMC6	MANE Select
ENST00000308696.11	NM_002807.4	PSMD1	MANE Select
ENST00000310118.9	NM_002808.5	PSMD2	MANE Select
ENST00000264639.9	NM_002809.4	PSMD3	MANE Select
ENST00000368884.8	NM_002810.4	PSMD4	MANE Select
ENST00000210313.8	NM_005047.4	PSMD5	MANE Select
ENST00000219313.9	NM_002811.5	PSMD7	MANE Select
ENST00000215071.9	NM_002812.5	PSMD8	MANE Select
ENST00000541212.6	NM_002813.7	PSMD9	MANE Select
ENST00000217958.8	NM_002814.4	PSMD10	MANE Select
ENST00000261712.8	NM_002815.4	PSMD11	MANE Select
ENST00000356126.8	NM_002816.5	PSMD12	MANE Select
ENST00000532097.6	NM_002817.4	PSMD13	MANE Select
ENST00000206451.11	NM_006263.4	PSME1	MANE Select
ENST00000216802.10	NM_002818.3	PSME2	MANE Select
ENST00000275605.8	NM_004577.4	PSPH	MANE Select
ENST00000373857.8	NM_000952.5	PTAFR	MANE Select
ENST00000356948.11	NM_002819.5	PTBP1	MANE Select
ENST00000547270.1	NM_176817.5	TAS2R38	MANE Select
ENST00000331920.11	NM_000264.5	PTCH1	MANE Select
ENST00000437951.6	NM_001083603.3	PTCH1	MANE Plus Clinical
ENST00000371953.8	NM_000314.8	PTEN	MANE Select
ENST00000306051.3	NM_000953.3	PTGDR	MANE Select
ENST00000371625.8	NM_000954.6	PTGDS	MANE Select
ENST00000292513.4	NM_000955.3	PTGER1	MANE Select
ENST00000245457.6	NM_000956.4	PTGER2	MANE Select
ENST00000306666.10	NM_198719.2	PTGER3	MANE Select
ENST00000302472.4	NM_000958.3	PTGER4	MANE Select
ENST00000370757.8	NM_000959.4	PTGFR	MANE Select
ENST00000393203.3	NM_020440.4	PTGFRN	MANE Select
ENST00000291294.7	NM_000960.4	PTGIR	MANE Select
ENST00000244043.5	NM_000961.4	PTGIS	MANE Select
ENST00000282091.6	NM_000315.4	PTH	MANE Select
ENST00000362012.7	NM_000962.4	PTGS1	MANE Select
ENST00000367468.10	NM_000963.4	PTGS2	MANE Select
ENST00000545234.6	NM_198965.2	PTHLH	MANE Select
ENST00000449590.6	NM_000316.3	PTH1R	MANE Select
ENST00000272847.7	NM_005048.4	PTH2R	MANE Select
ENST00000696786.1	NM_001352702.2	PTK2	MANE Select
ENST00000542869.3	NM_005975.4	PTK6	MANE Select
ENST00000230419.9	NM_002821.5	PTK7	MANE Select
ENST00000395510.7	NM_002822.5	TWF1	MANE Select
ENST00000409115.8	NM_002823.5	PTMA	MANE Select
ENST00000309083.8	NM_002824.6	PTMS	MANE Select
ENST00000348225.7	NM_002825.7	PTN	MANE Select
ENST00000367602.8	NM_002826.5	QSOX1	MANE Select
ENST00000371621.5	NM_002827.4	PTPN1	MANE Select
ENST00000309660.10	NM_002828.4	PTPN2	MANE Select
ENST00000374541.4	NM_002829.4	PTPN3	MANE Select
ENST00000263708.7	NM_002830.4	PTPN4	MANE Select
ENST00000318974.14	NM_002831.6	PTPN6	MANE Select
ENST00000691036.1	NM_002832.4	PTPN7	MANE Select
ENST00000618819.5	NM_002833.4	PTPN9	MANE Select
ENST00000351677.7	NM_002834.5	PTPN11	MANE Select
ENST00000248594.11	NM_002835.4	PTPN12	MANE Select
ENST00000411767.7	NM_080683.3	PTPN13	MANE Select
ENST00000366956.10	NM_005401.5	PTPN14	MANE Select
ENST00000399903.7	NM_001385305.1	PTPRA	MANE Select
ENST00000334414.11	NM_001109754.4	PTPRB	MANE Select
ENST00000442510.8	NM_002838.5	PTPRC	MANE Select
ENST00000381196.9	NM_002839.4	PTPRD	MANE Select
ENST00000326294.4	NM_005608.3	PTPRCAP	MANE Select
ENST00000254667.8	NM_006504.6	PTPRE	MANE Select
ENST00000359947.9	NM_002840.5	PTPRF	MANE Select
ENST00000474889.6	NM_002841.4	PTPRG	MANE Select
ENST00000376350.8	NM_002842.5	PTPRH	MANE Select
ENST00000418331.7	NM_002843.4	PTPRJ	MANE Select
ENST00000368226.9	NM_002844.4	PTPRK	MANE Select
ENST00000580170.6	NM_001105244.2	PTPRM	MANE Select
ENST00000295718.7	NM_002846.4	PTPRN	MANE Select
ENST00000389418.9	NM_002847.5	PTPRN2	MANE Select
ENST00000281171.9	NM_030667.3	PTPRO	MANE Select
ENST00000283228.7	NM_002849.4	PTPRR	MANE Select
ENST00000262963.11	NM_002850.4	PTPRS	MANE Select
ENST00000393386.7	NM_002851.3	PTPRZ1	MANE Select
ENST00000280362.8	NM_000317.3	PTS	MANE Select
ENST00000295927.4	NM_002852.4	PTX3	MANE Select
ENST00000382038.7	NM_002853.4	RAD1	MANE Select
ENST00000331327.5	NM_005859.5	PURA	MANE Select
ENST00000395699.5	NM_033224.5	PURB	MANE Select
ENST00000417718.7	NM_001315532.2	PVALB	MANE Select
ENST00000425690.8	NM_006505.5	PVR	MANE Select
ENST00000264025.8	NM_002855.5	NECTIN1	MANE Select
ENST00000252483.10	NM_001042724.2	NECTIN2	MANE Select
ENST00000667305.2	NR_190187.1	PVT1	MANE Select
ENST00000291576.12	NM_005049.3	PWP2	MANE Select
ENST00000368072.10	NM_002857.4	PEX19	MANE Select
ENST00000370214.9	NM_002858.4	ABCD3	MANE Select
ENST00000356924.9	NM_005050.4	ABCD4	MANE Select
ENST00000317479.8	NM_018663.3	PXMP2	MANE Select
ENST00000357039.9	NM_000318.3	PEX2	MANE Select
ENST00000637617.2	NM_001385981.1	PXN	MANE Select
ENST00000675855.1	NM_001351132.2	PEX5	MANE Select
ENST00000329875.13	NM_006907.4	PYCR1	MANE Select
ENST00000371224.7	NM_002860.4	ALDH18A1	MANE Select
ENST00000538936.7	NM_002861.5	PCYT2	MANE Select
ENST00000216962.9	NM_002862.4	PYGB	MANE Select
ENST00000216392.8	NM_002863.5	PYGL	MANE Select
ENST00000164139.4	NM_005609.4	PYGM	MANE Select
ENST00000261336.7	NM_002864.3	PZP	MANE Select
ENST00000306125.12	NM_005051.3	QARS1	MANE Select
ENST00000281243.10	NM_000320.3	QDPR	MANE Select
ENST00000409784.8	NM_004161.5	RAB1A	MANE Select
ENST00000262646.12	NM_002865.3	RAB2A	MANE Select
ENST00000497454.6	NM_004761.5	RGL2	MANE Select
ENST00000222256.9	NM_002866.5	RAB3A	MANE Select
ENST00000371655.4	NM_002867.4	RAB3B	MANE Select
ENST00000394836.7	NM_013401.4	RAB3IL1	MANE Select
ENST00000366690.5	NM_004578.4	RAB4A	MANE Select
ENST00000273047.9	NM_004162.5	RAB5A	MANE Select
ENST00000360299.10	NM_002868.4	RAB5B	MANE Select
ENST00000336083.8	NM_198896.2	RAB6A	MANE Select
ENST00000294066.7	NM_004579.5	MAP4K2	MANE Select
ENST00000368575.5	NM_002870.5	RAB13	MANE Select
ENST00000336787.6	NM_183235.3	RAB27A	MANE Select
ENST00000262094.10	NM_004163.4	RAB27B	MANE Select
ENST00000216840.11	NM_182836.3	RABGGTA	MANE Select
ENST00000319942.8	NM_004582.4	RABGGTB	MANE Select
ENST00000367262.4	NM_002871.5	RABIF	MANE Select
ENST00000346213.9	NM_004583.4	RAB5C	MANE Select
ENST00000348035.9	NM_006908.5	RAC1	MANE Select
ENST00000249071.11	NM_002872.5	RAC2	MANE Select
ENST00000306897.9	NM_005052.3	RAC3	MANE Select
ENST00000307980.7	NM_004584.3	RAD9A	MANE Select
ENST00000354868.10	NM_133338.3	RAD17	MANE Select
ENST00000297338.7	NM_006265.3	RAD21	MANE Select
ENST00000586534.6	NM_005053.4	RAD23A	MANE Select
ENST00000358015.8	NM_002874.5	RAD23B	MANE Select
ENST00000267868.8	NM_002875.5	RAD51	MANE Select
ENST00000337432.9	NM_058216.3	RAD51C	MANE Select
ENST00000471583.6	NM_133510.4	RAD51B	MANE Select
ENST00000361847.7	NM_014226.3	MOK	MANE Select
ENST00000345365.11	NM_002878.4	RAD51D	MANE Select
ENST00000358495.8	NM_134424.4	RAD52	MANE Select
ENST00000251849.9	NM_002880.4	RAF1	MANE Select
ENST00000299440.6	NM_000448.3	RAG1	MANE Select
ENST00000311485.8	NM_000536.4	RAG2	MANE Select
ENST00000005257.7	NM_005402.4	RALA	MANE Select
ENST00000272519.10	NM_002881.3	RALB	MANE Select
ENST00000372050.8	NM_006266.4	RALGDS	MANE Select
ENST00000543796.6	NM_006325.5	RAN	MANE Select
ENST00000430524.6	NM_001278639.2	RANBP1	MANE Select
ENST00000283195.11	NM_006267.5	RANBP2	MANE Select
ENST00000356244.8	NM_002883.4	RANGAP1	MANE Select
ENST00000369709.4	NM_002884.4	RAP1A	MANE Select
ENST00000250559.14	NM_001010942.3	RAP1B	MANE Select
ENST00000374765.9	NM_002885.4	RAP1GAP	MANE Select
ENST00000408927.8	NM_001100427.2	RAP1GDS1	MANE Select
ENST00000245304.5	NM_021033.7	RAP2A	MANE Select
ENST00000323534.5	NM_002886.4	RAP2B	MANE Select
ENST00000298854.7	NM_005055.5	RAPSN	MANE Select
ENST00000254066.10	NM_000964.4	RARA	MANE Select
ENST00000330688.9	NM_000965.5	RARB	MANE Select
ENST00000425354.7	NM_000966.6	RARG	MANE Select
ENST00000231572.8	NM_002887.4	RARS1	MANE Select
ENST00000237696.10	NM_206963.2	RARRES1	MANE Select
ENST00000223271.8	NM_002889.4	RARRES2	MANE Select
ENST00000255688.8	NM_004585.5	PLAAT4	MANE Select
ENST00000274376.11	NM_002890.3	RASA1	MANE Select
ENST00000286364.9	NM_006506.5	RASA2	MANE Select
ENST00000558480.7	NM_001145648.3	RASGRF1	MANE Select
ENST00000265080.9	NM_006909.3	RASGRF2	MANE Select
ENST00000267163.6	NM_000321.3	RB1	MANE Select
ENST00000355431.8	NM_002892.4	ARID4A	MANE Select
ENST00000399788.7	NM_001042603.3	KDM5A	MANE Select
ENST00000373493.10	NM_005610.3	RBBP4	MANE Select
ENST00000264515.11	NM_005057.4	RBBP5	MANE Select
ENST00000319715.10	NM_006910.5	RBBP6	MANE Select
ENST00000380087.7	NM_002893.4	RBBP7	MANE Select
ENST00000327155.10	NM_002894.3	RBBP8	MANE Select
ENST00000373664.8	NM_002895.5	RBL1	MANE Select
ENST00000262133.11	NM_005611.4	RBL2	MANE Select
ENST00000376759.8	NM_006743.5	RBM3	MANE Select
ENST00000310092.12	NM_002896.4	RBM4	MANE Select
ENST00000348849.8	NM_016836.4	RBMS1	MANE Select
ENST00000262031.10	NM_002898.4	RBMS2	MANE Select
ENST00000382707.6	NM_005058.4	RBMY1A1	MANE Select
ENST00000672186.1	NM_002899.5	RBP1	MANE Select
ENST00000232217.6	NM_004164.3	RBP2	MANE Select
ENST00000584701.2	NM_002900.3	RBP3	MANE Select
ENST00000371464.8	NM_006744.4	RBP4	MANE Select
ENST00000054950.4	NM_002901.4	RCN1	MANE Select
ENST00000394885.8	NM_002902.3	RCN2	MANE Select
ENST00000369951.9	NM_020061.6	OPN1LW	MANE Select
ENST00000226193.6	NM_002903.3	RCVRN	MANE Select
ENST00000257895.10	NM_002905.5	RDH5	MANE Select
ENST00000230381.7	NM_000322.5	PRPH2	MANE Select
ENST00000645495.2	NM_002906.4	RDX	MANE Select
ENST00000444129.7	NM_002907.4	RECQL	MANE Select
ENST00000394479.4	NM_001291746.2	REL	MANE Select
ENST00000233735.2	NM_002909.5	REG1A	MANE Select
ENST00000305089.8	NM_006507.4	REG1B	MANE Select
ENST00000406246.8	NM_021975.4	RELA	MANE Select
ENST00000221452.13	NM_006509.4	RELB	MANE Select
ENST00000272190.9	NM_000537.4	REN	MANE Select
ENST00000393700.8	NM_002910.6	RENBP	MANE Select
ENST00000262803.10	NM_002911.4	UPF1	MANE Select
ENST00000528416.6	NM_006268.5	DPF2	MANE Select
ENST00000309042.12	NM_005612.5	REST	MANE Select
ENST00000355710.8	NM_020975.6	RET	MANE Select
ENST00000368802.8	NM_001372078.1	REV3L	MANE Select
ENST00000349703.7	NM_002913.5	RFC1	MANE Select
ENST00000055077.8	NM_181471.3	RFC2	MANE Select
ENST00000380071.8	NM_002915.4	RFC3	MANE Select
ENST00000296273.7	NM_002916.5	RFC4	MANE Select
ENST00000454402.7	NM_007370.7	RFC5	MANE Select
ENST00000310496.9	NM_002917.2	RFNG	MANE Select
ENST00000377199.4	NM_006510.5	TRIM27	MANE Select
ENST00000354373.2	NM_021026.2	RFPL1	MANE Select
ENST00000254325.9	NM_002918.5	RFX1	MANE Select
ENST00000303657.10	NM_000635.4	RFX2	MANE Select
ENST00000617270.5	NM_001282116.2	RFX3	MANE Select
ENST00000392842.6	NM_213594.3	RFX4	MANE Select
ENST00000452671.7	NM_001025603.2	RFX5	MANE Select
ENST00000255476.3	NM_000538.4	RFXAP	MANE Select
ENST00000652092.2	NM_001012720.2	RGR	MANE Select
ENST00000367459.8	NM_002922.4	RGS1	MANE Select
ENST00000235382.7	NM_002923.4	RGS2	MANE Select
ENST00000695401.1	NM_001394167.1	RGS3	MANE Select
ENST00000367909.11	NM_005613.6	RGS4	MANE Select
ENST00000440928.6	NM_001364886.1	RGS7	MANE Select
ENST00000369103.3	NM_001005339.2	RGS10	MANE Select
ENST00000336727.8	NM_001394154.1	RGS12	MANE Select
ENST00000391995.7	NM_002927.5	RGS13	MANE Select
ENST00000367558.6	NM_002928.4	RGS16	MANE Select
ENST00000371175.10	NM_000324.3	RHAG	MANE Select
ENST00000294413.13	NM_020485.8	RHCE	MANE Select
ENST00000328664.9	NM_016124.6	RHD	MANE Select
ENST00000262187.10	NM_005614.4	RHEB	MANE Select
ENST00000296271.4	NM_000539.3	RHO	MANE Select
ENST00000335678.7	NM_002929.3	GRK1	MANE Select
ENST00000223862.2	NM_006911.4	RLN1	MANE Select
ENST00000326695.10	NM_002930.4	RIT2	MANE Select
ENST00000374656.5	NM_002931.4	RING1	MANE Select
ENST00000368323.8	NM_006912.6	RIT1	MANE Select
ENST00000268125.10	NM_000326.5	RLBP1	MANE Select
ENST00000372771.5	NM_012421.4	RLF	MANE Select
ENST00000381627.4	NM_134441.3	RLN2	MANE Select
ENST00000363046.2	NR_003051.4	RMRP	MANE Select
ENST00000397967.5	NM_002933.5	RNASE1	MANE Select
ENST00000304625.3	NM_002934.3	RNASE2	MANE Select
ENST00000304639.4	NM_002935.3	RNASE3	MANE Select
ENST00000555835.3	NM_002937.5	RNASE4	MANE Select
ENST00000304677.3	NM_005615.5	RNASE6	MANE Select
ENST00000367559.7	NM_021133.4	RNASEL	MANE Select
ENST00000367510.8	NM_007212.4	RNF2	MANE Select
ENST00000374825.9	NM_005104.4	BRD2	MANE Select
ENST00000314289.13	NM_002938.5	RNF4	MANE Select
ENST00000375094.4	NM_006913.4	RNF5	MANE Select
ENST00000381588.9	NM_005977.4	RNF6	MANE Select
ENST00000354420.7	NM_203387.3	RNH1	MANE Select
ENST00000295640.9	NM_020216.4	RNPEP	MANE Select
ENST00000296577.9	NM_002940.3	ABCE1	MANE Select
ENST00000384659.1	NR_004421.1	RNU1-4	MANE Select
ENST00000618664.2	NR_002716.3	RNU2-1	MANE Select
ENST00000464233.6	NM_002941.4	ROBO1	MANE Select
ENST00000696593.1	NM_001395656.1	ROBO2	MANE Select
ENST00000399799.3	NM_005406.3	ROCK1	MANE Select
ENST00000278833.4	NM_000327.4	ROM1	MANE Select
ENST00000335670.11	NM_134261.3	RORA	MANE Select
ENST00000376896.8	NM_006914.4	RORB	MANE Select
ENST00000318247.7	NM_005060.4	RORC	MANE Select
ENST00000368507.8	NM_001378902.1	ROS1	MANE Select
ENST00000297157.8	NM_203288.2	RP9	MANE Select
ENST00000220676.2	NM_006269.2	RP1	MANE Select
ENST00000218340.4	NM_006915.3	RP2	MANE Select
ENST00000645032.1	NM_001034853.2	RPGR	MANE Select
ENST00000254719.10	NM_002945.5	RPA1	MANE Select
ENST00000373912.8	NM_002946.5	RPA2	MANE Select
ENST00000223129.8	NM_002947.5	RPA3	MANE Select
ENST00000359429.11	NM_199229.3	RPE	MANE Select
ENST00000262340.6	NM_000329.3	RPE65	MANE Select
ENST00000216146.9	NM_000967.4	RPL3	MANE Select
ENST00000268661.8	NM_005061.3	RPL3L	MANE Select
ENST00000307961.11	NM_000968.4	RPL4	MANE Select
ENST00000370321.8	NM_000969.5	RPL5	MANE Select
ENST00000202773.14	NM_000970.6	RPL6	MANE Select
ENST00000352983.7	NM_000971.4	RPL7	MANE Select
ENST00000323345.11	NM_000972.3	RPL7A	MANE Select
ENST00000528957.6	NM_001317782.2	RPL8	MANE Select
ENST00000295955.14	NM_000661.5	RPL9	MANE Select
ENST00000369817.7	NM_006013.5	RPL10	MANE Select
ENST00000643754.2	NM_000975.5	RPL11	MANE Select
ENST00000361436.10	NM_000976.4	RPL12	MANE Select
ENST00000311528.10	NM_000977.4	RPL13	MANE Select
ENST00000307839.10	NM_002948.5	RPL15	MANE Select
ENST00000580261.6	NM_001035006.5	RPL17	MANE Select
ENST00000549920.6	NM_000979.4	RPL18	MANE Select
ENST00000222247.10	NM_000980.4	RPL18A	MANE Select
ENST00000225430.9	NM_000981.4	RPL19	MANE Select
ENST00000311549.11	NM_000982.4	RPL21	MANE Select
ENST00000234875.9	NM_000983.4	RPL22	MANE Select
ENST00000422514.7	NM_000984.6	RPL23A	MANE Select
ENST00000397298.8	NM_021134.4	MRPL23	MANE Select
ENST00000394077.8	NM_000986.4	RPL24	MANE Select
ENST00000648839.1	NM_000987.5	RPL26	MANE Select
ENST00000253788.12	NM_000988.5	RPL27	MANE Select
ENST00000287038.8	NM_000989.4	RPL30	MANE Select
ENST00000314138.11	NM_000990.5	RPL27A	MANE Select
ENST00000344063.7	NM_000991.5	RPL28	MANE Select
ENST00000294189.11	NM_000992.3	RPL29	MANE Select
ENST00000264258.8	NM_000993.5	RPL31	MANE Select
ENST00000429711.7	NM_000994.4	RPL32	MANE Select
ENST00000394667.8	NM_001319236.2	RPL34	MANE Select
ENST00000647248.2	NM_000996.4	RPL35A	MANE Select
ENST00000298289.7	NM_001001.5	RPL36AL	MANE Select
ENST00000274242.10	NM_000997.5	RPL37	MANE Select
ENST00000491306.6	NM_000998.5	RPL37A	MANE Select
ENST00000311111.11	NM_000999.4	RPL38	MANE Select
ENST00000361575.4	NM_001000.4	RPL39	MANE Select
ENST00000546591.6	NM_001035267.2	RPL41	MANE Select
ENST00000553110.8	NM_021029.6	RPL36A	MANE Select
ENST00000392514.9	NM_001002.4	RPLP0	MANE Select
ENST00000260379.11	NM_001003.3	RPLP1	MANE Select
ENST00000321153.9	NM_001004.4	RPLP2	MANE Select
ENST00000333676.8	NM_002949.4	MRPL12	MANE Select
ENST00000308018.9	NM_033362.4	MRPS12	MANE Select
ENST00000296255.8	NM_002950.4	RPN1	MANE Select
ENST00000237530.11	NM_002951.5	RPN2	MANE Select
ENST00000343262.9	NM_002952.4	RPS2	MANE Select
ENST00000531188.6	NM_001005.5	RPS3	MANE Select
ENST00000274065.9	NM_001006.5	RPS3A	MANE Select
ENST00000316084.10	NM_001007.5	RPS4X	MANE Select
ENST00000250784.13	NM_001008.4	RPS4Y1	MANE Select
ENST00000196551.8	NM_001009.4	RPS5	MANE Select
ENST00000380394.9	NM_001010.3	RPS6	MANE Select
ENST00000374168.7	NM_002953.4	RPS6KA1	MANE Select
ENST00000265678.9	NM_021135.6	RPS6KA2	MANE Select
ENST00000379565.9	NM_004586.3	RPS6KA3	MANE Select
ENST00000225577.9	NM_003161.4	RPS6KB1	MANE Select
ENST00000312629.10	NM_003952.3	RPS6KB2	MANE Select
ENST00000645674.2	NM_001011.4	RPS7	MANE Select
ENST00000396651.8	NM_001012.2	RPS8	MANE Select
ENST00000302907.9	NM_001013.4	RPS9	MANE Select
ENST00000648437.1	NM_001014.5	RPS10	MANE Select
ENST00000270625.7	NM_001015.5	RPS11	MANE Select
ENST00000230050.4	NM_001016.4	RPS12	MANE Select
ENST00000525634.6	NM_001017.3	RPS13	MANE Select
ENST00000407193.7	NM_005617.4	RPS14	MANE Select
ENST00000592588.7	NM_001018.5	RPS15	MANE Select
ENST00000322989.8	NM_001019.5	RPS15A	MANE Select
ENST00000251453.8	NM_001020.6	RPS16	MANE Select
ENST00000647841.1	NM_001021.6	RPS17	MANE Select
ENST00000439602.7	NM_022551.3	RPS18	MANE Select
ENST00000598742.6	NM_001022.4	RPS19	MANE Select
ENST00000009589.8	NM_001023.4	RPS20	MANE Select
ENST00000343986.9	NM_001024.4	RPS21	MANE Select
ENST00000296674.13	NM_001025.5	RPS23	MANE Select
ENST00000372360.9	NM_033022.4	RPS24	MANE Select
ENST00000527673.2	NM_001028.3	RPS25	MANE Select
ENST00000646449.2	NM_001029.5	RPS26	MANE Select
ENST00000651669.1	NM_001030.6	RPS27	MANE Select
ENST00000272317.11	NM_002954.6	RPS27A	MANE Select
ENST00000600659.3	NM_001031.5	RPS28	MANE Select
ENST00000245458.11	NM_001032.5	RPS29	MANE Select
ENST00000299759.11	NM_004165.3	RRAD	MANE Select
ENST00000246792.4	NM_006270.5	RRAS	MANE Select
ENST00000377813.6	NM_001365613.2	RRBP1	MANE Select
ENST00000379938.7	NM_001003699.4	RREB1	MANE Select
ENST00000300738.10	NM_001033.5	RRM1	MANE Select
ENST00000304567.10	NM_001034.4	RRM2	MANE Select
ENST00000272430.10	NM_001015055.2	RTKN	MANE Select
ENST00000379984.4	NM_000330.4	RS1	MANE Select
ENST00000345034.2	NM_006511.3	RSC1A1	MANE Select
ENST00000620786.5	NM_001247997.2	CLIP1	MANE Select
ENST00000345264.10	NM_012425.4	RSU1	MANE Select
ENST00000267484.10	NM_021136.3	RTN1	MANE Select
ENST00000245923.9	NM_005619.5	RTN2	MANE Select
ENST00000481739.2	NM_002957.6	RXRA	MANE Select
ENST00000374680.4	NM_021976.5	RXRB	MANE Select
ENST00000359842.10	NM_006917.5	RXRG	MANE Select
ENST00000623711.4	NM_002958.4	RYK	MANE Select
ENST00000359596.8	NM_000540.3	RYR1	MANE Select
ENST00000366574.7	NM_001035.3	RYR2	MANE Select
ENST00000634891.2	NM_001036.6	RYR3	MANE Select
ENST00000292169.6	NM_006271.2	S100A1	MANE Select
ENST00000256637.8	NM_002959.7	SORT1	MANE Select
ENST00000368708.9	NM_005978.4	S100A2	MANE Select
ENST00000368713.8	NM_002960.2	S100A3	MANE Select
ENST00000368716.9	NM_002961.3	S100A4	MANE Select
ENST00000368717.3	NM_001394232.1	S100A5	MANE Select
ENST00000368719.9	NM_014624.4	S100A6	MANE Select
ENST00000368723.4	NM_002963.4	S100A7	MANE Select
ENST00000368733.4	NM_002964.5	S100A8	MANE Select
ENST00000368738.4	NM_002965.4	S100A9	MANE Select
ENST00000368811.8	NM_002966.3	S100A10	MANE Select
ENST00000271638.3	NM_005620.2	S100A11	MANE Select
ENST00000368737.5	NM_005621.2	S100A12	MANE Select
ENST00000476133.6	NM_001024211.2	S100A13	MANE Select
ENST00000291700.9	NM_006272.3	S100B	MANE Select
ENST00000296370.4	NM_005980.3	S100P	MANE Select
ENST00000356524.9	NM_199161.5	SAA1	MANE Select
ENST00000256733.9	NM_030754.5	SAA2	MANE Select
ENST00000278222.7	NM_006512.4	SAA4	MANE Select
ENST00000445902.3	NM_022553.6	VPS52	MANE Select
ENST00000588852.2	NM_001201338.2	SAFB	MANE Select
ENST00000409110.6	NM_000541.5	SAG	MANE Select
ENST00000289416.10	NM_005622.4	ACSM3	MANE Select
ENST00000537235.2	NM_001364564.1	SALL2	MANE Select
ENST00000251020.9	NM_002968.3	SALL1	MANE Select
ENST00000215659.13	NM_002969.6	MAPK12	MANE Select
ENST00000234677.7	NM_006513.4	SARS1	MANE Select
ENST00000257910.8	NM_005981.5	TSPAN31	MANE Select
ENST00000379270.5	NM_002970.4	SAT1	MANE Select
ENST00000338745.11	NM_002971.6	SATB1	MANE Select
ENST00000380817.8	NM_002972.4	SBF1	MANE Select
ENST00000261507.11	NM_006745.5	MSMO1	MANE Select
ENST00000264027.9	NM_006918.5	SC5D	MANE Select
ENST00000436367.6	NM_001128164.2	ATXN1	MANE Select
ENST00000673436.1	NM_001372574.1	ATXN2	MANE Select
ENST00000674280.1	NM_001377405.1	ATXN7	MANE Select
ENST00000424524.3	NR_185841.1	ATXN8OS	MANE Select
ENST00000283752.10	NM_006919.3	SERPINB3	MANE Select
ENST00000341074.10	NM_002974.4	SERPINB4	MANE Select
ENST00000370355.3	NM_005063.5	SCD	MANE Select
ENST00000250340.9	NM_002975.3	CLEC11A	MANE Select
ENST00000380041.8	NM_001037540.3	SCML1	MANE Select
ENST00000674923.1	NM_001165963.4	SCN1A	MANE Select
ENST00000262631.11	NM_001037.5	SCN1B	MANE Select
ENST00000375437.7	NM_001040142.2	SCN2A	MANE Select
ENST00000631182.3	NM_001371246.1	SCN2A	MANE Plus Clinical
ENST00000278947.6	NM_004588.5	SCN2B	MANE Select
ENST00000283254.12	NM_006922.4	SCN3A	MANE Select
ENST00000435607.3	NM_000334.4	SCN4A	MANE Select
ENST00000324727.9	NM_174934.4	SCN4B	MANE Select
ENST00000413689.6	NM_001099404.2	SCN5A	MANE Plus Clinical
ENST00000423572.7	NM_000335.5	SCN5A	MANE Select
ENST00000643258.1	NM_002976.4	SCN7A	MANE Select
ENST00000354534.11	NM_014191.4	SCN8A	MANE Plus Clinical
ENST00000627620.5	NM_001330260.2	SCN8A	MANE Select
ENST00000642356.2	NM_001365536.1	SCN9A	MANE Select
ENST00000449082.3	NM_006514.4	SCN10A	MANE Select
ENST00000228916.7	NM_001038.6	SCNN1A	MANE Select
ENST00000343070.7	NM_000336.3	SCNN1B	MANE Select
ENST00000379116.10	NM_001130413.4	SCNN1D	MANE Select
ENST00000300061.3	NM_001039.4	SCNN1G	MANE Select
ENST00000255390.10	NM_004589.4	SCO1	MANE Select
ENST00000371514.8	NM_002979.5	SCP2	MANE Select
ENST00000176195.4	NM_021920.4	SCT	MANE Select
ENST00000019103.8	NM_002980.3	SCTR	MANE Select
ENST00000399609.7	NM_001098814.2	SRL	MANE Select
ENST00000225842.4	NM_002981.2	CCL1	MANE Select
ENST00000225831.4	NM_002982.4	CCL2	MANE Select
ENST00000613922.2	NM_002983.3	CCL3	MANE Select
ENST00000615140.2	NM_021006.6	CCL3L1	MANE Select
ENST00000615863.2	NM_002984.4	CCL4	MANE Select
ENST00000605140.6	NM_002985.3	CCL5	MANE Select
ENST00000378569.2	NM_006273.4	CCL7	MANE Select
ENST00000394620.2	NM_005623.3	CCL8	MANE Select
ENST00000305869.4	NM_002986.3	CCL11	MANE Select
ENST00000225844.7	NM_005408.3	CCL13	MANE Select
ENST00000618404.5	NM_032963.4	CCL14	MANE Select
ENST00000617897.2	NM_032965.6	CCL15	MANE Select
ENST00000611905.2	NM_004590.4	CCL16	MANE Select
ENST00000219244.9	NM_002987.3	CCL17	MANE Select
ENST00000616054.2	NM_002988.4	CCL18	MANE Select
ENST00000311925.7	NM_006274.3	CCL19	MANE Select
ENST00000358813.5	NM_004591.3	CCL20	MANE Select
ENST00000259607.7	NM_002989.4	CCL21	MANE Select
ENST00000219235.5	NM_002990.5	CCL22	MANE Select
ENST00000615050.2	NM_005064.6	CCL23	MANE Select
ENST00000222902.7	NM_002991.3	CCL24	MANE Select
ENST00000315626.6	NM_005624.4	CCL25	MANE Select
ENST00000226317.10	NM_002993.4	CXCL6	MANE Select
ENST00000306621.8	NM_005409.5	CXCL11	MANE Select
ENST00000296027.5	NM_002994.5	CXCL5	MANE Select
ENST00000367818.4	NM_002995.3	XCL1	MANE Select
ENST00000006053.7	NM_002996.6	CX3CL1	MANE Select
ENST00000254351.9	NM_002997.5	SDC1	MANE Select
ENST00000302190.9	NM_002998.4	SDC2	MANE Select
ENST00000372733.3	NM_002999.4	SDC4	MANE Select
ENST00000260130.9	NM_005625.4	SDCBP	MANE Select
ENST00000343575.11	NM_199168.4	CXCL12	MANE Select
ENST00000247020.9	NM_006923.4	SDF2	MANE Select
ENST00000264932.11	NM_004168.4	SDHA	MANE Select
ENST00000375499.8	NM_003000.3	SDHB	MANE Select
ENST00000367975.7	NM_003001.5	SDHC	MANE Select
ENST00000375549.8	NM_003002.4	SDHD	MANE Select
ENST00000350697.8	NM_183352.3	SEC13	MANE Select
ENST00000436233.9	NM_001143998.2	SEC14L1	MANE Select
ENST00000269389.8	NM_003004.3	SECTM1	MANE Select
ENST00000380579.6	NM_001011658.4	TRAPPC2	MANE Select
ENST00000336735.9	NM_005065.6	SEL1L	MANE Select
ENST00000333360.12	NM_000450.2	SELE	MANE Select
ENST00000236147.6	NM_000655.5	SELL	MANE Select
ENST00000263686.11	NM_003005.4	SELP	MANE Select
ENST00000550948.2	NM_003006.4	SELPLG	MANE Select
ENST00000002829.8	NM_004186.5	SEMA3F	MANE Select
ENST00000372781.4	NM_003007.5	SEMG1	MANE Select
ENST00000372769.4	NM_003008.3	SEMG2	MANE Select
ENST00000514985.6	NM_005410.4	SELENOP	MANE Select
ENST00000601048.6	NM_003009.4	SELENOW	MANE Select
ENST00000353533.10	NM_003010.4	MAP2K4	MANE Select
ENST00000322030.13	NM_003011.4	SET	MANE Select
ENST00000358065.5	NM_006515.4	SETMAR	MANE Select
ENST00000357214.6	NM_005066.3	SFPQ	MANE Select
ENST00000220772.8	NM_003012.5	SFRP1	MANE Select
ENST00000274063.5	NM_003013.3	SFRP2	MANE Select
ENST00000436072.7	NM_003014.4	SFRP4	MANE Select
ENST00000266066.4	NM_003015.3	SFRP5	MANE Select
ENST00000258962.5	NM_006924.5	SRSF1	MANE Select
ENST00000359995.10	NM_001195427.2	SRSF2	MANE Select
ENST00000373715.11	NM_003017.5	SRSF3	MANE Select
ENST00000373795.7	NM_005626.5	SRSF4	MANE Select
ENST00000557154.6	NM_001320214.2	SRSF5	MANE Select
ENST00000244020.5	NM_006275.6	SRSF6	MANE Select
ENST00000313117.11	NM_001031684.3	SRSF7	MANE Select
ENST00000261674.9	NM_004592.4	SFSWAP	MANE Select
ENST00000453386.7	NM_004593.3	TRA2B	MANE Select
ENST00000519937.7	NM_000542.5	SFTPB	MANE Select
ENST00000679463.1	NM_001317778.2	SFTPC	MANE Select
ENST00000372292.8	NM_003019.5	SFTPD	MANE Select
ENST00000262018.8	NM_000023.4	SGCA	MANE Select
ENST00000381431.10	NM_000232.5	SGCB	MANE Select
ENST00000337851.9	NM_000337.6	SGCD	MANE Select
ENST00000218867.4	NM_000231.3	SGCG	MANE Select
ENST00000367858.10	NM_001143676.3	SGK1	MANE Select
ENST00000300175.9	NM_001144757.3	SCG5	MANE Select
ENST00000326317.11	NM_000199.5	SGSH	MANE Select
ENST00000221566.7	NM_003021.4	SGTA	MANE Select
ENST00000333634.10	NM_007341.3	SH3BGR	MANE Select
ENST00000373212.6	NM_003022.3	SH3BGRL	MANE Select
ENST00000503393.8	NM_001122681.2	SH3BP2	MANE Select
ENST00000381318.8	NM_003024.3	ITSN1	MANE Select
ENST00000269886.7	NM_003025.4	SH3GL1	MANE Select
ENST00000380607.5	NM_003026.5	SH3GL2	MANE Select
ENST00000427482.7	NM_003027.5	SH3GL3	MANE Select
ENST00000377707.4	NM_003028.3	SHB	MANE Select
ENST00000380450.9	NM_001040.5	SHBG	MANE Select
ENST00000448116.7	NM_001130040.2	SHC1	MANE Select
ENST00000331272.9	NM_022039.4	FBXW4	MANE Select
ENST00000297261.7	NM_000193.4	SHH	MANE Select
ENST00000316694.8	NM_004169.5	SHMT1	MANE Select
ENST00000328923.8	NM_005412.6	SHMT2	MANE Select
ENST00000686671.1	NM_000451.4	SHOX	MANE Select
ENST00000483851.7	NM_001163678.2	SHOX2	MANE Select
ENST00000264382.8	NM_001041.4	SI	MANE Select
ENST00000394725.3	NM_003031.4	SIAH1	MANE Select
ENST00000312960.4	NM_005067.7	SIAH2	MANE Select
ENST00000169298.8	NM_173216.2	ST6GAL1	MANE Select
ENST00000522652.6	NM_173344.3	ST3GAL1	MANE Select
ENST00000342907.3	NM_006927.4	ST3GAL2	MANE Select
ENST00000444328.7	NM_001254757.2	ST3GAL4	MANE Select
ENST00000347631.8	NM_006279.5	ST3GAL3	MANE Select
ENST00000396037.9	NM_003034.4	ST8SIA1	MANE Select
ENST00000548747.6	NM_001384361.1	PMEL	MANE Select
ENST00000371877.8	NM_001048166.1	STIL	MANE Select
ENST00000369208.8	NM_005068.3	SIM1	MANE Select
ENST00000290399.11	NM_005069.6	SIM2	MANE Select
ENST00000534313.6	NM_006747.4	SIPA1	MANE Select
ENST00000645694.3	NM_005982.4	SIX1	MANE Select
ENST00000260653.5	NM_005413.4	SIX3	MANE Select
ENST00000378536.5	NM_003036.4	SKI	MANE Select
ENST00000259119.9	NM_005414.5	SKIL	MANE Select
ENST00000375394.7	NM_006929.5	SKIC2	MANE Select
ENST00000353411.11	NM_170679.3	SKP1	MANE Select
ENST00000274255.11	NM_005983.4	SKP2	MANE Select
ENST00000338087.10	NM_001045556.3	SLA	MANE Select
ENST00000302035.11	NM_003037.5	SLAMF1	MANE Select
ENST00000262352.8	NM_004170.6	SLC1A1	MANE Select
ENST00000278379.9	NM_004171.4	SLC1A2	MANE Select
ENST00000265113.9	NM_004172.5	SLC1A3	MANE Select
ENST00000358055.8	NM_005070.4	SLC4A3	MANE Select
ENST00000234256.4	NM_003038.5	SLC1A4	MANE Select
ENST00000542575.6	NM_005628.3	SLC1A5	MANE Select
ENST00000594383.2	NM_005071.3	SLC1A6	MANE Select
ENST00000371494.9	NM_006671.6	SLC1A7	MANE Select
ENST00000426263.10	NM_006516.4	SLC2A1	MANE Select
ENST00000314251.8	NM_000340.2	SLC2A2	MANE Select
ENST00000075120.12	NM_006931.3	SLC2A3	MANE Select
ENST00000317370.13	NM_001042.3	SLC2A4	MANE Select
ENST00000377424.9	NM_003039.3	SLC2A5	MANE Select
ENST00000260649.11	NM_000341.4	SLC3A1	MANE Select
ENST00000338663.12	NM_001013251.3	SLC3A2	MANE Select
ENST00000262418.12	NM_000342.4	SLC4A1	MANE Select
ENST00000413384.7	NM_003040.4	SLC4A2	MANE Select
ENST00000266088.9	NM_000343.4	SLC5A1	MANE Select
ENST00000330498.4	NM_003041.4	SLC5A2	MANE Select
ENST00000333137.12	NM_134269.3	SMTN	MANE Select
ENST00000381151.5	NM_006933.7	SLC5A3	MANE Select
ENST00000266086.6	NM_014227.3	SLC5A4	MANE Select
ENST00000222248.4	NM_000453.3	SLC5A5	MANE Select
ENST00000287766.10	NM_003042.4	SLC6A1	MANE Select
ENST00000568943.6	NM_001172501.3	SLC6A2	MANE Select
ENST00000270349.12	NM_001044.5	SLC6A3	MANE Select
ENST00000650711.1	NM_001045.6	SLC6A4	MANE Select
ENST00000622186.5	NM_003043.6	SLC6A6	MANE Select
ENST00000230671.7	NM_014228.5	SLC6A7	MANE Select
ENST00000253122.10	NM_005629.4	SLC6A8	MANE Select
ENST00000372310.8	NM_001024845.3	SLC6A9	MANE Select
ENST00000254488.7	NM_014229.3	SLC6A11	MANE Select
ENST00000684302.1	NM_001122848.3	SLC6A12	MANE Select
ENST00000343164.9	NM_016615.5	SLC6A13	MANE Select
ENST00000380752.10	NM_003045.5	SLC7A1	MANE Select
ENST00000494857.6	NM_001370338.1	SLC7A2	MANE Select
ENST00000236877.11	NM_015063.3	SLC8A2	MANE Select
ENST00000382932.3	NM_004173.3	SLC7A4	MANE Select
ENST00000332839.9	NM_021097.5	SLC8A1	MANE Select
ENST00000356921.7	NM_182932.3	SLC8A3	MANE Select
ENST00000263980.8	NM_003047.5	SLC9A1	MANE Select
ENST00000233969.3	NM_003048.6	SLC9A2	MANE Select
ENST00000264938.8	NM_004174.4	SLC9A3	MANE Select
ENST00000299798.16	NM_004594.3	SLC9A5	MANE Select
ENST00000216540.5	NM_003049.4	SLC10A1	MANE Select
ENST00000245312.5	NM_000452.3	SLC10A2	MANE Select
ENST00000233202.11	NM_000578.4	SLC11A1	MANE Select
ENST00000380993.8	NM_000338.3	SLC12A1	MANE Select
ENST00000262461.7	NM_001046.3	SLC12A2	MANE Select
ENST00000563236.6	NM_001126108.2	SLC12A3	MANE Select
ENST00000316341.8	NM_005072.5	SLC12A4	MANE Select
ENST00000194130.7	NM_022444.4	SLC13A1	MANE Select
ENST00000321925.9	NM_015865.7	SLC14A1	MANE Select
ENST00000376503.10	NM_005073.4	SLC15A1	MANE Select
ENST00000489711.6	NM_021082.4	SLC15A2	MANE Select
ENST00000369626.8	NM_003051.4	SLC16A1	MANE Select
ENST00000587091.6	NM_006517.5	SLC16A2	MANE Select
ENST00000244527.10	NM_005074.5	SLC17A1	MANE Select
ENST00000324417.6	NM_003052.5	SLC34A1	MANE Select
ENST00000276373.10	NM_003053.4	SLC18A1	MANE Select
ENST00000644641.2	NM_003054.6	SLC18A2	MANE Select
ENST00000374115.5	NM_003055.3	SLC18A3	MANE Select
ENST00000311124.9	NM_194255.4	SLC19A1	MANE Select
ENST00000272542.8	NM_005415.5	SLC20A1	MANE Select
ENST00000520262.6	NM_001257180.2	SLC20A2	MANE Select
ENST00000215882.10	NM_005984.5	SLC25A1	MANE Select
ENST00000310926.11	NM_005630.3	SLCO2A1	MANE Select
ENST00000683939.1	NM_001386879.1	SLCO1A2	MANE Select
ENST00000366963.9	NM_003057.3	SLC22A1	MANE Select
ENST00000275300.3	NM_021977.4	SLC22A3	MANE Select
ENST00000366953.8	NM_003058.4	SLC22A2	MANE Select
ENST00000200652.4	NM_003059.3	SLC22A4	MANE Select
ENST00000245407.8	NM_003060.4	SLC22A5	MANE Select
ENST00000266058.9	NM_003061.3	SLIT1	MANE Select
ENST00000519560.6	NM_003062.4	SLIT3	MANE Select
ENST00000305991.3	NM_003063.3	SLN	MANE Select
ENST00000338380.2	NM_003064.4	SLPI	MANE Select
ENST00000020945.4	NM_003068.5	SNAI2	MANE Select
ENST00000371121.5	NM_001282874.2	SMARCA1	MANE Select
ENST00000349721.8	NM_003070.5	SMARCA2	MANE Select
ENST00000310053.10	NM_003071.4	HLTF	MANE Select
ENST00000344626.10	NM_003072.5	SMARCA4	MANE Select
ENST00000646693.2	NM_001387283.1	SMARCA4	MANE Plus Clinical
ENST00000644036.2	NM_003073.5	SMARCB1	MANE Select
ENST00000254480.10	NM_003074.4	SMARCC1	MANE Select
ENST00000550164.6	NM_001330288.2	SMARCC2	MANE Select
ENST00000394963.9	NM_003076.5	SMARCD1	MANE Select
ENST00000448276.7	NM_001098426.2	SMARCD2	MANE Select
ENST00000262188.13	NM_001003801.2	SMARCD3	MANE Select
ENST00000348513.12	NM_003079.5	SMARCE1	MANE Select
ENST00000380707.9	NM_000344.4	SMN1	MANE Select
ENST00000380743.9	NM_017411.4	SMN2	MANE Select
ENST00000249373.8	NM_005631.5	SMO	MANE Select
ENST00000342245.9	NM_000543.5	SMPD1	MANE Select
ENST00000258052.8	NM_003080.3	SMPD2	MANE Select
ENST00000404933.7	NM_004595.5	SMS	MANE Select
ENST00000332859.11	NM_006936.3	SUMO3	MANE Select
ENST00000420826.7	NM_006937.4	SUMO2	MANE Select
ENST00000344754.6	NM_023068.4	SIGLEC1	MANE Select
ENST00000244050.3	NM_005985.4	SNAI1	MANE Select
ENST00000254976.7	NM_130811.4	SNAP25	MANE Select
ENST00000216294.5	NM_003082.4	SNAPC1	MANE Select
ENST00000221573.11	NM_003083.4	SNAPC2	MANE Select
ENST00000380821.8	NM_001039697.2	SNAPC3	MANE Select
ENST00000393693.7	NM_003085.5	SNCB	MANE Select
ENST00000684778.1	NM_003086.4	SNAPC4	MANE Select
ENST00000394991.8	NM_000345.4	SNCA	MANE Select
ENST00000372017.4	NM_003087.3	SNCG	MANE Select
ENST00000382361.8	NM_003088.4	FSCN1	MANE Select
ENST00000598441.6	NM_003089.6	SNRNP70	MANE Select
ENST00000243563.8	NM_004596.5	SNRPA	MANE Select
ENST00000254193.11	NM_003090.4	SNRPA1	MANE Select
ENST00000381342.7	NM_003091.4	SNRPB	MANE Select
ENST00000246071.8	NM_003092.5	SNRPB2	MANE Select
ENST00000244520.10	NM_003093.3	SNRPC	MANE Select
ENST00000300413.10	NM_006938.4	SNRPD1	MANE Select
ENST00000342669.8	NM_001384647.1	SNRPD2	MANE Select
ENST00000215829.8	NM_004175.5	SNRPD3	MANE Select
ENST00000414487.7	NM_003094.4	SNRPE	MANE Select
ENST00000266735.10	NM_003095.5	SNRPF	MANE Select
ENST00000272348.7	NM_003096.4	SNRPG	MANE Select
ENST00000390687.9	NM_003097.6	SNRPN	MANE Select
ENST00000217381.3	NM_003098.3	SNTA1	MANE Select
ENST00000517992.2	NM_021021.4	SNTB1	MANE Select
ENST00000559844.6	NM_003099.5	SNX1	MANE Select
ENST00000379516.7	NM_003100.4	SNX2	MANE Select
ENST00000336278.9	NM_006750.4	SNTB2	MANE Select
ENST00000367619.8	NM_003101.6	SOAT1	MANE Select
ENST00000270142.11	NM_000454.5	SOD1	MANE Select
ENST00000538183.7	NM_000636.4	SOD2	MANE Select
ENST00000382120.4	NM_003102.4	SOD3	MANE Select
ENST00000219611.7	NM_005632.3	CAPN15	MANE Select
ENST00000356577.10	NM_138927.4	SON	MANE Select
ENST00000267814.14	NM_003104.6	SORD	MANE Select
ENST00000260197.12	NM_003105.6	SORL1	MANE Select
ENST00000402219.8	NM_005633.4	SOS1	MANE Select
ENST00000216373.10	NM_006939.4	SOS2	MANE Select
ENST00000330949.3	NM_005986.3	SOX1	MANE Select
ENST00000325404.3	NM_003106.4	SOX2	MANE Select
ENST00000370536.5	NM_005634.3	SOX3	MANE Select
ENST00000244745.4	NM_003107.3	SOX4	MANE Select
ENST00000451604.7	NM_006940.6	SOX5	MANE Select
ENST00000245479.3	NM_000346.4	SOX9	MANE Select
ENST00000396884.8	NM_006941.4	SOX10	MANE Select
ENST00000322002.5	NM_003108.4	SOX11	MANE Select
ENST00000250055.3	NM_006942.2	SOX15	MANE Select
ENST00000342665.5	NM_006943.4	SOX12	MANE Select
ENST00000327443.9	NM_138473.3	SP1	MANE Select
ENST00000376741.5	NM_003110.6	SP2	MANE Select
ENST00000310015.12	NM_003111.5	SP3	MANE Select
ENST00000222584.8	NM_003112.5	SP4	MANE Select
ENST00000340126.9	NM_001080391.2	SP100	MANE Select
ENST00000388798.7	NM_003114.5	SPAG1	MANE Select
ENST00000367925.6	NM_001324116.5	UAP1	MANE Select
ENST00000374273.8	NM_003116.3	SPAG4	MANE Select
ENST00000682466.1	NM_153189.3	SPAM1	MANE Select
ENST00000231061.9	NM_003118.4	SPARC	MANE Select
ENST00000315285.9	NM_014946.4	SPAST	MANE Select
ENST00000645818.2	NM_003119.4	SPG7	MANE Select
ENST00000378538.8	NM_003120.3	SPI1	MANE Select
ENST00000595883.6	NM_003121.5	SPIB	MANE Select
ENST00000296695.10	NM_001379610.1	SPINK1	MANE Select
ENST00000506738.6	NM_001271718.2	SPINK2	MANE Select
ENST00000562057.6	NM_003710.4	SPINT1	MANE Select
ENST00000652691.1	NM_003123.6	SPN	MANE Select
ENST00000168148.8	NM_006944.3	SPP2	MANE Select
ENST00000394945.6	NM_004598.4	SPOCK1	MANE Select
ENST00000395080.8	NM_001040058.2	SPP1	MANE Select
ENST00000234454.6	NM_003124.5	SPR	MANE Select
ENST00000368762.2	NM_005987.4	SPRR1A	MANE Select
ENST00000307098.5	NM_003125.3	SPRR1B	MANE Select
ENST00000392653.3	NM_005988.3	SPRR2A	MANE Select
ENST00000368755.3	NM_001388198.1	SPRR2B	MANE Select
ENST00000360379.4	NM_006945.5	SPRR2D	MANE Select
ENST00000368750.8	NM_001024209.4	SPRR2E	MANE Select
ENST00000468739.2	NM_001014450.3	SPRR2F	MANE Select
ENST00000368748.5	NM_001014291.4	SPRR2G	MANE Select
ENST00000295367.5	NM_001097589.2	SPRR3	MANE Select
ENST00000643759.2	NM_003126.4	SPTA1	MANE Select
ENST00000372739.7	NM_001130438.3	SPTAN1	MANE Select
ENST00000644917.1	NM_001355436.2	SPTB	MANE Select
ENST00000356805.9	NM_003128.3	SPTBN1	MANE Select
ENST00000533211.6	NM_006946.4	SPTBN2	MANE Select
ENST00000265896.10	NM_003129.4	SQLE	MANE Select
ENST00000373578.7	NM_198291.3	SRC	MANE Select
ENST00000274192.7	NM_001047.4	SRD5A1	MANE Select
ENST00000622030.2	NM_000348.4	SRD5A2	MANE Select
ENST00000265729.7	NM_003130.4	SRI	MANE Select
ENST00000242375.8	NM_005989.4	AKR1D1	MANE Select
ENST00000261646.11	NM_004176.5	SREBF1	MANE Select
ENST00000361204.9	NM_004599.4	SREBF2	MANE Select
ENST00000265354.6	NM_003131.4	SRF	MANE Select
ENST00000376957.7	NM_003132.3	SRM	MANE Select
ENST00000217188.2	NM_080823.4	SRMS	MANE Select
ENST00000304786.12	NM_003133.6	SRP9	MANE Select
ENST00000267884.11	NM_003134.6	SRP14	MANE Select
ENST00000505459.6	NM_003135.3	SRP19	MANE Select
ENST00000216774.11	NM_003136.4	SRP54	MANE Select
ENST00000307877.7	NM_014230.4	SRP68	MANE Select
ENST00000642900.1	NM_006947.4	SRP72	MANE Select
ENST00000373825.7	NM_003137.5	SRPK1	MANE Select
ENST00000393651.8	NM_182692.3	SRPK2	MANE Select
ENST00000332118.11	NM_003139.4	SRPRA	MANE Select
ENST00000383070.2	NM_003140.3	SRY	MANE Select
ENST00000254436.8	NM_003141.4	TRIM21	MANE Select
ENST00000400968.7	NM_001173524.2	RO60	MANE Select
ENST00000260956.9	NM_003142.5	SSB	MANE Select
ENST00000265304.11	NM_003143.3	SSBP1	MANE Select
ENST00000431877.7	NM_001130445.3	ITPRID2	MANE Select
ENST00000244763.9	NM_003144.5	SSR1	MANE Select
ENST00000295702.9	NM_003145.4	SSR2	MANE Select
ENST00000265044.7	NM_007107.5	SSR3	MANE Select
ENST00000370086.8	NM_006280.3	SSR4	MANE Select
ENST00000278412.7	NM_003146.3	SSRP1	MANE Select
ENST00000287641.4	NM_001048.4	SST	MANE Select
ENST00000267377.3	NM_001049.3	SSTR1	MANE Select
ENST00000357585.4	NM_001050.3	SSTR2	MANE Select
ENST00000610913.2	NM_001051.5	SSTR3	MANE Select
ENST00000255008.5	NM_001052.4	SSTR4	MANE Select
ENST00000689027.1	NM_001172560.3	SSTR5	MANE Select
ENST00000376919.4	NM_005635.4	SSX1	MANE Select
ENST00000337502.6	NM_175698.4	SSX2	MANE Select
ENST00000347757.6	NM_175723.2	SSX5	MANE Select
ENST00000595689.3	NM_005636.4	SSX4	MANE Select
ENST00000415083.7	NM_001007559.3	SS18	MANE Select
ENST00000313726.11	NM_213618.2	DENND2B	MANE Select
ENST00000216218.8	NM_003932.5	ST13	MANE Select
ENST00000278742.6	NM_021978.4	ST14	MANE Select
ENST00000273183.8	NM_003149.3	STAC	MANE Select
ENST00000276449.9	NM_000349.3	STAR	MANE Select
ENST00000361099.8	NM_007315.4	STAT1	MANE Select
ENST00000314128.9	NM_005419.4	STAT2	MANE Select
ENST00000264657.10	NM_139276.3	STAT3	MANE Select
ENST00000392320.7	NM_003151.4	STAT4	MANE Select
ENST00000590949.6	NM_001288718.2	STAT5A	MANE Select
ENST00000293328.8	NM_012448.4	STAT5B	MANE Select
ENST00000300134.8	NM_003153.5	STAT6	MANE Select
ENST00000246895.9	NM_003154.3	STATH	MANE Select
ENST00000371856.7	NM_017453.4	STAU1	MANE Select
ENST00000290271.7	NM_003155.3	STC1	MANE Select
ENST00000285667.4	NM_006948.5	HSPA13	MANE Select
ENST00000226444.4	NM_005420.3	SULT1E1	MANE Select
ENST00000369816.5	NM_022726.4	ELOVL4	MANE Select
ENST00000526596.2	NM_001382567.1	STIM1	MANE Select
ENST00000233027.10	NM_003157.6	NEK4	MANE Select
ENST00000419617.7	NM_006281.4	STK3	MANE Select
ENST00000372806.8	NM_006282.5	STK4	MANE Select
ENST00000395915.8	NM_198437.3	AURKA	MANE Select
ENST00000623535.2	NM_001323289.2	CDKL5	MANE Select
ENST00000176763.10	NM_005990.4	STK10	MANE Select
ENST00000326873.12	NM_000455.5	STK11	MANE Select
ENST00000302804.12	NM_001015878.2	AURKC	MANE Select
ENST00000335715.9	NM_001054.4	SULT1A2	MANE Select
ENST00000263918.9	NM_003162.4	STRN	MANE Select
ENST00000222812.8	NM_004603.4	STX1A	MANE Select
ENST00000337979.9	NM_004177.5	STX3	MANE Select
ENST00000313843.8	NM_004604.5	STX4	MANE Select
ENST00000294179.8	NM_003164.5	STX5	MANE Select
ENST00000373299.5	NM_001032221.6	STXBP1	MANE Select
ENST00000373302.8	NM_003165.6	STXBP1	MANE Plus Clinical
ENST00000221283.10	NM_006949.4	STXBP2	MANE Select
ENST00000370008.4	NM_007269.4	STXBP3	MANE Select
ENST00000354586.5	NM_145251.4	STYX	MANE Select
ENST00000314752.12	NM_001055.4	SULT1A1	MANE Select
ENST00000338971.10	NM_177552.4	SULT1A3	MANE Select
ENST00000251481.11	NM_001056.4	SULT1C2	MANE Select
ENST00000201586.7	NM_177973.2	SULT2B1	MANE Select
ENST00000266971.8	NM_001032386.2	SUOX	MANE Select
ENST00000222002.4	NM_003167.4	SULT2A1	MANE Select
ENST00000225504.8	NM_003168.3	SUPT4H1	MANE Select
ENST00000432763.7	NM_001111020.3	SUPT5H	MANE Select
ENST00000314616.11	NM_003170.5	SUPT6H	MANE Select
ENST00000359655.9	NM_003171.5	SUPV3L1	MANE Select
ENST00000302539.9	NM_001287174.3	ABCC8	MANE Plus Clinical
ENST00000389817.8	NM_000352.6	ABCC8	MANE Select
ENST00000371974.8	NM_003172.4	SURF1	MANE Select
ENST00000371964.5	NM_017503.5	SURF2	MANE Select
ENST00000371989.8	NM_033161.4	SURF4	MANE Select
ENST00000343730.10	NM_133640.5	MED22	MANE Select
ENST00000372022.6	NM_006753.6	SURF6	MANE Select
ENST00000376687.4	NM_003173.4	SUV39H1	MANE Select
ENST00000355867.9	NM_021738.3	SVIL	MANE Select
ENST00000396308.4	NM_014231.5	VAMP1	MANE Select
ENST00000316509.11	NM_014232.3	VAMP2	MANE Select
ENST00000286448.12	NM_005638.6	VAMP7	MANE Select
ENST00000367819.3	NM_003175.4	XCL2	MANE Select
ENST00000369522.8	NM_003176.4	SYCP1	MANE Select
ENST00000375754.9	NM_003177.7	SYK	MANE Select
ENST00000295987.13	NM_006950.3	SYN1	MANE Select
ENST00000621198.5	NM_133625.6	SYN2	MANE Select
ENST00000263233.9	NM_003179.3	SYP	MANE Select
ENST00000455385.7	NM_182715.4	SYPL1	MANE Select
ENST00000261205.9	NM_005639.3	SYT1	MANE Select
ENST00000255224.8	NM_020783.4	SYT4	MANE Select
ENST00000354308.8	NM_003180.3	SYT5	MANE Select
ENST00000366876.7	NM_001366285.2	TBXT	MANE Select
ENST00000319273.10	NM_003182.3	TAC1	MANE Select
ENST00000373306.5	NM_001057.3	TACR2	MANE Select
ENST00000458521.7	NM_013251.4	TAC3	MANE Select
ENST00000317827.9	NM_006283.3	TACC1	MANE Select
ENST00000310823.8	NM_003183.6	ADAM17	MANE Select
ENST00000305249.10	NM_001058.4	TACR1	MANE Select
ENST00000304883.3	NM_001059.3	TACR3	MANE Select
ENST00000615182.5	NM_001166105.3	TADA2A	MANE Select
ENST00000423759.6	NM_004606.5	TAF1	MANE Select
ENST00000378164.7	NM_003184.4	TAF2	MANE Select
ENST00000252996.9	NM_003185.4	TAF4	MANE Select
ENST00000269142.10	NM_005640.3	TAF4B	MANE Select
ENST00000392951.9	NM_003186.5	TAGLN	MANE Select
ENST00000369839.4	NM_006951.5	TAF5	MANE Select
ENST00000453269.7	NM_139315.3	TAF6	MANE Select
ENST00000313368.8	NM_005642.3	TAF7	MANE Select
ENST00000217893.10	NM_003187.5	TAF9	MANE Select
ENST00000299424.9	NM_006284.4	TAF10	MANE Select
ENST00000361288.9	NM_005643.4	TAF11	MANE Select
ENST00000373824.9	NM_005644.4	TAF12	MANE Select
ENST00000338366.6	NM_005645.4	TAF13	MANE Select
ENST00000369329.8	NM_145331.3	MAP3K7	MANE Select
ENST00000691006.1	NM_001290403.2	TAL1	MANE Select
ENST00000334077.6	NM_005421.3	TAL2	MANE Select
ENST00000319006.8	NM_006755.2	TALDO1	MANE Select
ENST00000354258.5	NM_000593.6	TAP1	MANE Select
ENST00000374897.4	NM_001290043.2	TAP2	MANE Select
ENST00000434618.7	NM_003190.5	TAPBP	MANE Select
ENST00000040877.2	NM_005646.4	TARBP1	MANE Select
ENST00000266987.7	NM_134323.2	TARBP2	MANE Select
ENST00000265112.8	NM_152295.5	TARS1	MANE Select
ENST00000355962.5	NM_000353.3	TAT	MANE Select
ENST00000649276.2	NM_001379200.1	TBX1	MANE Select
ENST00000331830.7	NM_005076.5	CNTN2	MANE Select
ENST00000601016.6	NM_000116.5	TAFAZZIN	MANE Select
ENST00000380377.9	NM_004607.3	TBCA	MANE Select
ENST00000372876.2	NM_003192.3	TBCC	MANE Select
ENST00000355528.9	NM_005993.5	TBCD	MANE Select
ENST00000642610.2	NM_003193.5	TBCE	MANE Select
ENST00000372563.2	NM_000354.6	SERPINA7	MANE Select
ENST00000645353.2	NM_005647.4	TBL1X	MANE Select
ENST00000392092.7	NM_003194.5	TBP	MANE Select
ENST00000240328.4	NM_005994.4	TBX2	MANE Select
ENST00000405440.7	NM_181486.4	TBX5	MANE Select
ENST00000395224.7	NM_004608.4	TBX6	MANE Select
ENST00000369429.5	NM_001330677.2	TBX15	MANE Select
ENST00000375190.10	NM_001060.6	TBXA2R	MANE Select
ENST00000448866.7	NM_001061.7	TBXAS1	MANE Select
ENST00000521604.7	NM_006756.4	TCEA1	MANE Select
ENST00000343484.10	NM_003195.6	TCEA2	MANE Select
ENST00000450454.7	NM_003196.3	TCEA3	MANE Select
ENST00000520242.6	NM_005648.4	ELOC	MANE Select
ENST00000409906.9	NM_007108.4	ELOB	MANE Select
ENST00000613537.5	NM_003198.3	ELOA	MANE Select
ENST00000354452.8	NM_001083962.2	TCF4	MANE Select
ENST00000349155.7	NM_005996.4	TBX3	MANE Select
ENST00000257555.11	NM_000545.8	HNF1A	MANE Select
ENST00000617811.5	NM_000458.4	HNF1B	MANE Select
ENST00000262965.12	NM_003200.5	TCF3	MANE Select
ENST00000588136.7	NM_001136139.4	TCF3	MANE Plus Clinical
ENST00000342854.10	NM_003202.5	TCF7	MANE Select
ENST00000355995.9	NM_001367943.1	TCF7L2	MANE Select
ENST00000424869.6	NM_001174096.2	ZEB1	MANE Select
ENST00000321027.8	NM_003203.5	GCFC2	MANE Select
ENST00000333725.10	NM_207037.2	TCF12	MANE Select
ENST00000246080.4	NM_004609.4	TCF15	MANE Select
ENST00000335815.7	NM_005649.3	ZNF354A	MANE Select
ENST00000376257.8	NM_007109.3	TCF19	MANE Select
ENST00000677622.1	NM_001378418.1	TCF20	MANE Select
ENST00000367882.5	NM_003206.4	TCF21	MANE Select
ENST00000368892.9	NM_005997.3	VPS72	MANE Select
ENST00000435881.7	NM_198204.2	MLX	MANE Select
ENST00000257264.4	NM_001062.4	TCN1	MANE Select
ENST00000215838.8	NM_000355.4	TCN2	MANE Select
ENST00000643257.2	NM_001371623.1	TCOF1	MANE Select
ENST00000321394.12	NM_030752.3	TCP1	MANE Select
ENST00000311875.11	NM_001370687.1	TCP11	MANE Select
ENST00000646139.2	NM_058222.3	TECTB	MANE Select
ENST00000273590.4	NM_022171.3	TCTA	MANE Select
ENST00000378578.9	NM_006520.3	DYNLT3	MANE Select
ENST00000366774.4	NM_174910.3	DYNLT2	MANE Select
ENST00000376772.8	NM_021959.3	PPP1R11	MANE Select
ENST00000367089.8	NM_006519.4	DYNLT1	MANE Select
ENST00000392872.8	NM_003211.6	TDG	MANE Select
ENST00000296145.6	NM_003212.4	CRIPTO	MANE Select
ENST00000602699.2	NM_001397362.1	CRIPTO3	MANE Select
ENST00000536354.3	NM_005651.4	TDO2	MANE Select
ENST00000301522.3	NM_005809.6	PRDX2	MANE Select
ENST00000527636.7	NM_021961.6	TEAD1	MANE Select
ENST00000359864.8	NM_003213.4	TEAD4	MANE Select
ENST00000338863.13	NM_003214.4	TEAD3	MANE Select
ENST00000381501.8	NM_003215.3	TEC	MANE Select
ENST00000392793.6	NM_005422.4	TECTA	MANE Select
ENST00000266304.9	NM_003216.4	TEF	MANE Select
ENST00000267115.10	NM_003217.3	TMBIM6	MANE Select
ENST00000380036.10	NM_000459.5	TEK	MANE Select
ENST00000262715.10	NM_007110.5	TEP1	MANE Select
ENST00000602385.3	NR_001566.3	TERC	MANE Select
ENST00000276603.10	NM_017489.3	TERF1	MANE Select
ENST00000254942.8	NM_005652.5	TERF2	MANE Select
ENST00000310581.10	NM_198253.3	TERT	MANE Select
ENST00000336395.6	NM_006285.3	TESK1	MANE Select
ENST00000402696.9	NM_001063.4	TF	MANE Select
ENST00000487519.6	NM_003201.3	TFAM	MANE Select
ENST00000379613.10	NM_001372066.1	TFAP2A	MANE Select
ENST00000393655.4	NM_003221.4	TFAP2B	MANE Select
ENST00000201031.3	NM_003222.4	TFAP2C	MANE Select
ENST00000204517.11	NM_003223.3	TFAP4	MANE Select
ENST00000257915.10	NM_005653.5	TFCP2	MANE Select
ENST00000327111.8	NM_005654.6	NR2F1	MANE Select
ENST00000394166.8	NM_021005.4	NR2F2	MANE Select
ENST00000375370.10	NM_007111.5	TFDP1	MANE Select
ENST00000489671.6	NM_001178139.2	TFDP2	MANE Select
ENST00000315869.8	NM_006521.6	TFE3	MANE Select
ENST00000291527.3	NM_003225.3	TFF1	MANE Select
ENST00000291526.5	NM_005423.5	TFF2	MANE Select
ENST00000518498.3	NM_003226.4	TFF3	MANE Select
ENST00000233156.9	NM_006287.6	TFPI	MANE Select
ENST00000223051.8	NM_003227.4	TFR2	MANE Select
ENST00000360110.9	NM_001128148.3	TFRC	MANE Select
ENST00000220616.9	NM_003235.5	TG	MANE Select
ENST00000295400.11	NM_003236.4	TGFA	MANE Select
ENST00000221930.6	NM_000660.7	TGFB1	MANE Select
ENST00000394863.8	NM_001042454.3	TGFB1I1	MANE Select
ENST00000366930.9	NM_003238.6	TGFB2	MANE Select
ENST00000238682.8	NM_003239.5	TGFB3	MANE Select
ENST00000366820.10	NM_003240.5	LEFTY2	MANE Select
ENST00000442011.7	NM_000358.3	TGFBI	MANE Select
ENST00000374994.9	NM_004612.4	TGFBR1	MANE Select
ENST00000296125.9	NM_003241.4	TGM4	MANE Select
ENST00000295754.10	NM_003242.6	TGFBR2	MANE Select
ENST00000212355.9	NM_003243.5	TGFBR3	MANE Select
ENST00000343820.10	NM_003244.4	TGIF1	MANE Select
ENST00000206765.11	NM_000359.3	TGM1	MANE Select
ENST00000361475.7	NM_004613.4	TGM2	MANE Select
ENST00000381458.6	NM_003245.4	TGM3	MANE Select
ENST00000352909.8	NM_000360.4	TH	MANE Select
ENST00000377103.3	NM_000361.3	THBD	MANE Select
ENST00000260356.6	NM_003246.4	THBS1	MANE Select
ENST00000617924.6	NM_003247.5	THBS2	MANE Select
ENST00000368378.7	NM_007112.5	THBS3	MANE Select
ENST00000350881.6	NM_003248.6	THBS4	MANE Select
ENST00000614923.2	NM_007113.4	TCHH	MANE Select
ENST00000307741.11	NM_003249.5	THOP1	MANE Select
ENST00000647395.1	NM_000460.4	THPO	MANE Select
ENST00000450525.7	NM_199334.5	THRA	MANE Select
ENST00000646209.2	NM_001354712.2	THRB	MANE Select
ENST00000281030.2	NM_003251.4	THRSP	MANE Select
ENST00000284240.10	NM_006288.5	THY1	MANE Select
ENST00000285407.11	NM_005655.4	KLF10	MANE Select
ENST00000433529.7	NM_022173.4	TIA1	MANE Select
ENST00000436547.7	NM_003252.4	TIAL1	MANE Select
ENST00000541036.6	NM_001353694.2	TIAM1	MANE Select
ENST00000372476.8	NM_005424.5	TIE1	MANE Select
ENST00000218388.9	NM_003254.3	TIMP1	MANE Select
ENST00000262768.11	NM_003255.5	TIMP2	MANE Select
ENST00000266085.7	NM_000362.5	TIMP3	MANE Select
ENST00000287814.5	NM_003256.4	TIMP4	MANE Select
ENST00000354822.7	NM_001079668.3	NKX2-1	MANE Select
ENST00000614355.5	NM_001330239.4	TJP1	MANE Select
ENST00000301634.12	NM_003258.5	TK1	MANE Select
ENST00000544898.6	NM_004614.5	TK2	MANE Select
ENST00000462138.6	NM_001064.4	TKT	MANE Select
ENST00000221980.5	NM_003259.4	ICAM5	MANE Select
ENST00000376499.8	NM_005077.5	TLE1	MANE Select
ENST00000262953.11	NM_003260.5	TLE2	MANE Select
ENST00000451782.7	NM_001105192.3	TLE3	MANE Select
ENST00000376552.8	NM_007005.6	TLE4	MANE Select
ENST00000061240.7	NM_012464.5	TLL1	MANE Select
ENST00000357947.4	NM_012465.4	TLL2	MANE Select
ENST00000314888.10	NM_006289.4	TLN1	MANE Select
ENST00000337002.9	NM_003262.4	SEC62	MANE Select
ENST00000308979.7	NM_003263.4	TLR1	MANE Select
ENST00000642700.2	NM_001318789.2	TLR2	MANE Select
ENST00000296795.8	NM_003265.3	TLR3	MANE Select
ENST00000355622.8	NM_138554.5	TLR4	MANE Select
ENST00000642603.2	NM_003268.6	TLR5	MANE Select
ENST00000368986.9	NM_003269.5	NR2E1	MANE Select
ENST00000378482.7	NM_004615.4	TSPAN7	MANE Select
ENST00000247829.8	NM_004616.3	TSPAN8	MANE Select
ENST00000305354.5	NM_004617.4	TM4SF4	MANE Select
ENST00000373020.9	NM_003270.4	TSPAN6	MANE Select
ENST00000397397.7	NM_003271.5	TSPAN4	MANE Select
ENST00000366592.8	NM_003272.4	GPR137B	MANE Select
ENST00000279263.14	NM_003273.6	TM7SF2	MANE Select
ENST00000291574.9	NM_003274.5	TRAPPC10	MANE Select
ENST00000398559.7	NM_007114.3	TMF1	MANE Select
ENST00000259365.9	NM_003275.4	TMOD1	MANE Select
ENST00000556029.6	NM_001032283.3	TMPO	MANE Select
ENST00000332149.10	NM_005656.4	TMPRSS2	MANE Select
ENST00000451311.7	NM_021109.4	TMSB4X	MANE Select
ENST00000618236.2	NM_001363066.2	CLDN5	MANE Select
ENST00000296130.5	NM_003278.3	CLEC3B	MANE Select
ENST00000449264.3	NM_000594.4	TNF	MANE Select
ENST00000372555.8	NM_003279.3	TNNC2	MANE Select
ENST00000226225.7	NM_021137.5	TNFAIP1	MANE Select
ENST00000560869.6	NM_006291.4	TNFAIP2	MANE Select
ENST00000612899.5	NM_001270508.2	TNFAIP3	MANE Select
ENST00000243347.5	NM_007115.4	TNFAIP6	MANE Select
ENST00000162749.7	NM_001065.4	TNFRSF1A	MANE Select
ENST00000376259.7	NM_001066.3	TNFRSF1B	MANE Select
ENST00000232975.8	NM_003280.3	TNNC1	MANE Select
ENST00000361379.9	NM_003281.4	TNNI1	MANE Select
ENST00000381911.6	NM_003282.4	TNNI2	MANE Select
ENST00000344887.10	NM_000363.5	TNNI3	MANE Select
ENST00000588981.6	NM_003283.6	TNNT1	MANE Select
ENST00000656932.1	NM_001276345.2	TNNT2	MANE Select
ENST00000278317.11	NM_006757.4	TNNT3	MANE Select
ENST00000236979.2	NM_003284.4	TNP1	MANE Select
ENST00000312693.4	NM_005425.5	TNP2	MANE Select
ENST00000367674.7	NM_003285.3	TNR	MANE Select
ENST00000682258.1	NM_001387777.1	TNS1	MANE Select
ENST00000644971.2	NM_001365276.2	TNXB	MANE Select
ENST00000361337.3	NM_003286.4	TOP1	MANE Select
ENST00000423485.6	NM_001067.4	TOP2A	MANE Select
ENST00000264331.9	NM_001330700.2	TOP2B	MANE Select
ENST00000321105.10	NM_004618.5	TOP3A	MANE Select
ENST00000269305.9	NM_000546.6	TP53	MANE Select
ENST00000382044.9	NM_001141980.3	TP53BP1	MANE Select
ENST00000343537.12	NM_001031685.3	TP53BP2	MANE Select
ENST00000378295.9	NM_005427.4	TP73	MANE Select
ENST00000369750.4	NM_001376922.1	TPBG	MANE Select
ENST00000518937.6	NM_001025253.3	TPD52	MANE Select
ENST00000534000.6	NM_003287.4	TPD52L1	MANE Select
ENST00000346249.9	NM_003288.4	TPD52L2	MANE Select
ENST00000682019.1	NM_004179.3	TPH1	MANE Select
ENST00000396705.10	NM_000365.6	TPI1	MANE Select
ENST00000403994.9	NM_001018005.2	TPM1	MANE Select
ENST00000645482.3	NM_003289.4	TPM2	MANE Select
ENST00000651641.1	NM_152263.4	TPM3	MANE Select
ENST00000643579.2	NM_003290.3	TPM4	MANE Select
ENST00000309983.5	NM_000367.5	TPMT	MANE Select
ENST00000329066.9	NM_001206744.2	TPO	MANE Select
ENST00000376052.5	NM_001330588.2	TPP2	MANE Select
ENST00000367478.9	NM_003292.3	TPR	MANE Select
ENST00000338844.8	NM_003294.4	TPSAB1	MANE Select
ENST00000530705.6	NM_003295.4	TPT1	MANE Select
ENST00000618007.5	NM_199261.4	TPTE	MANE Select
ENST00000339139.5	NM_003296.4	CRISP2	MANE Select
ENST00000333003.10	NM_003297.4	NR2C1	MANE Select
ENST00000425241.6	NM_001291694.2	NR2C2	MANE Select
ENST00000299767.10	NM_003299.3	HSP90B1	MANE Select
ENST00000373887.8	NM_005658.5	TRAF1	MANE Select
ENST00000247668.7	NM_021138.4	TRAF2	MANE Select
ENST00000392745.8	NM_145725.3	TRAF3	MANE Select
ENST00000261464.10	NM_001033910.3	TRAF5	MANE Select
ENST00000526995.6	NM_004620.4	TRAF6	MANE Select
ENST00000302649.4	NM_007117.5	TRH	MANE Select
ENST00000518632.2	NM_003301.7	TRHR	MANE Select
ENST00000295688.8	NM_005998.5	CCT3	MANE Select
ENST00000344204.9	NM_007118.4	TRIO	MANE Select
ENST00000200457.9	NM_003302.3	TRIP6	MANE Select
ENST00000173898.12	NM_001039705.3	TRO	MANE Select
ENST00000476941.6	NM_001251845.2	TRPC1	MANE Select
ENST00000379645.8	NM_001130698.2	TRPC3	MANE Select
ENST00000379705.8	NM_016179.4	TRPC4	MANE Select
ENST00000262839.3	NM_012471.3	TRPC5	MANE Select
ENST00000344327.8	NM_004621.6	TRPC6	MANE Select
ENST00000397928.6	NM_003307.4	TRPM2	MANE Select
ENST00000395715.8	NM_014112.5	TRPS1	MANE Select
ENST00000389682.8	NM_004622.3	TSN	MANE Select
ENST00000298552.9	NM_000368.5	TSC1	MANE Select
ENST00000219476.9	NM_000548.5	TSC2	MANE Select
ENST00000251968.4	NM_006292.4	TSG101	MANE Select
ENST00000256592.3	NM_000549.5	TSHB	MANE Select
ENST00000298171.7	NM_000369.5	TSHR	MANE Select
ENST00000366639.9	NM_005999.3	TSNAX	MANE Select
ENST00000451548.6	NM_003308.4	TSPY1	MANE Select
ENST00000368608.4	NM_003309.4	TSPYL1	MANE Select
ENST00000382125.9	NM_003310.5	EIPR1	MANE Select
ENST00000314222.5	NM_003311.4	PHLDA2	MANE Select
ENST00000249042.8	NM_003312.6	TST	MANE Select
ENST00000425753.7	NM_003313.4	GFUS	MANE Select
ENST00000231238.10	NM_003314.3	TTC1	MANE Select
ENST00000457167.9	NM_003315.4	DNAJC7	MANE Select
ENST00000418766.6	NM_001330683.2	TTC3	MANE Select
ENST00000371281.4	NM_004623.5	TTC4	MANE Select
ENST00000334270.3	NM_007344.4	TTF1	MANE Select
ENST00000369798.7	NM_003318.5	TTK	MANE Select
ENST00000589042.5	NM_001267550.2	TTN	MANE Select
ENST00000260116.5	NM_000370.3	TTPA	MANE Select
ENST00000299506.3	NM_177972.3	TUB	MANE Select
ENST00000237014.8	NM_000371.4	TTR	MANE Select
ENST00000248437.9	NM_006000.3	TUBA4A	MANE Select
ENST00000400113.8	NM_006001.3	TUBA3C	MANE Select
ENST00000333628.4	NM_001069.3	TUBB2A	MANE Select
ENST00000251413.8	NM_001070.5	TUBG1	MANE Select
ENST00000313511.8	NM_003321.5	TUFM	MANE Select
ENST00000368849.8	NM_020127.3	TUFT1	MANE Select
ENST00000229771.11	NM_003322.6	TULP1	MANE Select
ENST00000221399.8	NM_003323.3	TULP2	MANE Select
ENST00000448120.7	NM_003324.5	TULP3	MANE Select
ENST00000263208.5	NM_003325.4	HIRA	MANE Select
ENST00000242261.6	NM_000474.4	TWIST1	MANE Select
ENST00000281834.4	NM_003326.5	TNFSF4	MANE Select
ENST00000379236.4	NM_003327.4	TNFRSF4	MANE Select
ENST00000264316.9	NM_003328.3	TXK	MANE Select
ENST00000374517.6	NM_003329.4	TXN	MANE Select
ENST00000525566.6	NM_001093771.3	TXNRD1	MANE Select
ENST00000525621.6	NM_003331.5	TYK2	MANE Select
ENST00000323274.15	NM_001071.4	TYMS	MANE Select
ENST00000263321.6	NM_000372.5	TYR	MANE Select
ENST00000263798.8	NM_006293.4	TYRO3	MANE Select
ENST00000262629.9	NM_003332.4	TYROBP	MANE Select
ENST00000388918.10	NM_000550.3	TYRP1	MANE Select
ENST00000291552.9	NM_006758.3	U2AF1	MANE Select
ENST00000442744.7	NM_001033930.3	UBA52	MANE Select
ENST00000302182.8	NM_018955.4	UBB	MANE Select
ENST00000339647.6	NM_021009.7	UBC	MANE Select
ENST00000335972.11	NM_003334.4	UBA1	MANE Select
ENST00000333486.4	NM_003335.3	UBA7	MANE Select
ENST00000371558.7	NM_003336.4	UBE2A	MANE Select
ENST00000265339.7	NM_003337.4	UBE2B	MANE Select
ENST00000373910.9	NM_003338.5	UBE2D1	MANE Select
ENST00000398733.8	NM_003339.3	UBE2D2	MANE Select
ENST00000453744.7	NM_181891.3	UBE2D3	MANE Select
ENST00000306627.8	NM_003341.5	UBE2E1	MANE Select
ENST00000396703.6	NM_152653.4	UBE2E2	MANE Select
ENST00000396981.7	NM_003342.5	UBE2G1	MANE Select
ENST00000345496.7	NM_003343.6	UBE2G2	MANE Select
ENST00000355621.8	NM_003344.4	UBE2H	MANE Select
ENST00000397514.8	NM_003345.5	UBE2I	MANE Select
ENST00000342192.9	NM_003347.4	UBE2L3	MANE Select
ENST00000318066.7	NM_003348.4	UBE2N	MANE Select
ENST00000371674.8	NM_001032288.3	UBE2V1	MANE Select
ENST00000523111.7	NM_003350.3	UBE2V2	MANE Select
ENST00000648336.2	NM_130839.5	UBE3A	MANE Select
ENST00000392246.7	NM_003352.8	SUMO1	MANE Select
ENST00000283629.8	NM_014517.5	UBP1	MANE Select
ENST00000436088.6	NM_014233.4	UBTF	MANE Select
ENST00000284440.9	NM_004181.5	UCHL1	MANE Select
ENST00000377595.8	NM_006002.5	UCHL3	MANE Select
ENST00000264234.8	NM_006952.4	UPK1B	MANE Select
ENST00000296099.2	NM_003353.4	UCN	MANE Select
ENST00000262999.4	NM_021833.5	UCP1	MANE Select
ENST00000663595.2	NM_003355.3	UCP2	MANE Select
ENST00000314032.9	NM_003356.4	UCP3	MANE Select
ENST00000263202.15	NM_005659.7	UFD1	MANE Select
ENST00000247138.11	NM_005660.3	SLC35A2	MANE Select
ENST00000278282.3	NM_003357.5	SCGB1A1	MANE Select
ENST00000374279.4	NM_003358.3	UGCG	MANE Select
ENST00000316423.11	NM_003359.4	UGDH	MANE Select
ENST00000337130.10	NM_006759.4	UGP2	MANE Select
ENST00000305107.7	NM_021139.3	UGT2B4	MANE Select
ENST00000305231.12	NM_001074.4	UGT2B7	MANE Select
ENST00000265403.12	NM_001075.6	UGT2B10	MANE Select
ENST00000338206.6	NM_001076.4	UGT2B15	MANE Select
ENST00000317746.3	NM_001077.4	UGT2B17	MANE Select
ENST00000310836.11	NM_001128174.3	UGT8	MANE Select
ENST00000396138.9	NM_003361.4	UMOD	MANE Select
ENST00000367879.9	NM_012474.5	UCK2	MANE Select
ENST00000232607.7	NM_000373.4	UMPS	MANE Select
ENST00000297848.8	NM_021110.4	COL14A1	MANE Select
ENST00000242576.7	NM_080911.3	UNG	MANE Select
ENST00000265560.9	NM_003363.4	USP4	MANE Select
ENST00000253727.10	NM_007121.7	NR1H2	MANE Select
ENST00000395564.9	NM_003364.4	UPP1	MANE Select
ENST00000264031.3	NM_006760.4	UPK2	MANE Select
ENST00000216211.9	NM_006953.4	UPK3A	MANE Select
ENST00000287022.10	NM_006294.5	UQCRB	MANE Select
ENST00000203407.6	NM_003365.3	UQCRC1	MANE Select
ENST00000268379.9	NM_003366.4	UQCRC2	MANE Select
ENST00000304863.6	NM_006003.3	UQCRFS1	MANE Select
ENST00000311672.10	NM_006004.4	UQCRH	MANE Select
ENST00000246337.9	NM_000374.5	UROD	MANE Select
ENST00000368797.10	NM_000375.3	UROS	MANE Select
ENST00000368021.7	NM_007122.5	USF1	MANE Select
ENST00000222305.8	NM_003367.4	USF2	MANE Select
ENST00000339950.5	NM_003368.5	USP1	MANE Select
ENST00000307340.8	NM_206933.4	USH2A	MANE Select
ENST00000327047.6	NM_174878.3	CLRN1	MANE Select
ENST00000367545.8	NM_007124.3	UTRN	MANE Select
ENST00000611820.5	NM_001291415.2	KDM6A	MANE Select
ENST00000545955.6	NM_001258249.2	UTY	MANE Select
ENST00000356136.8	NM_003369.4	UVRAG	MANE Select
ENST00000375663.8	NM_006295.3	VARS1	MANE Select
ENST00000245932.11	NM_003370.4	VASP	MANE Select
ENST00000602142.6	NM_005428.4	VAV1	MANE Select
ENST00000371850.8	NM_001134398.2	VAV2	MANE Select
ENST00000286428.7	NM_003372.7	VBP1	MANE Select
ENST00000294728.7	NM_001078.4	VCAM1	MANE Select
ENST00000211998.10	NM_014000.3	VCL	MANE Select
ENST00000358901.11	NM_007126.5	VCP	MANE Select
ENST00000265333.8	NM_003374.3	VDAC1	MANE Select
ENST00000332211.11	NM_001391963.1	VDAC2	MANE Select
ENST00000022615.9	NM_005662.7	VDAC3	MANE Select
ENST00000549336.6	NM_000376.3	VDR	MANE Select
ENST00000672860.3	NM_003376.6	VEGFA	MANE Select
ENST00000309422.7	NM_003377.5	VEGFB	MANE Select
ENST00000618562.2	NM_005429.5	VEGFC	MANE Select
ENST00000249330.3	NM_003378.4	VGF	MANE Select
ENST00000256474.3	NM_000551.4	VHL	MANE Select
ENST00000248444.10	NM_007127.3	VIL1	MANE Select
ENST00000367075.4	NM_001111077.2	EZR	MANE Select
ENST00000544301.7	NM_003380.5	VIM	MANE Select
ENST00000367244.8	NM_003381.4	VIP	MANE Select
ENST00000325123.5	NM_004624.4	VIPR1	MANE Select
ENST00000262178.7	NM_003382.5	VIPR2	MANE Select
ENST00000382100.8	NM_003383.5	VLDLR	MANE Select
ENST00000378043.9	NM_004183.4	BEST1	MANE Select
ENST00000403807.4	NM_007128.4	VPREB1	MANE Select
ENST00000572705.2	NM_080704.4	TRPV1	MANE Select
ENST00000216639.8	NM_003384.3	VRK1	MANE Select
ENST00000340157.9	NM_006296.7	VRK2	MANE Select
ENST00000295156.9	NM_003385.5	VSNL1	MANE Select
ENST00000226218.9	NM_000638.4	VTN	MANE Select
ENST00000261405.10	NM_000552.5	VWF	MANE Select
ENST00000392882.7	NM_004184.4	WARS1	MANE Select
ENST00000376701.5	NM_000377.3	WAS	MANE Select
ENST00000613979.5	NM_003386.3	ZAN	MANE Select
ENST00000679041.1	NM_001375834.1	WIPF1	MANE Select
ENST00000265753.13	NM_022170.2	EIF4H	MANE Select
ENST00000223398.11	NM_003388.5	CLIP2	MANE Select
ENST00000460943.6	NM_032464.3	LAT2	MANE Select
ENST00000375077.5	NM_052820.4	CORO2A	MANE Select
ENST00000450114.7	NM_003390.4	WEE1	MANE Select
ENST00000226760.5	NM_006005.3	WFS1	MANE Select
ENST00000508803.6	NM_001042424.3	NSD2	MANE Select
ENST00000382882.9	NM_005663.5	NELFA	MANE Select
ENST00000293549.4	NM_005430.4	WNT1	MANE Select
ENST00000265441.8	NM_003391.3	WNT2	MANE Select
ENST00000225512.6	NM_030753.5	WNT3	MANE Select
ENST00000264634.9	NM_003392.7	WNT5A	MANE Select
ENST00000233948.4	NM_006522.4	WNT6	MANE Select
ENST00000285018.5	NM_004625.4	WNT7A	MANE Select
ENST00000339464.9	NM_058238.3	WNT7B	MANE Select
ENST00000506684.6	NM_001300939.2	WNT8A	MANE Select
ENST00000343737.6	NM_003393.4	WNT8B	MANE Select
ENST00000301061.9	NM_003394.4	WNT10B	MANE Select
ENST00000322563.8	NM_004626.3	WNT11	MANE Select
ENST00000369684.5	NM_024494.3	WNT2B	MANE Select
ENST00000272164.6	NM_003395.4	WNT9A	MANE Select
ENST00000290015.7	NM_003396.3	WNT9B	MANE Select
ENST00000649170.1	NM_004627.6	GET1	MANE Select
ENST00000298139.7	NM_000553.6	WRN	MANE Select
ENST00000452863.10	NM_024426.6	WT1	MANE Select
ENST00000344347.6	NM_001079539.2	XBP1	MANE Select
ENST00000379416.4	NM_000379.4	XDH	MANE Select
ENST00000644266.2	NM_001141919.2	XG	MANE Select
ENST00000429829.7	NR_001564.3	XIST	MANE Select
ENST00000378616.5	NM_021083.4	XK	MANE Select
ENST00000375128.5	NM_000380.4	XPA	MANE Select
ENST00000285021.12	NM_004628.5	XPC	MANE Select
ENST00000502935.6	NM_020383.4	XPNPEP1	MANE Select
ENST00000371106.4	NM_003399.6	XPNPEP2	MANE Select
ENST00000401558.7	NM_003400.4	XPO1	MANE Select
ENST00000262887.10	NM_006297.3	XRCC1	MANE Select
ENST00000359321.2	NM_005431.2	XRCC2	MANE Select
ENST00000555055.6	NM_005432.4	XRCC3	MANE Select
ENST00000396027.9	NM_003401.5	XRCC4	MANE Select
ENST00000392132.7	NM_021141.4	XRCC5	MANE Select
ENST00000314574.5	NM_005433.4	YES1	MANE Select
ENST00000262238.10	NM_003403.5	YY1	MANE Select
ENST00000353703.9	NM_139323.4	YWHAB	MANE Select
ENST00000264335.13	NM_006761.5	YWHAE	MANE Select
ENST00000307630.5	NM_012479.4	YWHAG	MANE Select
ENST00000248975.6	NM_003405.4	YWHAH	MANE Select
ENST00000395958.6	NM_145690.3	YWHAZ	MANE Select
ENST00000264972.10	NM_001079.4	ZAP70	MANE Select
ENST00000377390.8	NM_004630.4	SF1	MANE Select
ENST00000597629.3	NM_003407.5	ZFP36	MANE Select
ENST00000374227.8	NM_003408.3	ZFP37	MANE Select
ENST00000651870.1	NM_001243702.2	ZBTB14	MANE Select
ENST00000294258.8	NM_006782.4	ZFPL1	MANE Select
ENST00000304543.10	NM_003410.4	ZFX	MANE Select
ENST00000155093.8	NM_003411.4	ZFY	MANE Select
ENST00000282928.5	NM_003412.4	ZIC1	MANE Select
ENST00000376335.8	NM_007129.5	ZIC2	MANE Select
ENST00000287538.10	NM_003413.4	ZIC3	MANE Select
ENST00000614034.5	NM_021088.4	ZNF2	MANE Select
ENST00000299667.9	NM_032924.5	ZNF3	MANE Select
ENST00000674551.1	NM_001330574.2	ZNF711	MANE Select
ENST00000532777.6	NM_003416.4	ZNF7	MANE Select
ENST00000621650.2	NM_021089.3	ZNF8	MANE Select
ENST00000422453.7	NM_003418.5	CNBP	MANE Select
ENST00000248211.11	NM_015394.5	ZNF10	MANE Select
ENST00000405858.6	NM_016265.4	ZNF12	MANE Select
ENST00000344099.4	NM_021030.3	ZNF14	MANE Select
ENST00000356929.3	NM_021269.3	ZNF708	MANE Select
ENST00000394909.7	NM_006958.3	ZNF16	MANE Select
ENST00000307658.12	NM_001330617.2	ZNF17	MANE Select
ENST00000580306.7	NM_001303281.2	ZNF18	MANE Select
ENST00000288177.10	NM_006961.4	ZNF19	MANE Select
ENST00000334213.10	NM_021143.4	ZNF20	MANE Select
ENST00000376943.8	NM_001007088.2	ZNF182	MANE Select
ENST00000298299.4	NM_006963.5	ZNF22	MANE Select
ENST00000647773.2	NM_001381984.1	ZNF23	MANE Select
ENST00000261332.11	NM_006965.4	ZNF24	MANE Select
ENST00000328654.10	NM_019591.4	ZNF26	MANE Select
ENST00000457749.7	NM_006969.5	ZNF28	MANE Select
ENST00000684572.1	NM_001377376.1	ZSCAN20	MANE Select
ENST00000374433.7	NM_006973.3	ZNF32	MANE Select
ENST00000432900.7	NM_006954.2	ZNF33A	MANE Select
ENST00000359467.8	NM_006955.3	ZNF33B	MANE Select
ENST00000396056.7	NM_003420.4	ZNF35	MANE Select
ENST00000324306.11	NM_003439.4	ZKSCAN1	MANE Select
ENST00000685332.1	NM_001324250.3	ZNF37A	MANE Select
ENST00000292450.9	NM_145914.3	ZSCAN21	MANE Select
ENST00000684689.1	NM_001324144.2	ZNF41	MANE Select
ENST00000215057.7	NM_198055.2	MZF1	MANE Select
ENST00000354959.9	NM_003423.4	ZNF43	MANE Select
ENST00000269973.10	NM_003425.4	ZNF45	MANE Select
ENST00000608382.6	NM_006977.5	ZBTB25	MANE Select
ENST00000344519.10	NM_001355197.2	ZNF66	MANE Select
ENST00000429654.7	NM_001364730.1	ZNF69	MANE Select
ENST00000341976.5	NM_021916.4	ZNF70	MANE Select
ENST00000400451.7	NM_003426.4	ZNF74	MANE Select
ENST00000370766.8	NM_007131.5	ZNF75D	MANE Select
ENST00000669516.2	NM_001302109.2	ZNF75A	MANE Select
ENST00000373953.8	NM_003427.5	ZNF76	MANE Select
ENST00000342483.5	NM_007135.3	ZNF79	MANE Select
ENST00000482457.4	NM_007136.4	ZNF80	MANE Select
ENST00000539354.6	NM_001289971.2	ZNF84	MANE Select
ENST00000587682.6	NM_001297588.2	ZNF221	MANE Select
ENST00000328178.13	NM_003429.5	ZNF85	MANE Select
ENST00000418063.3	NM_007138.2	ZNF90	MANE Select
ENST00000300619.12	NM_003430.4	ZNF91	MANE Select
ENST00000596209.4	NM_001080409.3	ZNF99	MANE Select
ENST00000391960.4	NM_001129996.2	ZNF222	MANE Select
ENST00000320451.7	NM_001008727.5	ZNF121	MANE Select
ENST00000543802.3	NM_001297568.2	ZNF124	MANE Select
ENST00000314520.6	NM_005664.4	MKRN3	MANE Select
ENST00000682664.1	NM_001330707.2	ZNF131	MANE Select
ENST00000254166.4	NM_003433.4	ZNF132	MANE Select
ENST00000425686.3	NM_001352452.2	ZNF133	MANE Select
ENST00000396161.10	NM_003435.5	ZNF134	MANE Select
ENST00000313434.10	NM_001289401.2	ZNF135	MANE Select
ENST00000343979.6	NM_003437.5	ZNF136	MANE Select
ENST00000307355.12	NM_001271639.2	ZNF138	MANE Select
ENST00000355557.7	NM_003440.4	ZNF140	MANE Select
ENST00000240499.8	NM_003441.4	ZNF141	MANE Select
ENST00000411696.7	NM_001379659.1	ZNF142	MANE Select
ENST00000396602.7	NM_003442.6	ZNF143	MANE Select
ENST00000620225.5	NM_007144.3	PCGF2	MANE Select
ENST00000335953.9	NM_006006.6	ZBTB16	MANE Select
ENST00000443387.3	NM_007145.3	ZNF146	MANE Select
ENST00000316881.9	NM_005082.5	TRIM25	MANE Select
ENST00000360647.9	NM_021964.3	ZNF148	MANE Select
ENST00000375743.9	NM_003443.3	ZBTB17	MANE Select
ENST00000684351.1	NM_001085384.3	ZNF154	MANE Select
ENST00000270014.7	NM_198089.3	ZNF155	MANE Select
ENST00000377073.4	NM_003446.4	ZNF157	MANE Select
ENST00000581208.2	NM_007146.3	VEZF1	MANE Select
ENST00000683778.1	NM_001376491.1	ZNF165	MANE Select
ENST00000454678.7	NM_003449.5	TRIM26	MANE Select
ENST00000268655.5	NM_003450.3	ZNF174	MANE Select
ENST00000262259.7	NM_007147.4	ZNF175	MANE Select
ENST00000683217.1	NM_001172651.2	ZNF177	MANE Select
ENST00000461366.2	NM_007148.5	RNF112	MANE Select
ENST00000592529.6	NM_001278509.3	ZNF180	MANE Select
ENST00000371442.4	NM_006978.3	RNF113A	MANE Select
ENST00000683788.1	NM_001318891.2	ZNF184	MANE Select
ENST00000695776.1	NM_001395254.1	ZNF185	MANE Select
ENST00000421553.7	NM_001023560.4	ZSCAN26	MANE Select
ENST00000339664.7	NM_003452.4	ZNF189	MANE Select
ENST00000330236.7	NM_006298.4	ZKSCAN8	MANE Select
ENST00000252207.10	NM_006299.5	ZSCAN9	MANE Select
ENST00000399602.9	NM_001130520.3	ZNF195	MANE Select
ENST00000610343.5	NM_197968.4	ZMYM2	MANE Select
ENST00000414144.7	NM_198088.3	ZNF200	MANE Select
ENST00000530393.6	NM_003455.4	ZNF202	MANE Select
ENST00000219091.9	NM_001042428.2	ZNF205	MANE Select
ENST00000394670.9	NM_001098507.2	ZNF207	MANE Select
ENST00000397126.9	NM_007153.3	ZNF208	MANE Select
ENST00000396878.8	NM_004220.3	ZNF213	MANE Select
ENST00000278314.5	NM_013249.4	ZNF214	MANE Select
ENST00000278319.10	NM_013250.4	ZNF215	MANE Select
ENST00000376962.10	NM_001102420.3	ZFAND5	MANE Select
ENST00000371471.7	NM_006526.3	ZNF217	MANE Select
ENST00000434772.8	NM_013361.6	ZNF223	MANE Select
ENST00000693561.1	NM_001321645.3	ZNF224	MANE Select
ENST00000262894.11	NM_013362.4	ZNF225	MANE Select
ENST00000337433.10	NM_001032373.2	ZNF226	MANE Select
ENST00000313040.12	NM_182490.3	ZNF227	MANE Select
ENST00000354340.9	NM_013380.4	ZNF112	MANE Select
ENST00000614049.5	NM_014518.4	ZNF229	MANE Select
ENST00000429154.7	NM_006300.4	ZNF230	MANE Select
ENST00000250076.8	NM_014519.6	ZNF232	MANE Select
ENST00000320610.14	NM_001306089.2	ZNF236	MANE Select
ENST00000367001.5	NM_021194.3	SLC30A1	MANE Select
ENST00000374276.4	NM_001004434.3	SLC30A2	MANE Select
ENST00000233535.9	NM_003459.5	SLC30A3	MANE Select
ENST00000261867.5	NM_013309.6	SLC30A4	MANE Select
ENST00000574091.6	NM_001376232.1	ZP2	MANE Select
ENST00000394857.8	NM_001110354.2	ZP3	MANE Select
ENST00000547488.6	NM_001193511.2	MAP3K12	MANE Select
ENST00000358697.6	NM_007156.5	ZXDA	MANE Select
ENST00000322764.10	NM_003461.5	ZYX	MANE Select
ENST00000302291.9	NM_001395462.2	LUZP1	MANE Select
ENST00000311066.10	NM_001393986.1	PRDM2	MANE Select
ENST00000652629.1	NM_003462.5	DNALI1	MANE Select
ENST00000626021.3	NM_003463.5	PTP4A1	MANE Select
ENST00000306052.12	NM_004631.5	LRP8	MANE Select
ENST00000294507.4	NM_006762.3	LAPTM5	MANE Select
ENST00000651561.1	NM_057176.3	BSND	MANE Select
ENST00000358528.9	NM_001007553.3	CSDE1	MANE Select
ENST00000684568.2	NM_001350197.2	EVI5	MANE Select
ENST00000368336.10	NM_004632.4	DAP3	MANE Select
ENST00000367615.9	NM_014625.4	NPHS2	MANE Select
ENST00000290551.5	NM_006763.3	BTG2	MANE Select
ENST00000252804.9	NM_012293.3	PXDN	MANE Select
ENST00000613296.6	NM_001378454.1	ALMS1	MANE Select
ENST00000448666.7	NM_006302.3	MOGS	MANE Select
ENST00000237455.5	NM_005667.4	RNF103	MANE Select
ENST00000301071.12	NM_006009.4	TUBA1A	MANE Select
ENST00000429538.8	NM_003466.4	PAX8	MANE Select
ENST00000332549.8	NM_004633.4	IL1R2	MANE Select
ENST00000272462.3	NM_005434.5	MALL	MANE Select
ENST00000241393.4	NM_003467.3	CXCR4	MANE Select
ENST00000295417.4	NM_003468.4	FZD5	MANE Select
ENST00000305409.3	NM_003469.5	SCG2	MANE Select
ENST00000383829.7	NM_001003694.2	BRPF1	MANE Select
ENST00000417626.8	NM_006764.5	IFRD2	MANE Select
ENST00000621469.5	NM_001243925.2	MAPKAPK3	MANE Select
ENST00000616701.5	NM_001290060.2	SEMA3B	MANE Select
ENST00000671191.1	NM_001377540.1	SLMAP	MANE Select
ENST00000528157.7	NM_006010.6	MANF	MANE Select
ENST00000344836.9	NM_003470.3	USP7	MANE Select
ENST00000265062.8	NM_004637.6	RAB7A	MANE Select
ENST00000490337.6	NM_172160.3	KCNAB1	MANE Select
ENST00000489418.6	NM_006527.4	SLBP	MANE Select
ENST00000231461.10	NM_005668.6	ST8SIA4	MANE Select
ENST00000379638.9	NM_005669.5	REEP5	MANE Select
ENST00000652689.1	NM_003472.4	DEK	MANE Select
ENST00000357578.8	NM_001080.3	ALDH5A1	MANE Select
ENST00000376033.3	NM_004638.4	PRRC2A	MANE Select
ENST00000676615.2	NM_001387994.1	BAG6	MANE Select
ENST00000375896.9	NM_033177.4	GPANK1	MANE Select
ENST00000396172.6	NM_004640.7	DDX39B	MANE Select
ENST00000395952.8	NM_021160.3	ABHD16A	MANE Select
ENST00000374677.8	NM_006979.3	SLC39A7	MANE Select
ENST00000374662.4	NM_014234.5	HSD17B8	MANE Select
ENST00000641840.1	NM_007160.4	OR2H2	MANE Select
ENST00000375429.8	NM_002904.6	NELFE	MANE Select
ENST00000438075.7	NM_205839.3	LST1	MANE Select
ENST00000274793.12	NM_005084.4	PLA2G7	MANE Select
ENST00000373033.6	NM_001271944.2	TFEB	MANE Select
ENST00000367519.9	NM_005670.4	EPM2A	MANE Select
ENST00000223029.8	NM_006303.4	AIMP2	MANE Select
ENST00000343242.9	NM_002360.4	MAFK	MANE Select
ENST00000240093.8	NM_017412.4	FZD3	MANE Select
ENST00000351870.8	NM_006980.5	MTERF1	MANE Select
ENST00000248566.4	NM_006304.2	SEM1	MANE Select
ENST00000222543.11	NM_006528.4	TFPI2	MANE Select
ENST00000323984.8	NM_001369598.1	ST7	MANE Select
ENST00000056217.10	NM_005435.4	ARHGEF5	MANE Select
ENST00000335870.7	NM_012256.4	ZNF212	MANE Select
ENST00000503731.6	NM_006765.4	TUSC3	MANE Select
ENST00000265616.10	NM_005671.4	UBXN8	MANE Select
ENST00000265713.8	NM_006766.5	KAT6A	MANE Select
ENST00000301258.5	NM_005672.5	PSCA	MANE Select
ENST00000274093.8	NM_006529.4	GLRA3	MANE Select
ENST00000395097.7	NM_006981.4	NR4A3	MANE Select
ENST00000303407.12	NM_007371.4	BRD3	MANE Select
ENST00000359428.10	NM_005085.4	NUP214	MANE Select
ENST00000371748.10	NM_178138.6	LHX3	MANE Select
ENST00000377524.8	NM_003473.4	STAM	MANE Select
ENST00000307729.12	NM_001195626.3	MLLT10	MANE Select
ENST00000377833.10	NM_001081.4	CUBN	MANE Select
ENST00000263102.7	NM_005436.5	CCDC6	MANE Select
ENST00000581486.6	NM_001145263.2	NCOA4	MANE Select
ENST00000609923.6	NM_152707.4	SLC25A16	MANE Select
ENST00000369452.9	NM_007373.4	SHOC2	MANE Select
ENST00000448723.2	NM_001288973.2	ADAM12	MANE Select
ENST00000397583.8	NM_003475.4	RASSF7	MANE Select
ENST00000265968.9	NM_003476.5	CSRP3	MANE Select
ENST00000227868.9	NM_003477.3	PDHX	MANE Select
ENST00000312562.7	NM_005438.5	FOSL1	MANE Select
ENST00000393094.7	NM_003478.6	CUL5	MANE Select
ENST00000647444.2	NM_080391.4	PTP4A2	MANE Select
ENST00000237837.2	NM_020638.3	FGF23	MANE Select
ENST00000359478.7	NM_003480.4	MFAP5	MANE Select
ENST00000229268.13	NM_001098536.2	USP5	MANE Select
ENST00000203630.10	NM_001382226.1	MLF2	MANE Select
ENST00000242729.7	NM_005086.5	SSPN	MANE Select
ENST00000301067.12	NM_003482.4	KMT2D	MANE Select
ENST00000209873.9	NM_015665.6	AAAS	MANE Select
ENST00000357559.9	NM_005087.4	FXR1	MANE Select
ENST00000482125.2	NM_001441509.1	FXR1	MANE Plus Clinical
ENST00000247843.7	NM_006530.4	YEATS4	MANE Select
ENST00000403681.7	NM_003483.6	HMGA2	MANE Select
ENST00000316824.4	NM_006982.3	ALX1	MANE Select
ENST00000261692.7	NM_004642.4	CDK2AP1	MANE Select
ENST00000351808.10	NM_006531.5	IFT88	MANE Select
ENST00000216727.9	NM_004643.4	PABPN1	MANE Select
ENST00000556509.6	NM_001280542.3	DPF3	MANE Select
ENST00000650645.1	NM_001177676.2	GPR68	MANE Select
ENST00000402399.6	NM_021966.3	TCL1A	MANE Select
ENST00000535359.6	NM_001278512.2	AP3B2	MANE Select
ENST00000465139.6	NM_006305.4	ANP32A	MANE Select
ENST00000268164.8	NM_006011.4	ST8SIA2	MANE Select
ENST00000611875.5	NM_001077350.3	NPRL3	MANE Select
ENST00000648994.2	NM_022041.4	GAN	MANE Select
ENST00000261622.5	NM_003486.7	SLC7A5	MANE Select
ENST00000605844.6	NM_139215.3	TAF15	MANE Select
ENST00000587250.4	NM_005440.5	RND2	MANE Select
ENST00000240316.5	NM_004645.3	COIL	MANE Select
ENST00000337714.8	NM_003488.4	AKAP1	MANE Select
ENST00000255226.11	NM_007163.4	SLC14A2	MANE Select
ENST00000215637.8	NM_130760.3	MADCAM1	MANE Select
ENST00000221494.10	NM_007165.5	SF3A2	MANE Select
ENST00000262809.9	NM_006532.4	ELL	MANE Select
ENST00000374446.7	NM_001099282.2	ZNF239	MANE Select
ENST00000245934.12	NM_004819.3	SYMPK	MANE Select
ENST00000263369.4	NM_006533.4	MIA	MANE Select
ENST00000245816.11	NM_006012.4	CLPP	MANE Select
ENST00000355526.10	NM_001135155.3	DPF1	MANE Select
ENST00000347364.7	NM_170784.3	MKKS	MANE Select
ENST00000374369.8	NM_000557.5	GDF5	MANE Select
ENST00000371998.8	NM_181659.3	NCOA3	MANE Select
ENST00000318948.7	NM_003489.4	NRIP1	MANE Select
ENST00000314103.6	NM_005441.3	CHAF1B	MANE Select
ENST00000291577.11	NM_004649.8	GATD3	MANE Select
ENST00000331444.12	NM_005675.6	DGCR6	MANE Select
ENST00000646124.2	NM_006767.4	LZTR1	MANE Select
ENST00000427926.6	NM_007098.4	CLTCL1	MANE Select
ENST00000252137.11	NM_022719.3	ESS2	MANE Select
ENST00000358763.7	NM_003490.4	SYN3	MANE Select
ENST00000326153.10	NM_012227.4	GTPBP6	MANE Select
ENST00000381077.10	NM_012080.5	PUDP	MANE Select
ENST00000313871.9	NM_005088.3	AKAP17A	MANE Select
ENST00000381042.9	NM_004650.3	PNPLA4	MANE Select
ENST00000307771.8	NM_005089.4	ZRSR2	MANE Select
ENST00000377107.7	NM_001371072.1	USP11	MANE Select
ENST00000378308.7	NM_001039591.3	USP9X	MANE Select
ENST00000377604.8	NM_005676.5	RBM10	MANE Select
ENST00000375401.8	NM_004187.5	KDM5C	MANE Select
ENST00000322213.9	NM_006306.4	SMC1A	MANE Select
ENST00000464845.6	NM_003491.4	NAA10	MANE Select
ENST00000610495.2	NM_012151.4	F8A1	MANE Select
ENST00000369660.9	NM_014235.5	UBL4A	MANE Select
ENST00000369982.5	NM_003492.3	TMEM187	MANE Select
ENST00000357360.5	NM_006014.5	LAGE3	MANE Select
ENST00000651600.1	NM_019848.5	SLC10A3	MANE Select
ENST00000369915.8	NM_012253.4	TKTL1	MANE Select
ENST00000317961.9	NM_004653.5	KDM5D	MANE Select
ENST00000338981.7	NM_004654.4	USP9Y	MANE Select
ENST00000225371.6	NM_000502.6	EPX	MANE Select
ENST00000324856.13	NM_006015.6	ARID1A	MANE Select
ENST00000366696.2	NM_003493.3	H3-4	MANE Select
ENST00000258104.8	NM_003494.4	DYSF	MANE Plus Clinical
ENST00000410020.8	NM_001130987.2	DYSF	MANE Select
ENST00000383788.10	NM_005677.4	COLQ	MANE Select
ENST00000317633.14	NM_022968.2	SERF1A	MANE Select
ENST00000615353.2	NM_003495.3	H4C9	MANE Select
ENST00000456197.2	NM_001375524.1	TRRAP	MANE Select
ENST00000393346.8	NM_007166.4	PICALM	MANE Select
ENST00000309384.3	NM_013431.2	KLRC4	MANE Select
ENST00000329565.6	NM_003498.6	SNN	MANE Select
ENST00000302819.10	NM_003500.4	ACOX2	MANE Select
ENST00000356406.10	NM_003501.3	ACOX3	MANE Select
ENST00000262320.8	NM_003502.4	AXIN1	MANE Select
ENST00000307078.10	NM_004655.4	AXIN2	MANE Select
ENST00000460680.6	NM_004656.4	BAP1	MANE Select
ENST00000419234.9	NM_006768.5	BRAP	MANE Select
ENST00000234626.11	NM_003503.4	CDC7	MANE Select
ENST00000263201.7	NM_003504.5	CDC45	MANE Select
ENST00000449599.4	NM_001278182.2	EOMES	MANE Select
ENST00000287934.4	NM_003505.2	FZD1	MANE Select
ENST00000531380.2	NM_012193.4	FZD4	MANE Select
ENST00000358755.5	NM_003506.4	FZD6	MANE Select
ENST00000286201.3	NM_003507.2	FZD7	MANE Select
ENST00000374694.3	NM_031866.3	FZD8	MANE Select
ENST00000344575.5	NM_003508.3	FZD9	MANE Select
ENST00000372122.4	NM_001377304.1	GFI1B	MANE Select
ENST00000358739.5	NM_003509.3	H2AC13	MANE Select
ENST00000618958.2	NM_003510.3	H2AC15	MANE Select
ENST00000333151.5	NM_021066.3	H2AC14	MANE Select
ENST00000613174.2	NM_003511.3	H2AC16	MANE Select
ENST00000377791.4	NM_003512.4	H2AC6	MANE Select
ENST00000615868.2	NM_003513.3	H2AC4	MANE Select
ENST00000359611.4	NM_003514.2	H2AC17	MANE Select
ENST00000369159.3	NM_003516.3	H2AC18	MANE Select
ENST00000331380.4	NM_003517.3	H2AC20	MANE Select
ENST00000541790.4	NM_003518.4	H2BC8	MANE Select
ENST00000377401.4	NM_003519.4	H2BC13	MANE Select
ENST00000612898.2	NM_003520.4	H2BC15	MANE Select
ENST00000621112.2	NM_003521.3	H2BC14	MANE Select
ENST00000356530.6	NM_003522.4	H2BC7	MANE Select
ENST00000614097.3	NM_003523.3	H2BC6	MANE Select
ENST00000619466.3	NM_003524.3	H2BC9	MANE Select
ENST00000377733.4	NM_003525.3	H2BC10	MANE Select
ENST00000396984.2	NM_003526.3	H2BC4	MANE Select
ENST00000616182.2	NM_003527.4	H2BC17	MANE Select
ENST00000369155.4	NM_003528.3	H2BC21	MANE Select
ENST00000613854.2	NM_003529.3	H3C1	MANE Select
ENST00000356476.3	NM_001376937.1	H3C4	MANE Select
ENST00000612966.3	NM_003531.3	H3C3	MANE Select
ENST00000614911.3	NM_003532.3	H3C6	MANE Select
ENST00000616365.2	NM_003533.3	H3C11	MANE Select
ENST00000614378.2	NM_003534.3	H3C8	MANE Select
ENST00000359303.4	NM_003535.3	H3C12	MANE Select
ENST00000685041.1	NM_003536.3	H3C10	MANE Select
ENST00000621411.3	NM_003537.4	H3C2	MANE Select
ENST00000617569.2	NM_003538.4	H4C1	MANE Select
ENST00000614247.2	NM_003539.4	H4C4	MANE Select
ENST00000244537.6	NM_003540.4	H4C6	MANE Select
ENST00000611927.2	NM_003541.3	H4C12	MANE Select
ENST00000355057.3	NM_021968.4	H4C11	MANE Select
ENST00000377803.4	NM_003542.4	H4C3	MANE Select
ENST00000377727.2	NM_003543.4	H4C8	MANE Select
ENST00000377745.5	NM_003544.3	H4C2	MANE Select
ENST00000615164.3	NM_003545.4	H4C5	MANE Select
ENST00000618305.2	NM_003546.3	H4C13	MANE Select
ENST00000611444.2	NM_003547.3	H4C7	MANE Select
ENST00000578186.3	NM_003548.2	H4C14	MANE Select
ENST00000336307.6	NM_003549.4	HYAL3	MANE Select
ENST00000265854.12	NM_001013836.2	MAD1L1	MANE Select
ENST00000265191.4	NM_003551.3	NME5	MANE Select
ENST00000641732.2	NM_014565.3	OR1A1	MANE Select
ENST00000575751.1	NM_014566.1	OR1D5	MANE Select
ENST00000322608.2	NM_003553.3	OR1E1	MANE Select
ENST00000248384.1	NM_003554.2	OR1E2	MANE Select
ENST00000328890.3	NM_003555.1	OR1G1	MANE Select
ENST00000641141.1	NM_012373.3	OR3A3	MANE Select
ENST00000368888.9	NM_001135638.2	PIP5K1A	MANE Select
ENST00000265382.8	NM_003558.4	PIP5K1B	MANE Select
ENST00000619039.5	NM_003559.5	PIP4K2B	MANE Select
ENST00000332509.8	NM_003560.4	PLA2G6	MANE Select
ENST00000438167.8	NM_003561.3	PLA2G10	MANE Select
ENST00000225665.12	NM_003562.5	SLC25A11	MANE Select
ENST00000306087.3	NM_004189.4	SOX14	MANE Select
ENST00000282470.11	NM_004684.6	SPARCL1	MANE Select
ENST00000504102.6	NM_001007228.2	SPOP	MANE Select
ENST00000378533.4	NM_006307.5	SRPX	MANE Select
ENST00000368097.9	NM_003564.3	TAGLN2	MANE Select
ENST00000321867.6	NM_003565.4	ULK1	MANE Select
ENST00000333119.8	NM_004182.4	UXT	MANE Select
ENST00000322349.13	NM_003566.4	EEA1	MANE Select
ENST00000260502.11	NM_003567.4	BCAR3	MANE Select
ENST00000368947.9	NM_003568.3	ANXA9	MANE Select
ENST00000367941.7	NM_003569.3	STX7	MANE Select
ENST00000302334.3	NM_003571.4	BFSP2	MANE Select
ENST00000263182.8	NM_003986.3	BBOX1	MANE Select
ENST00000396819.8	NM_001042545.2	LTBP4	MANE Select
ENST00000610704.5	NM_003575.4	ZNF282	MANE Select
ENST00000539966.6	NM_001032296.4	STK24	MANE Select
ENST00000254227.4	NM_021969.3	NR0B2	MANE Select
ENST00000304477.3	NM_003577.3	UTF1	MANE Select
ENST00000377966.4	NM_021111.3	RECK	MANE Select
ENST00000301466.8	NM_003578.4	SOAT2	MANE Select
ENST00000304141.5	NM_004657.6	CAVIN2	MANE Select
ENST00000548055.2	NM_001301202.2	RASAL1	MANE Select
ENST00000371975.9	NM_003579.4	RAD54L	MANE Select
ENST00000038176.8	NM_003580.4	NSMAF	MANE Select
ENST00000233154.9	NM_003581.5	NCK2	MANE Select
ENST00000366647.9	NM_014236.4	GNPAT	MANE Select
ENST00000367109.8	NM_003582.4	DYRK3	MANE Select
ENST00000344096.4	NM_006482.3	DYRK2	MANE Select
ENST00000272444.8	NM_003584.3	DUSP11	MANE Select
ENST00000613549.3	NM_003585.5	DOC2B	MANE Select
ENST00000350119.9	NM_003586.3	DOC2A	MANE Select
ENST00000376442.8	NM_003587.5	DHX16	MANE Select
ENST00000371322.11	NM_001079872.2	CUL4B	MANE Select
ENST00000375440.9	NM_001008895.4	CUL4A	MANE Select
ENST00000264414.9	NM_003590.5	CUL3	MANE Select
ENST00000374749.8	NM_003591.4	CUL2	MANE Select
ENST00000325222.9	NM_003592.3	CUL1	MANE Select
ENST00000262919.10	NM_139321.3	ATRN	MANE Select
ENST00000579795.6	NM_001369369.1	FOXN1	MANE Select
ENST00000369466.9	NM_003594.4	TTF2	MANE Select
ENST00000338754.9	NM_003595.5	TPST2	MANE Select
ENST00000304842.6	NM_003596.4	TPST1	MANE Select
ENST00000305883.6	NM_003597.5	KLF11	MANE Select
ENST00000593945.6	NM_001256660.2	TEAD2	MANE Select
ENST00000371459.6	NM_003599.4	SUPT3H	MANE Select
ENST00000283131.4	NM_003601.4	SMARCA5	MANE Select
ENST00000252037.5	NM_003602.5	FKBP6	MANE Select
ENST00000695409.1	NM_001395207.1	SORBS2	MANE Select
ENST00000372129.4	NM_001379150.1	IRS4	MANE Select
ENST00000373719.8	NM_181672.3	OGT	MANE Select
ENST00000366766.8	NM_001394014.1	CDC42BPA	MANE Select
ENST00000267549.5	NM_003608.4	GPR65	MANE Select
ENST00000279392.8	NM_003609.5	HIRIP3	MANE Select
ENST00000395841.7	NM_003610.4	RAE1	MANE Select
ENST00000340096.11	NM_003611.3	OFD1	MANE Select
ENST00000261918.9	NM_003612.5	SEMA7A	MANE Select
ENST00000261883.6	NM_003613.4	CILP	MANE Select
ENST00000249041.3	NM_003614.2	GALR3	MANE Select
ENST00000308317.12	NM_003616.3	GEMIN2	MANE Select
ENST00000313961.10	NM_003617.4	RGS5	MANE Select
ENST00000263881.8	NM_003618.4	MAP4K3	MANE Select
ENST00000296498.3	NM_003619.4	PRSS12	MANE Select
ENST00000305921.8	NM_003620.4	PPM1D	MANE Select
ENST00000299492.9	NM_003621.5	PPFIBP2	MANE Select
ENST00000228425.11	NM_003622.4	PPFIBP1	MANE Select
ENST00000295706.9	NM_001304331.2	PPFIA4	MANE Select
ENST00000340578.10	NM_007322.3	RANBP3	MANE Select
ENST00000549396.6	NM_003625.5	PPFIA2	MANE Select
ENST00000253925.12	NM_003626.5	PPFIA1	MANE Select
ENST00000278426.8	NM_003627.6	SLC43A1	MANE Select
ENST00000389759.8	NM_003628.6	PKP4	MANE Select
ENST00000262741.10	NM_003629.4	PIK3R3	MANE Select
ENST00000367591.5	NM_003630.3	PEX3	MANE Select
ENST00000616448.2	NM_003631.5	PARG	MANE Select
ENST00000264638.9	NM_003632.3	CNTNAP1	MANE Select
ENST00000302351.9	NM_003633.4	ENC1	MANE Select
ENST00000216121.12	NM_003634.4	NIPSNAP1	MANE Select
ENST00000309979.11	NM_003635.4	NDST2	MANE Select
ENST00000356026.10	NM_006983.2	MMP23B	MANE Select
ENST00000238983.9	NM_004190.4	LIPF	MANE Select
ENST00000378083.8	NM_001199862.2	KCNAB2	MANE Select
ENST00000369304.8	NM_003637.5	ITGA10	MANE Select
ENST00000378076.4	NM_003638.3	ITGA8	MANE Select
ENST00000594239.6	NM_001099857.5	IKBKG	MANE Select
ENST00000374647.10	NM_003640.5	ELP1	MANE Select
ENST00000408968.4	NM_003641.5	IFITM1	MANE Select
ENST00000264108.5	NM_003642.4	HAT1	MANE Select
ENST00000259803.8	NM_003643.4	GCM1	MANE Select
ENST00000432992.7	NM_201433.2	GAS7	MANE Select
ENST00000456247.7	NM_001199267.2	DGKZ	MANE Select
ENST00000284061.8	NM_003647.3	DGKE	MANE Select
ENST00000264057.7	NM_152879.3	DGKD	MANE Select
ENST00000368924.9	NM_001372108.2	DDO	MANE Select
ENST00000221700.11	NM_001082.5	CYP4F2	MANE Select
ENST00000480798.2	NM_003650.4	CST7	MANE Select
ENST00000228251.9	NM_003651.5	YBX3	MANE Select
ENST00000360986.9	NM_001014447.3	CPZ	MANE Select
ENST00000268717.10	NM_003653.4	COPS3	MANE Select
ENST00000308064.7	NM_003654.6	CHST1	MANE Select
ENST00000269397.9	NM_003655.3	CBX4	MANE Select
ENST00000256460.8	NM_003656.5	CAMK1	MANE Select
ENST00000688948.1	NM_001366298.2	BCAS1	MANE Select
ENST00000281437.6	NM_003658.5	BARX2	MANE Select
ENST00000531273.6	NM_001142930.2	API5	MANE Select
ENST00000264167.11	NM_003659.4	AGPS	MANE Select
ENST00000334186.9	NM_003660.4	PPFIA3	MANE Select
ENST00000397278.8	NM_003661.4	APOL1	MANE Select
ENST00000370544.10	NM_006769.4	LMO4	MANE Select
ENST00000380420.10	NM_001018109.3	PIR	MANE Select
ENST00000482016.6	NM_001008390.2	CGGBP1	MANE Select
ENST00000255194.11	NM_003664.5	AP3B1	MANE Select
ENST00000270879.9	NM_003665.4	FCN3	MANE Select
ENST00000367808.8	NM_001320973.2	BLZF1	MANE Select
ENST00000266674.10	NM_003667.4	LGR5	MANE Select
ENST00000550735.7	NM_003668.4	MAPKAPK5	MANE Select
ENST00000256495.4	NM_003670.3	BHLHE40	MANE Select
ENST00000249636.11	NM_016166.3	PIAS1	MANE Select
ENST00000375241.6	NM_033331.4	CDC14B	MANE Select
ENST00000336454.5	NM_003672.4	CDC14A	MANE Select
ENST00000309889.3	NM_003673.4	TCAP	MANE Select
ENST00000353379.12	NM_052988.5	CDK10	MANE Select
ENST00000378572.8	NM_003675.4	PRPF18	MANE Select
ENST00000323699.9	NM_003676.4	DEGS1	MANE Select
ENST00000280557.11	NM_003677.5	DENR	MANE Select
ENST00000490103.6	NM_003678.5	THOC5	MANE Select
ENST00000366559.9	NM_003679.5	KMO	MANE Select
ENST00000373477.9	NM_003680.4	YARS1	MANE Select
ENST00000291565.9	NM_003681.5	PDXK	MANE Select
ENST00000706887.1	NM_001376571.1	MADD	MANE Select
ENST00000497547.2	NM_003683.6	RRP1	MANE Select
ENST00000371945.10	NM_001135553.4	MKNK1	MANE Select
ENST00000600480.2	NM_001366299.1	KHSRP	MANE Select
ENST00000253754.8	NM_003687.4	PDLIM4	MANE Select
ENST00000378163.7	NM_001367721.1	CASK	MANE Select
ENST00000235835.8	NM_003689.4	AKR7A2	MANE Select
ENST00000325748.9	NM_003690.5	PRKRA	MANE Select
ENST00000396738.7	NM_001330213.2	STK16	MANE Select
ENST00000374879.5	NM_003692.5	TMEFF1	MANE Select
ENST00000263071.9	NM_003693.4	SCARF1	MANE Select
ENST00000301263.5	NM_003695.3	LY6D	MANE Select
ENST00000641196.1	NM_003696.3	OR6A2	MANE Select
ENST00000641440.1	NM_001396059.1	OR5D3	MANE Select
ENST00000398795.7	NM_003701.4	TNFSF11	MANE Select
ENST00000276500.5	NM_003702.5	RGS20	MANE Select
ENST00000416614.7	NM_001291978.2	NOP14	MANE Select
ENST00000637812.2	NM_001366318.2	FAM193A	MANE Select
ENST00000422440.7	NM_003705.5	SLC25A12	MANE Select
ENST00000599921.6	NM_003706.3	PLA2G4C	MANE Select
ENST00000322623.10	NM_003707.3	RUVBL1	MANE Select
ENST00000398138.5	NM_003708.5	RDH16	MANE Select
ENST00000309446.11	NM_003709.4	KLF7	MANE Select
ENST00000307259.9	NM_003711.4	PLPP1	MANE Select
ENST00000434325.7	NM_003712.4	PLPP2	MANE Select
ENST00000371250.4	NM_003713.5	PLPP3	MANE Select
ENST00000265087.9	NM_003714.3	STC2	MANE Select
ENST00000514213.7	NM_003715.4	USO1	MANE Select
ENST00000383710.9	NM_003716.4	CADPS	MANE Select
ENST00000267017.4	NM_003717.4	NPFF	MANE Select
ENST00000181839.10	NM_003718.5	CDK13	MANE Select
ENST00000264917.10	NM_003719.5	PDE8B	MANE Select
ENST00000381317.9	NM_004192.4	ASMTL	MANE Select
ENST00000331573.8	NM_003720.4	PSMG1	MANE Select
ENST00000303088.9	NM_003721.4	RFXANK	MANE Select
ENST00000264731.8	NM_003722.5	TP63	MANE Select
ENST00000354600.10	NM_001114980.2	TP63	MANE Plus Clinical
ENST00000612905.2	NM_003724.4	JRK	MANE Select
ENST00000322165.1	NM_003725.4	HSD17B6	MANE Select
ENST00000336915.11	NM_003726.4	SKAP1	MANE Select
ENST00000389840.7	NM_173628.4	DNAH17	MANE Select
ENST00000453304.6	NM_003728.4	UNC5C	MANE Select
ENST00000370128.9	NM_003729.4	RTCA	MANE Select
ENST00000508775.6	NM_003730.6	RNASET2	MANE Select
ENST00000322310.10	NM_003731.3	SSNA1	MANE Select
ENST00000310331.3	NM_003732.3	EIF4EBP3	MANE Select
ENST00000257570.10	NM_003733.4	OASL	MANE Select
ENST00000308423.7	NM_003734.4	AOC3	MANE Select
ENST00000519479.2	NM_003736.4	PCDHGB4	MANE Select
ENST00000299441.5	NM_003737.4	DCHS1	MANE Select
ENST00000372192.4	NM_003738.5	PTCH2	MANE Select
ENST00000380554.5	NM_003739.6	AKR1C3	MANE Select
ENST00000359534.4	NM_003740.4	KCNK5	MANE Select
ENST00000204604.6	NM_003741.4	CHRD	MANE Select
ENST00000650372.1	NM_003742.4	ABCB11	MANE Select
ENST00000348332.8	NM_003743.5	NCOA1	MANE Select
ENST00000499666.7	NM_021970.4	LAMTOR3	MANE Select
ENST00000555238.6	NM_001005743.2	NUMB	MANE Select
ENST00000332029.4	NM_003745.2	SOCS1	MANE Select
ENST00000336079.8	NM_004660.5	DDX3Y	MANE Select
ENST00000354960.8	NM_001083.4	PDE5A	MANE Select
ENST00000242577.11	NM_003746.3	DYNLL1	MANE Select
ENST00000310430.11	NM_003747.3	TNKS	MANE Select
ENST00000375341.8	NM_003748.4	ALDH4A1	MANE Select
ENST00000375856.5	NM_003749.3	IRS2	MANE Select
ENST00000369144.8	NM_003750.4	EIF3A	MANE Select
ENST00000360876.9	NM_001037283.2	EIF3B	MANE Select
ENST00000331666.11	NM_003752.5	EIF3C	MANE Select
ENST00000216190.13	NM_003753.4	EIF3D	MANE Select
ENST00000651655.1	NM_003754.3	EIF3F	MANE Select
ENST00000253108.9	NM_003755.5	EIF3G	MANE Select
ENST00000521861.6	NM_003756.3	EIF3H	MANE Select
ENST00000677711.2	NM_003757.4	EIF3I	MANE Select
ENST00000261868.10	NM_003758.4	EIF3J	MANE Select
ENST00000264485.11	NM_001098484.3	SLC4A4	MANE Select
ENST00000340595.4	NM_003759.4	SLC4A4	MANE Plus Clinical
ENST00000602326.6	NM_001391906.1	EIF4G3	MANE Select
ENST00000263864.10	NM_003761.5	VAMP8	MANE Select
ENST00000236192.12	NM_003762.5	VAMP4	MANE Select
ENST00000371141.8	NM_001001433.3	STX16	MANE Select
ENST00000367568.5	NM_003764.4	STX11	MANE Select
ENST00000587230.6	NM_003765.3	STX10	MANE Select
ENST00000590099.6	NM_001313998.2	BECN1	MANE Select
ENST00000360472.9	NM_003768.5	PEA15	MANE Select
ENST00000229390.8	NM_003769.3	SRSF9	MANE Select
ENST00000327097.5	NM_006770.4	MARCO	MANE Select
ENST00000246646.4	NM_006771.4	KRT38	MANE Select
ENST00000225550.4	NM_003770.5	KRT37	MANE Select
ENST00000328119.11	NM_003771.5	KRT36	MANE Select
ENST00000332349.5	NM_001261833.2	JRKL	MANE Select
ENST00000357750.9	NM_003773.5	HYAL2	MANE Select
ENST00000529983.3	NM_003774.5	GALNT4	MANE Select
ENST00000528718.6	NM_012079.6	DGAT1	MANE Select
ENST00000394886.7	NM_004661.4	CDC23	MANE Select
ENST00000246115.5	NM_003775.4	S1PR4	MANE Select
ENST00000409508.8	NM_001277115.2	DNAH11	MANE Select
ENST00000393765.7	NM_003778.4	B4GALT4	MANE Select
ENST00000319769.10	NM_003779.4	B4GALT3	MANE Select
ENST00000372324.6	NM_003780.5	B4GALT2	MANE Select
ENST00000451237.3	NM_003782.4	B3GALT4	MANE Select
ENST00000320474.10	NM_003781.4	B3GALNT1	MANE Select
ENST00000367434.5	NM_003783.3	B3GALT2	MANE Select
ENST00000392690.4	NM_020981.4	B3GALT1	MANE Select
ENST00000398019.7	NM_003784.4	SERPINB7	MANE Select
ENST00000688331.1	NM_003985.6	TNK1	MANE Select
ENST00000376150.4	NM_003785.4	PAGE1	MANE Select
ENST00000285238.13	NM_003786.4	ABCC3	MANE Select
ENST00000261592.10	NM_003787.5	NOL4	MANE Select
ENST00000345057.9	NM_003789.4	TRADD	MANE Select
ENST00000356876.8	NM_003790.3	TNFRSF25	MANE Select
ENST00000343411.8	NM_003791.4	MBTPS1	MANE Select
ENST00000224073.6	NM_003792.4	EDF1	MANE Select
ENST00000310325.10	NM_003793.4	CTSF	MANE Select
ENST00000251775.9	NM_003794.4	SNX4	MANE Select
ENST00000230085.13	NM_003795.6	SNX3	MANE Select
ENST00000392271.6	NM_003796.3	URI1	MANE Select
ENST00000263360.11	NM_003797.5	EED	MANE Select
ENST00000325551.9	NM_003798.4	CTNNAL1	MANE Select
ENST00000257527.9	NM_033274.5	ADAM19	MANE Select
ENST00000369983.5	NM_001377137.1	GBF1	MANE Select
ENST00000383314.7	NM_003799.3	RNMT	MANE Select
ENST00000369485.9	NM_003800.5	RNGTT	MANE Select
ENST00000355091.9	NM_003801.4	GPAA1	MANE Select
ENST00000252172.9	NM_003802.3	MYH13	MANE Select
ENST00000356443.9	NM_003803.4	MYOM1	MANE Select
ENST00000259808.9	NM_001354930.2	RIPK1	MANE Select
ENST00000332896.8	NM_003805.5	CRADD	MANE Select
ENST00000257572.5	NM_003806.4	HRK	MANE Select
ENST00000675206.1	NM_001376887.1	TNFSF14	MANE Select
ENST00000338784.9	NM_003808.4	TNFSF13	MANE Select
ENST00000293825.11	NM_003809.3	TNFSF12	MANE Select
ENST00000241261.7	NM_003810.4	TNFSF10	MANE Select
ENST00000245817.5	NM_003811.4	TNFSF9	MANE Select
ENST00000264377.8	NM_003812.4	ADAM23	MANE Select
ENST00000603540.2	NM_003813.4	ADAM21	MANE Select
ENST00000256389.5	NM_003814.5	ADAM20	MANE Select
ENST00000265707.10	NM_014237.3	ADAM18	MANE Select
ENST00000356955.7	NM_207197.3	ADAM15	MANE Select
ENST00000487273.7	NM_003816.3	ADAM9	MANE Select
ENST00000175238.10	NM_003817.4	ADAM7	MANE Select
ENST00000460006.6	NM_003818.4	CDS2	MANE Select
ENST00000372858.8	NM_001135653.2	PABPC4	MANE Select
ENST00000310786.10	NM_006016.6	CD164	MANE Select
ENST00000355716.5	NM_003820.4	TNFRSF14	MANE Select
ENST00000261890.7	NM_004663.5	RAB11A	MANE Select
ENST00000220751.5	NM_003821.6	RIPK2	MANE Select
ENST00000369996.3	NM_003823.4	TNFRSF6B	MANE Select
ENST00000301838.5	NM_003824.4	FADD	MANE Select
ENST00000249647.8	NM_003825.4	SNAP23	MANE Select
ENST00000322897.11	NM_003826.3	NAPG	MANE Select
ENST00000263354.8	NM_003827.4	NAPA	MANE Select
ENST00000445323.7	NM_001306144.3	MTMR1	MANE Select
ENST00000319217.12	NM_001378778.1	MPDZ	MANE Select
ENST00000683636.1	NM_003830.4	SIGLEC5	MANE Select
ENST00000339486.8	NM_003831.5	RIOK3	MANE Select
ENST00000379268.7	NM_004195.3	TNFRSF18	MANE Select
ENST00000372756.6	NM_001393530.1	MATN4	MANE Select
ENST00000397770.8	NM_183337.3	RGS11	MANE Select
ENST00000262406.10	NM_003835.4	RGS9	MANE Select
ENST00000341267.9	NM_003836.7	DLK1	MANE Select
ENST00000375337.4	NM_003837.4	FBP2	MANE Select
ENST00000370898.9	NM_003838.5	FPGT	MANE Select
ENST00000586569.3	NM_003839.4	TNFRSF11A	MANE Select
ENST00000312584.4	NM_003840.5	TNFRSF10D	MANE Select
ENST00000356864.4	NM_003841.5	TNFRSF10C	MANE Select
ENST00000276431.9	NM_003842.5	TNFRSF10B	MANE Select
ENST00000349847.4	NM_144777.3	SCEL	MANE Select
ENST00000221132.8	NM_003844.4	TNFRSF10A	MANE Select
ENST00000543431.6	NM_001394779.1	DYRK4	MANE Select
ENST00000369306.8	NM_003846.3	PEX11B	MANE Select
ENST00000300056.8	NM_003847.3	PEX11A	MANE Select
ENST00000307227.10	NM_003848.4	SUCLG2	MANE Select
ENST00000393868.7	NM_003849.4	SUCLG1	MANE Select
ENST00000646932.1	NM_003850.3	SUCLA2	MANE Select
ENST00000370509.5	NM_003851.3	CREG1	MANE Select
ENST00000343526.9	NM_015905.3	TRIM24	MANE Select
ENST00000687160.1	NM_001393487.1	IL18RAP	MANE Select
ENST00000264257.7	NM_003854.4	IL1RL2	MANE Select
ENST00000233957.7	NM_003855.5	IL18R1	MANE Select
ENST00000329003.4	NM_003857.4	GALR2	MANE Select
ENST00000389879.9	NM_001099402.2	CCNK	MANE Select
ENST00000371588.10	NM_003859.3	DPM1	MANE Select
ENST00000395834.6	NM_004196.7	CDKL1	MANE Select
ENST00000312175.7	NM_003860.4	BANF1	MANE Select
ENST00000341516.10	NM_003861.3	DCAF5	MANE Select
ENST00000274625.6	NM_003862.3	FGF18	MANE Select
ENST00000314392.13	NM_003863.4	DPM2	MANE Select
ENST00000296504.4	NM_003864.4	SAP30	MANE Select
ENST00000295934.8	NM_003865.3	HESX1	MANE Select
ENST00000262992.9	NM_001101669.3	INPP4B	MANE Select
ENST00000359441.4	NM_003867.4	FGF17	MANE Select
ENST00000439435.3	NM_003868.3	FGF16	MANE Select
ENST00000317091.10	NM_001365405.1	CES2	MANE Select
ENST00000552864.6	NM_004664.4	LIN7A	MANE Select
ENST00000268182.10	NM_003870.4	IQGAP1	MANE Select
ENST00000357785.10	NM_003872.3	NRP2	MANE Select
ENST00000374867.7	NM_003873.7	NRP1	MANE Select
ENST00000646630.1	NM_006772.3	SYNGAP1	MANE Select
ENST00000368054.8	NM_003874.4	CD84	MANE Select
ENST00000496455.7	NM_003875.3	GMPS	MANE Select
ENST00000317635.6	NM_003876.3	TMEM11	MANE Select
ENST00000551556.2	NM_001270471.2	SOCS2	MANE Select
ENST00000260118.7	NM_003878.3	GGH	MANE Select
ENST00000309955.8	NM_003879.7	CFLAR	MANE Select
ENST00000368666.7	NM_198239.2	CCN6	MANE Select
ENST00000190983.5	NM_003881.4	CCN5	MANE Select
ENST00000250160.11	NM_003882.4	CCN4	MANE Select
ENST00000305264.8	NM_003883.4	HDAC3	MANE Select
ENST00000447510.7	NM_006017.3	PROM1	MANE Select
ENST00000528880.3	NM_006018.3	HCAR3	MANE Select
ENST00000644974.2	NM_001394583.1	KSR1	MANE Select
ENST00000216489.8	NM_006020.3	ALKBH1	MANE Select
ENST00000458659.3	NM_183422.4	TSC22D1	MANE Select
ENST00000263754.5	NM_003884.5	KAT2B	MANE Select
ENST00000313401.4	NM_003885.3	CDK5R1	MANE Select
ENST00000358526.7	NM_003886.3	AKAP4	MANE Select
ENST00000281419.8	NM_003887.3	ASAP2	MANE Select
ENST00000249750.9	NM_003888.4	ALDH1A2	MANE Select
ENST00000393716.8	NM_003889.4	NR1I2	MANE Select
ENST00000628705.3	NM_003890.3	FCGBP	MANE Select
ENST00000375547.7	NM_003891.3	PROZ	MANE Select
ENST00000685781.1	NM_004197.2	WHR1	MANE Select
ENST00000673968.1	NM_001113407.3	LDB1	MANE Select
ENST00000429967.3	NM_017413.5	APLN	MANE Select
ENST00000377532.8	NM_001377275.1	PER3	MANE Select
ENST00000254657.8	NM_022817.3	PER2	MANE Select
ENST00000674351.1	NM_203446.3	SYNJ1	MANE Select
ENST00000638572.2	NM_003896.4	ST3GAL5	MANE Select
ENST00000259874.6	NM_003897.4	IER3	MANE Select
ENST00000355585.9	NM_003898.4	SYNJ2	MANE Select
ENST00000281141.9	NM_006023.3	CDC123	MANE Select
ENST00000646102.2	NM_001354046.2	ARHGEF7	MANE Select
ENST00000326499.11	NM_004665.6	VNN2	MANE Select
ENST00000367928.5	NM_004666.3	VNN1	MANE Select
ENST00000592299.6	NM_001142601.2	SPHK1	MANE Select
ENST00000389805.9	NM_003900.5	SQSTM1	MANE Select
ENST00000373202.8	NM_003901.4	SGPL1	MANE Select
ENST00000370768.7	NM_003902.5	FUBP1	MANE Select
ENST00000356221.8	NM_001078645.3	CDC16	MANE Select
ENST00000227322.8	NM_003904.5	ZPR1	MANE Select
ENST00000290810.8	NM_003905.4	NAE1	MANE Select
ENST00000310574.8	NM_021095.4	SLC5A6	MANE Select
ENST00000263239.7	NM_006773.4	DDX18	MANE Select
ENST00000396319.7	NM_006024.7	TAX1BP1	MANE Select
ENST00000291688.6	NM_003906.5	MCM3AP	MANE Select
ENST00000347454.9	NM_001034116.2	EIF2B4	MANE Select
ENST00000360403.7	NM_020365.5	EIF2B3	MANE Select
ENST00000266126.10	NM_014239.4	EIF2B2	MANE Select
ENST00000648915.2	NM_003907.3	EIF2B5	MANE Select
ENST00000374980.3	NM_003908.5	EIF2S2	MANE Select
ENST00000517490.6	NM_003909.5	CPNE3	MANE Select
ENST00000222969.10	NM_003910.4	BUD31	MANE Select
ENST00000401950.7	NM_021090.4	MTMR3	MANE Select
ENST00000346299.10	NM_016156.6	MTMR2	MANE Select
ENST00000337659.11	NM_003913.5	PRP4K	MANE Select
ENST00000255465.8	NM_001413923.1	CCNA1	MANE Select
ENST00000397443.7	NM_152925.3	CPNE1	MANE Select
ENST00000672987.1	NM_001272071.2	AP1S2	MANE Select
ENST00000397120.8	NM_003917.5	AP1G2	MANE Select
ENST00000291439.8	NM_032493.4	AP1M1	MANE Select
ENST00000398806.8	NM_001079855.2	GYG2	MANE Select
ENST00000422538.8	NM_001172439.2	ENDOU	MANE Select
ENST00000648936.2	NM_003919.3	SGCE	MANE Select
ENST00000402142.4	NM_021096.4	CACNA1I	MANE Select
ENST00000348261.11	NM_021098.3	CACNA1H	MANE Select
ENST00000359106.10	NM_018896.5	CACNA1G	MANE Select
ENST00000553532.6	NM_003920.5	TIMELESS	MANE Select
ENST00000648566.1	NM_003921.5	BCL10	MANE Select
ENST00000402738.6	NM_014606.3	HERC3	MANE Select
ENST00000261609.13	NM_004667.6	HERC2	MANE Select
ENST00000443617.7	NM_003922.4	HERC1	MANE Select
ENST00000577949.6	NM_001394334.1	SNURF	MANE Select
ENST00000296452.5	NM_003458.4	BSN	MANE Select
ENST00000377317.5	NM_003923.3	FOXH1	MANE Select
ENST00000226382.4	NM_003924.4	PHOX2B	MANE Select
ENST00000429544.7	NM_001276270.2	MBD4	MANE Select
ENST00000256429.8	NM_003927.5	MBD2	MANE Select
ENST00000257013.9	NM_001078171.2	RTL8C	MANE Select
ENST00000367139.8	NM_003929.3	RAB29	MANE Select
ENST00000345317.7	NM_003930.5	SKAP2	MANE Select
ENST00000392589.6	NM_003931.3	WASF1	MANE Select
ENST00000426824.8	NM_001199097.2	BAIAP3	MANE Select
ENST00000319725.10	NM_003934.2	FUBP3	MANE Select
ENST00000357179.10	NM_001282112.2	TOP3B	MANE Select
ENST00000302625.6	NM_003936.5	CDK5R2	MANE Select
ENST00000264170.9	NM_003937.3	KYNU	MANE Select
ENST00000643116.3	NM_001261826.3	AP3D1	MANE Select
ENST00000370187.8	NM_033637.4	BTRC	MANE Select
ENST00000618052.2	NM_021018.3	H3C7	MANE Select
ENST00000359193.4	NM_021064.5	H2AC11	MANE Select
ENST00000339812.3	NM_021058.4	H2BC11	MANE Select
ENST00000333762.6	NM_006026.4	H1-10	MANE Select
ENST00000475668.6	NM_001365693.1	MGAM	MANE Select
ENST00000276410.7	NM_004198.3	CHRNA6	MANE Select
ENST00000360568.8	NM_001017974.2	P4HA2	MANE Select
ENST00000379104.7	NM_001365677.2	P4HA2	MANE Plus Clinical
ENST00000263966.8	NM_003940.3	USP13	MANE Select
ENST00000223023.5	NM_003941.4	WASL	MANE Select
ENST00000223127.8	NM_001084.5	PLOD3	MANE Select
ENST00000334205.9	NM_003942.3	RPS6KA4	MANE Select
ENST00000237642.7	NM_003943.5	STBD1	MANE Select
ENST00000302005.3	NM_006308.3	HSPB3	MANE Select
ENST00000262209.5	NM_007332.3	TRPA1	MANE Select
ENST00000368868.10	NM_003944.4	SELENBP1	MANE Select
ENST00000519374.6	NM_003945.4	ATP6V0E1	MANE Select
ENST00000008938.5	NM_005091.3	PGLYRP1	MANE Select
ENST00000273317.5	NM_014240.3	LIMD1	MANE Select
ENST00000404377.5	NM_005092.4	TNFSF18	MANE Select
ENST00000564992.2	NM_001276309.3	NOL3	MANE Select
ENST00000682506.1	NM_001388419.1	KALRN	MANE Select
ENST00000307465.9	NM_001330724.2	CDKL2	MANE Select
ENST00000347901.9	NM_177977.3	HAP1	MANE Select
ENST00000248076.4	NM_003950.4	F2RL3	MANE Select
ENST00000566732.6	NM_001243156.2	TAF1C	MANE Select
ENST00000263663.10	NM_005680.3	TAF1B	MANE Select
ENST00000352967.9	NM_005681.4	TAF1A	MANE Select
ENST00000545805.6	NM_001282195.2	SLC25A14	MANE Select
ENST00000359523.7	NM_003953.6	MPZL1	MANE Select
ENST00000344686.8	NM_003954.5	MAP3K14	MANE Select
ENST00000330871.3	NM_003955.5	SOCS3	MANE Select
ENST00000494426.2	NM_004669.3	CLIC3	MANE Select
ENST00000371852.4	NM_003956.4	CH25H	MANE Select
ENST00000528841.6	NM_001256627.2	BRSK2	MANE Select
ENST00000373479.9	NM_003958.4	RNF8	MANE Select
ENST00000253083.9	NM_003959.3	HIP1R	MANE Select
ENST00000272425.4	NM_003960.4	NAT8	MANE Select
ENST00000352681.8	NM_001278720.2	RHBDL1	MANE Select
ENST00000339594.9	NM_032408.4	BAZ1B	MANE Select
ENST00000270560.4	NM_003963.3	TM4SF5	MANE Select
ENST00000318222.4	NM_016112.3	PKD2L1	MANE Select
ENST00000399036.4	NM_003965.5	CCRL2	MANE Select
ENST00000382496.10	NM_003966.3	SEMA5A	MANE Select
ENST00000258034.4	NM_003967.3	TAAR5	MANE Select
ENST00000361055.9	NM_003968.4	UBA3	MANE Select
ENST00000253023.8	NM_003969.4	UBE2M	MANE Select
ENST00000262013.12	NM_001130528.3	SPAG9	MANE Select
ENST00000265990.12	NM_003972.3	BTAF1	MANE Select
ENST00000396203.7	NM_001034996.3	RPL14	MANE Select
ENST00000276420.9	NM_003974.4	DOK2	MANE Select
ENST00000368199.8	NM_003975.4	SH2D2A	MANE Select
ENST00000372359.10	NM_057091.3	ARTN	MANE Select
ENST00000279146.8	NM_003977.4	AIP	MANE Select
ENST00000409746.5	NM_024430.4	PSTPIP2	MANE Select
ENST00000558012.6	NM_003978.5	PSTPIP1	MANE Select
ENST00000014914.6	NM_003979.4	GPRC5A	MANE Select
ENST00000354570.8	NM_003980.6	MAP7	MANE Select
ENST00000374092.9	NM_021100.5	NFS1	MANE Select
ENST00000394249.8	NM_003981.4	PRC1	MANE Select
ENST00000674313.1	NM_003982.4	SLC7A7	MANE Select
ENST00000219343.11	NM_003983.6	SLC7A6	MANE Select
ENST00000314669.10	NM_003984.4	SLC13A2	MANE Select
ENST00000456849.2	NM_001015880.2	PAPSS2	MANE Select
ENST00000265174.5	NM_005443.5	PAPSS1	MANE Select
ENST00000585916.6	NM_004671.5	PIAS2	MANE Select
ENST00000357582.3	NM_004672.5	MAP3K6	MANE Select
ENST00000539008.6	NM_001365809.2	SYT7	MANE Select
ENST00000234816.7	NM_004673.4	ANGPTL1	MANE Select
ENST00000496677.6	NM_001185072.3	CLDN12	MANE Select
ENST00000343823.11	NM_004674.5	ASH2L	MANE Select
ENST00000299339.3	NM_006984.5	CLDN10	MANE Select
ENST00000399899.2	NM_199328.3	CLDN8	MANE Select
ENST00000328796.5	NM_021195.5	CLDN6	MANE Select
ENST00000336803.2	NM_020384.4	CLDN2	MANE Select
ENST00000295522.4	NM_021101.5	CLDN1	MANE Select
ENST00000646789.1	NM_004675.5	DIRAS3	MANE Select
ENST00000304523.10	NM_001290.5	LDB2	MANE Select
ENST00000445369.3	NM_020982.4	CLDN9	MANE Select
ENST00000331070.8	NM_004678.3	BPY2	MANE Select
ENST00000250825.5	NM_004679.4	VCY	MANE Select
ENST00000306609.5	NM_004680.3	CDY1	MANE Select
ENST00000361365.7	NM_004681.4	EIF1AY	MANE Select
ENST00000284856.4	NM_004202.3	TMSB4Y	MANE Select
ENST00000262300.13	NM_004203.5	PKMYT1	MANE Select
ENST00000321878.10	NM_004204.5	PIGQ	MANE Select
ENST00000312397.10	NM_005146.5	SART1	MANE Select
ENST00000262375.11	NM_005147.6	DNAJA3	MANE Select
ENST00000335765.9	NM_005148.4	UNC119	MANE Select
ENST00000367821.8	NM_005149.3	TBX19	MANE Select
ENST00000369663.10	NM_001080508.3	TBX18	MANE Select
ENST00000261601.8	NM_005151.4	USP14	MANE Select
ENST00000574788.6	NM_001304284.2	USP6	MANE Select
ENST00000260187.7	NM_004205.5	USP2	MANE Select
ENST00000219473.12	NM_005153.3	USP10	MANE Select
ENST00000307179.9	NM_005154.5	USP8	MANE Select
ENST00000397180.6	NM_152869.4	RGN	MANE Select
ENST00000381801.6	NM_004685.5	MTMR6	MANE Select
ENST00000180173.10	NM_004686.5	MTMR7	MANE Select
ENST00000682306.1	NM_001378067.1	MTMR4	MANE Select
ENST00000243346.10	NM_004688.3	NMI	MANE Select
ENST00000331320.12	NM_004689.4	MTA1	MANE Select
ENST00000543571.6	NM_004690.4	LATS1	MANE Select
ENST00000290949.8	NM_004691.5	ATP6V0D1	MANE Select
ENST00000264454.8	NM_032970.4	SEC22C	MANE Select
ENST00000369849.9	NM_032727.4	INA	MANE Select
ENST00000252245.6	NM_004693.3	KRT75	MANE Select
ENST00000580666.6	NM_004694.5	SLC16A6	MANE Select
ENST00000329783.9	NM_004695.4	SLC16A5	MANE Select
ENST00000369779.9	NM_004696.3	SLC16A4	MANE Select
ENST00000582743.6	NM_004207.4	SLC16A3	MANE Select
ENST00000329399.7	NM_020992.4	PDLIM1	MANE Select
ENST00000273064.11	NM_005444.3	CNOT9	MANE Select
ENST00000361804.5	NM_005445.4	SMC3	MANE Select
ENST00000413302.7	NM_005446.5	P2RX6	MANE Select
ENST00000374198.5	NM_001244926.2	PRPF4	MANE Select
ENST00000324862.7	NM_004698.4	PRPF3	MANE Select
ENST00000393600.8	NM_004699.4	FAM50A	MANE Select
ENST00000287295.8	NM_004208.4	AIFM1	MANE Select
ENST00000347132.10	NM_004700.4	KCNQ4	MANE Select
ENST00000288207.7	NM_004701.4	CCNB2	MANE Select
ENST00000308108.9	NM_057749.3	CCNE2	MANE Select
ENST00000537505.6	NM_004703.6	RABEP1	MANE Select
ENST00000232888.7	NM_004704.5	RRP9	MANE Select
ENST00000354532.8	NM_004706.4	ARHGEF1	MANE Select
ENST00000342704.11	NM_001032999.3	CBFA2T2	MANE Select
ENST00000509910.2	NM_004707.4	ATG12	MANE Select
ENST00000590247.7	NM_004708.4	PDCD5	MANE Select
ENST00000248121.7	NM_004209.6	SYNGR3	MANE Select
ENST00000225777.8	NM_004710.7	SYNGR2	MANE Select
ENST00000328933.10	NM_004711.5	SYNGR1	MANE Select
ENST00000329138.9	NM_004712.5	HGS	MANE Select
ENST00000298310.10	NM_004713.6	NEMF	MANE Select
ENST00000369780.9	NM_004210.5	NEURL1	MANE Select
ENST00000323039.10	NM_004714.3	DYRK1B	MANE Select
ENST00000613122.5	NM_004715.5	CTDP1	MANE Select
ENST00000525748.6	NM_004211.5	SLC6A5	MANE Select
ENST00000347644.8	NM_004212.4	SLC28A2	MANE Select
ENST00000394573.6	NM_004213.5	SLC28A1	MANE Select
ENST00000366548.8	NM_130398.4	EXO1	MANE Select
ENST00000357519.9	NM_004214.5	FIBP	MANE Select
ENST00000320934.8	NM_004716.4	PCSK7	MANE Select
ENST00000614521.2	NM_001321708.2	DGKI	MANE Select
ENST00000337573.10	NM_004215.5	EBAG9	MANE Select
ENST00000234301.3	NM_004718.4	COX7A2L	MANE Select
ENST00000233143.6	NM_021103.4	TMSB10	MANE Select
ENST00000369367.8	NM_004719.3	SCAF11	MANE Select
ENST00000407877.8	NM_001395660.1	LPAR2	MANE Select
ENST00000262113.9	NM_003970.4	MYOM2	MANE Select
ENST00000233954.6	NM_016232.5	IL1RL1	MANE Select
ENST00000265026.8	NM_004721.5	MAP3K13	MANE Select
ENST00000260191.8	NM_006028.5	HTR3B	MANE Select
ENST00000359593.9	NM_004722.4	AP4M1	MANE Select
ENST00000274276.8	NM_003999.3	OSMR	MANE Select
ENST00000361247.9	NM_001162383.2	ARHGEF2	MANE Select
ENST00000361228.5	NM_005447.4	RASSF9	MANE Select
ENST00000200135.8	NM_004724.4	ZW10	MANE Select
ENST00000368865.9	NM_004725.4	BUB3	MANE Select
ENST00000357277.8	NM_004726.3	REPS2	MANE Select
ENST00000261892.11	NM_004727.3	SLC24A1	MANE Select
ENST00000354185.9	NM_004728.4	DDX21	MANE Select
ENST00000652001.1	NM_001171136.2	ZBED1	MANE Select
ENST00000368006.8	NM_032998.3	DEDD	MANE Select
ENST00000547379.6	NM_001270623.2	SLC16A7	MANE Select
ENST00000303790.3	NM_004732.4	KCNAB3	MANE Select
ENST00000643144.2	NM_004733.4	SLC33A1	MANE Select
ENST00000361271.8	NM_014241.4	HACD1	MANE Select
ENST00000360631.8	NM_001330071.2	DCLK1	MANE Select
ENST00000314607.11	NM_005095.3	ZMYM4	MANE Select
ENST00000314425.9	NM_201599.3	ZMYM3	MANE Select
ENST00000357182.9	NM_007167.4	ZMYM6	MANE Select
ENST00000337963.9	NM_001142684.2	ZMYM5	MANE Select
ENST00000308482.14	NM_001137550.2	LRRFIP1	MANE Select
ENST00000336686.9	NM_006309.4	LRRFIP2	MANE Select
ENST00000252677.4	NM_005448.2	BMP15	MANE Select
ENST00000371418.9	NM_005097.4	LGI1	MANE Select
ENST00000585124.6	NM_004217.4	AURKB	MANE Select
ENST00000367590.9	NM_004736.4	XPR1	MANE Select
ENST00000367091.8	NM_005449.5	FCMR	MANE Select
ENST00000397394.8	NM_133642.5	LARGE1	MANE Select
ENST00000475243.6	NM_004738.5	VAPB	MANE Select
ENST00000400000.7	NM_194434.3	VAPA	MANE Select
ENST00000278823.7	NM_004739.4	MTA2	MANE Select
ENST00000605788.6	NM_004741.5	NOLC1	MANE Select
ENST00000402939.7	NM_001033057.2	MAGI1	MANE Select
ENST00000336356.4	NM_004744.5	LRAT	MANE Select
ENST00000637795.2	NM_001346810.2	DLGAP2	MANE Select
ENST00000315677.8	NM_004746.4	DLGAP1	MANE Select
ENST00000328024.11	NM_004218.4	RAB11B	MANE Select
ENST00000372391.7	NM_004747.4	DLG5	MANE Select
ENST00000352433.10	NM_004219.4	PTTG1	MANE Select
ENST00000525643.7	NM_001376923.1	IL32	MANE Select
ENST00000442196.8	NM_001204450.2	CCPG1	MANE Select
ENST00000258770.8	NM_004749.4	TBRG4	MANE Select
ENST00000316836.5	NM_006029.5	PNMA1	MANE Select
ENST00000332822.6	NM_005450.6	NOG	MANE Select
ENST00000325509.5	NM_005098.4	MSC	MANE Select
ENST00000392386.8	NM_004750.5	CRLF1	MANE Select
ENST00000396065.3	NM_004751.3	GCNT3	MANE Select
ENST00000287156.9	NM_004223.5	UBE2L6	MANE Select
ENST00000379491.5	NM_004752.4	GCM2	MANE Select
ENST00000218316.4	NM_004224.3	GPR50	MANE Select
ENST00000616661.5	NM_004753.7	DHRS3	MANE Select
ENST00000614987.5	NM_004755.4	RPS6KA5	MANE Select
ENST00000252891.8	NM_004756.5	NUMBL	MANE Select
ENST00000424201.7	NM_006030.4	CACNA2D2	MANE Select
ENST00000672341.1	NM_001142416.2	AIMP1	MANE Select
ENST00000343736.9	NM_004758.4	TSPOAP1	MANE Select
ENST00000276282.7	NM_004225.3	MFHAS1	MANE Select
ENST00000355841.7	NM_005451.5	PDLIM7	MANE Select
ENST00000367103.4	NM_032960.4	MAPKAPK2	MANE Select
ENST00000263955.9	NM_004226.4	STK17B	MANE Select
ENST00000319357.6	NM_004760.3	STK17A	MANE Select
ENST00000350796.8	NM_004227.4	CYTH3	MANE Select
ENST00000452733.7	NM_004228.7	CYTH2	MANE Select
ENST00000446868.8	NM_004762.6	CYTH1	MANE Select
ENST00000355346.9	NM_004763.5	ITGB1BP1	MANE Select
ENST00000245255.7	NM_004764.5	PIWIL1	MANE Select
ENST00000215115.5	NM_004765.4	BCL7C	MANE Select
ENST00000223368.7	NM_001707.4	BCL7B	MANE Select
ENST00000333188.10	NM_004766.3	COPB2	MANE Select
ENST00000374617.9	NM_005452.6	WDR46	MANE Select
ENST00000431845.3	NM_005453.5	ZBTB22	MANE Select
ENST00000324817.6	NM_004229.4	MED14	MANE Select
ENST00000367282.6	NM_004767.5	GPR37L1	MANE Select
ENST00000328085.10	NM_006985.4	NPIPA1	MANE Select
ENST00000367931.1	NM_001033080.1	TAAR2	MANE Select
ENST00000562631.7	NM_201525.4	ADGRG1	MANE Select
ENST00000650999.1	NM_005683.4	GPR55	MANE Select
ENST00000367685.5	NM_005684.5	GPR52	MANE Select
ENST00000646641.1	NM_004230.4	S1PR2	MANE Select
ENST00000370949.2	NM_001350605.2	SRSF11	MANE Select
ENST00000249289.5	NM_004231.4	ATP6V1F	MANE Select
ENST00000397942.4	NM_004232.4	SOCS6	MANE Select
ENST00000379153.4	NM_004233.4	CD83	MANE Select
ENST00000291182.9	NM_004234.4	ZNF235	MANE Select
ENST00000349064.10	NM_004769.4	ASIC3	MANE Select
ENST00000523207.2	NM_004770.3	KCNB2	MANE Select
ENST00000260228.3	NM_004771.4	MMP20	MANE Select
ENST00000374672.5	NM_004235.6	KLF4	MANE Select
ENST00000257435.12	NM_004772.4	NREP	MANE Select
ENST00000535784.7	NM_001261836.2	PTER	MANE Select
ENST00000388901.10	NM_004236.4	COPS2	MANE Select
ENST00000166345.8	NM_004237.4	TRIP13	MANE Select
ENST00000675903.1	NM_001348323.3	TRIP12	MANE Select
ENST00000267622.8	NM_004239.4	TRIP11	MANE Select
ENST00000313244.14	NM_001288962.2	TRIP10	MANE Select
ENST00000620514.2	NM_001201363.2	HMGN3	MANE Select
ENST00000261884.8	NM_016213.5	TRIP4	MANE Select
ENST00000617429.5	NM_004773.4	ZNHIT3	MANE Select
ENST00000372097.10	NM_012087.4	GTF3C5	MANE Select
ENST00000372146.5	NM_012204.4	GTF3C4	MANE Select
ENST00000263956.8	NM_012086.5	GTF3C3	MANE Select
ENST00000306851.10	NM_004775.5	B4GALT6	MANE Select
ENST00000432237.3	NM_203416.4	CD163	MANE Select
ENST00000220420.10	NM_201631.4	TGM5	MANE Select
ENST00000371711.4	NM_004776.4	B4GALT5	MANE Select
ENST00000285896.11	NM_001301073.2	CNOT8	MANE Select
ENST00000372625.8	NM_004780.3	TCEAL1	MANE Select
ENST00000262441.10	NM_004246.3	GLP2R	MANE Select
ENST00000054666.11	NM_004781.4	VAMP3	MANE Select
ENST00000215730.12	NM_004782.4	SNAP29	MANE Select
ENST00000426333.7	NM_004247.4	EFTUD2	MANE Select
ENST00000308893.9	NM_016151.4	TAOK2	MANE Select
ENST00000296499.6	NM_004784.3	NDST3	MANE Select
ENST00000479035.7	NM_000978.4	RPL23	MANE Select
ENST00000380911.4	NM_005454.3	CER1	MANE Select
ENST00000424542.7	NM_001130012.3	NHERF2	MANE Select
ENST00000217515.11	NM_004786.3	TXNL1	MANE Select
ENST00000504154.6	NM_004787.4	SLIT2	MANE Select
ENST00000252108.8	NM_001204077.2	UBE4A	MANE Select
ENST00000373615.9	NM_004789.4	LHX2	MANE Select
ENST00000360421.9	NM_153276.3	SLC22A6	MANE Select
ENST00000376180.8	NM_004791.3	ITGBL1	MANE Select
ENST00000260970.8	NM_004792.3	PPIG	MANE Select
ENST00000360614.8	NM_004793.4	LONP1	MANE Select
ENST00000689861.1	NM_006032.4	CPNE6	MANE Select
ENST00000257017.5	NM_004794.3	RAB33A	MANE Select
ENST00000288723.9	NM_004249.4	RAB28	MANE Plus Clinical
ENST00000330852.10	NM_001017979.3	RAB28	MANE Select
ENST00000380099.4	NM_004795.4	KL	MANE Select
ENST00000464506.2	NM_004251.5	RAB9A	MANE Select
ENST00000262613.10	NM_004252.5	NHERF1	MANE Select
ENST00000335750.7	NM_001330195.2	NRXN3	MANE Select
ENST00000320741.7	NM_004797.4	ADIPOQ	MANE Select
ENST00000375712.4	NM_004798.4	KIF3B	MANE Select
ENST00000287727.8	NM_004799.4	ZFYVE9	MANE Select
ENST00000397292.8	NM_001031689.3	PLAA	MANE Select
ENST00000324816.11	NM_005155.7	PPT2	MANE Select
ENST00000376387.5	NM_004800.3	TM9SF2	MANE Select
ENST00000336232.7	NM_004254.4	SLC22A8	MANE Select
ENST00000322347.11	NM_004255.4	COX5A	MANE Select
ENST00000401669.7	NM_001330078.2	NRXN1	MANE Select
ENST00000265459.11	NM_015080.4	NRXN2	MANE Select
ENST00000318158.11	NM_012203.2	GRHPR	MANE Select
ENST00000272371.7	NM_194248.3	OTOF	MANE Select
ENST00000339598.8	NM_194323.3	OTOF	MANE Plus Clinical
ENST00000299886.9	NM_018714.3	COG1	MANE Select
ENST00000261292.9	NM_006033.4	LIPG	MANE Select
ENST00000448498.6	NM_001320033.2	SLC22A14	MANE Select
ENST00000311856.9	NM_004256.4	SLC22A13	MANE Select
ENST00000488633.2	NM_004804.3	CIAO1	MANE Select
ENST00000393359.7	NM_004257.6	TGFBRAP1	MANE Select
ENST00000259241.7	NM_004807.3	HS6ST1	MANE Select
ENST00000378165.9	NM_004808.3	NMT2	MANE Select
ENST00000682167.1	NM_001256106.3	CD101	MANE Select
ENST00000541638.6	NM_004809.5	STOML1	MANE Select
ENST00000317905.10	NM_004259.7	RECQL5	MANE Select
ENST00000617875.6	NM_004260.4	RECQL4	MANE Select
ENST00000344138.9	NM_004810.4	GRAP2	MANE Select
ENST00000331835.10	NM_004261.5	SELENOF	MANE Select
ENST00000395074.7	NM_004811.3	LPXN	MANE Select
ENST00000370920.8	NM_203350.3	ZRANB2	MANE Select
ENST00000283916.11	NM_004262.3	TMPRSS11D	MANE Select
ENST00000378750.10	NM_004813.4	PEX16	MANE Select
ENST00000263694.9	NM_004814.3	SNRNP40	MANE Select
ENST00000260526.11	NM_004815.4	ARHGAP29	MANE Select
ENST00000282892.4	NM_004264.5	MED21	MANE Select
ENST00000303068.14	NM_001347995.2	ENTREP1	MANE Select
ENST00000377245.9	NM_004817.4	TJP2	MANE Select
ENST00000278840.9	NM_004265.4	FADS2	MANE Select
ENST00000308025.8	NM_004818.3	DDX23	MANE Select
ENST00000238892.4	NM_014171.6	CRIPT	MANE Select
ENST00000310193.4	NM_004820.5	CYP7B1	MANE Select
ENST00000231121.3	NM_004821.3	HAND1	MANE Select
ENST00000263095.10	NM_003417.5	ZNF264	MANE Select
ENST00000173229.7	NM_004822.3	NTN1	MANE Select
ENST00000263372.5	NM_004823.3	KCNK6	MANE Select
ENST00000397588.8	NM_004824.4	CDYL	MANE Select
ENST00000250838.6	NM_004825.2	CDY2A	MANE Select
ENST00000304546.6	NM_004826.4	ECEL1	MANE Select
ENST00000237612.8	NM_004827.3	ABCG2	MANE Select
ENST00000309575.5	NM_004267.5	CHST2	MANE Select
ENST00000373089.10	NM_004828.4	NCR2	MANE Select
ENST00000291890.9	NM_004829.7	NCR1	MANE Select
ENST00000368068.8	NM_004830.4	MED23	MANE Select
ENST00000251871.9	NM_004268.5	MED17	MANE Select
ENST00000263390.8	NM_004831.5	MED26	MANE Select
ENST00000292035.10	NM_004269.4	MED27	MANE Select
ENST00000286317.6	NM_004270.5	MED7	MANE Select
ENST00000361752.8	NM_006775.3	QKI	MANE Select
ENST00000647800.2	NM_021999.5	ITM2B	MANE Select
ENST00000369713.10	NM_004832.3	GSTO1	MANE Select
ENST00000368130.9	NM_004833.3	AIM2	MANE Select
ENST00000324219.9	NM_001395002.1	MAP4K4	MANE Select
ENST00000230568.5	NM_004271.4	LY86	MANE Select
ENST00000303236.9	NM_004836.7	EIF2AK3	MANE Select
ENST00000373298.7	NM_004867.5	ITM2A	MANE Select
ENST00000282841.9	NM_004837.4	GGPS1	MANE Select
ENST00000392351.8	NM_004838.4	HOMER3	MANE Select
ENST00000450735.7	NM_004839.4	HOMER2	MANE Select
ENST00000334082.11	NM_004272.5	HOMER1	MANE Select
ENST00000450218.6	NM_001322466.2	FHL5	MANE Select
ENST00000250617.7	NM_004840.3	ARHGEF6	MANE Select
ENST00000367649.8	NM_170692.4	RASAL2	MANE Select
ENST00000356976.8	NM_012407.4	PICK1	MANE Select
ENST00000359562.4	NM_021973.3	HAND2	MANE Select
ENST00000431975.7	NM_016377.4	AKAP7	MANE Select
ENST00000263379.4	NM_004843.4	IL27RA	MANE Select
ENST00000383791.8	NM_004844.5	SH3BP5	MANE Select
ENST00000379144.7	NM_004845.5	PCYT1B	MANE Select
ENST00000373115.5	NM_004273.5	CHST3	MANE Select
ENST00000258416.8	NM_004846.4	EIF4E2	MANE Select
ENST00000280979.9	NM_004274.5	AKAP6	MANE Select
ENST00000373921.8	NM_001105556.3	THEMIS2	MANE Select
ENST00000369076.8	NM_004849.4	ATG5	MANE Select
ENST00000315872.11	NM_004850.5	ROCK2	MANE Select
ENST00000253719.7	NM_004851.3	NAPSA	MANE Select
ENST00000265350.9	NM_004275.5	MED20	MANE Select
ENST00000316803.8	NM_001033677.2	CABP1	MANE Select
ENST00000241014.6	NM_005456.4	MAPK8IP1	MANE Select
ENST00000491143.3	NM_004852.3	ONECUT2	MANE Select
ENST00000371347.10	NM_004277.5	SLC25A27	MANE Select
ENST00000306357.9	NM_004853.3	STX8	MANE Select
ENST00000264249.8	NM_004854.5	CHST10	MANE Select
ENST00000225609.10	NM_004278.4	PIGL	MANE Select
ENST00000164305.10	NM_004855.5	PIGB	MANE Select
ENST00000262764.11	NM_024419.5	PGS1	MANE Select
ENST00000335877.11	NM_006814.5	PSMF1	MANE Select
ENST00000679126.1	NM_001367805.3	KIF23	MANE Select
ENST00000394718.4	NM_004857.3	AKAP5	MANE Select
ENST00000644296.1	NM_001321120.2	TBX4	MANE Select
ENST00000454389.6	NM_001321103.2	SLC4A7	MANE Select
ENST00000453097.7	NM_001039960.3	SLC4A8	MANE Select
ENST00000239926.9	NM_006790.3	MYOT	MANE Select
ENST00000326587.12	NM_006986.4	MAGED1	MANE Select
ENST00000331302.12	NM_006987.4	RPH3AL	MANE Select
ENST00000286049.3	NM_130777.3	XAGE2	MANE Select
ENST00000218068.7	NM_007003.4	PAGE4	MANE Select
ENST00000367996.6	NM_005099.6	ADAMTS4	MANE Select
ENST00000286657.10	NM_014243.3	ADAMTS3	MANE Select
ENST00000251582.12	NM_014244.5	ADAMTS2	MANE Select
ENST00000284984.8	NM_006988.5	ADAMTS1	MANE Select
ENST00000249269.9	NM_004279.3	PMPCB	MANE Select
ENST00000250113.12	NM_004860.4	FXR2	MANE Select
ENST00000406361.6	NM_001318104.2	GAL3ST1	MANE Select
ENST00000471454.6	NM_001308330.2	STXBP5L	MANE Select
ENST00000622633.5	NM_001136472.2	LITAF	MANE Select
ENST00000216484.7	NM_004863.4	SPTLC2	MANE Select
ENST00000252809.3	NM_004864.4	GDF15	MANE Select
ENST00000237264.9	NM_004865.4	TBPL1	MANE Select
ENST00000322157.9	NM_006310.4	NPEPPS	MANE Select
ENST00000379715.10	NM_004280.5	EEF1E1	MANE Select
ENST00000621999.5	NM_004866.6	SCAMP1	MANE Select
ENST00000215567.10	NM_138501.6	TECR	MANE Select
ENST00000238497.10	NM_004869.4	VPS4B	MANE Select
ENST00000250124.11	NM_004870.4	MPDU1	MANE Select
ENST00000451249.7	NM_001007025.2	GOSR1	MANE Select
ENST00000234831.10	NM_004872.5	TMEM59	MANE Select
ENST00000299204.6	NM_001015048.3	BAG5	MANE Select
ENST00000287322.5	NM_004874.4	BAG4	MANE Select
ENST00000369085.8	NM_004281.4	BAG3	MANE Select
ENST00000370693.5	NM_004282.4	BAG2	MANE Select
ENST00000642195.1	NM_203290.4	POLR1C	MANE Select
ENST00000357002.5	NM_203282.4	ZNF254	MANE Select
ENST00000597595.6	NM_004877.4	GMFG	MANE Select
ENST00000340607.5	NM_004878.5	PTGES	MANE Select
ENST00000525680.6	NM_006034.5	TP53I11	MANE Select
ENST00000278903.11	NM_004879.5	EI24	MANE Select
ENST00000238721.9	NM_004881.5	TP53I3	MANE Select
ENST00000342016.8	NM_004882.4	CIRSR	MANE Select
ENST00000361474.6	NM_004883.3	NRG2	MANE Select
ENST00000327987.9	NM_004884.4	IGDCC3	MANE Select
ENST00000222120.8	NM_004283.4	RAB3D	MANE Select
ENST00000316757.4	NM_004886.4	APBA3	MANE Select
ENST00000512158.6	NM_004887.5	CXCL14	MANE Select
ENST00000374050.4	NM_004888.4	ATP6V1G1	MANE Select
ENST00000292475.8	NM_004889.5	ATP5MF	MANE Select
ENST00000206020.8	NM_004890.3	SPAG7	MANE Select
ENST00000296102.8	NM_004891.4	MRPL33	MANE Select
ENST00000578049.4	NM_004892.6	SEC22B	MANE Select
ENST00000511689.6	NM_138610.3	MACROH2A1	MANE Select
ENST00000286953.8	NM_004894.3	ATP5MJ	MANE Select
ENST00000369258.8	NM_004284.6	CHD1L	MANE Select
ENST00000263559.11	NM_004896.5	VPS26A	MANE Select
ENST00000620576.5	NM_001291468.2	CCL4L2	MANE Select
ENST00000371996.9	NM_004897.5	MINPP1	MANE Select
ENST00000377403.7	NM_004285.4	H6PD	MANE Select
ENST00000162330.10	NM_014567.5	BCAR1	MANE Select
ENST00000216044.10	NM_004286.5	GTPBP1	MANE Select
ENST00000259455.4	NM_005458.8	GABBR2	MANE Select
ENST00000424337.7	NM_005685.4	GTF2IRD1	MANE Select
ENST00000640051.2	NM_004287.5	GOSR2	MANE Select
ENST00000246672.4	NM_021724.5	NR1D1	MANE Select
ENST00000329913.4	NM_020634.3	GDF3	MANE Select
ENST00000513440.6	NM_004898.4	CLOCK	MANE Select
ENST00000376624.8	NM_012443.4	SPAG6	MANE Select
ENST00000379624.6	NM_199191.3	BABAM2	MANE Select
ENST00000361246.7	NM_006035.4	CDC42BPB	MANE Select
ENST00000367204.6	NM_005686.3	SOX13	MANE Select
ENST00000409411.6	NM_001171613.2	PREPL	MANE Select
ENST00000333467.4	NM_004900.5	APOBEC3B	MANE Select
ENST00000358689.9	NM_004901.5	ENTPD4	MANE Select
ENST00000253363.11	NM_184234.3	RBM39	MANE Select
ENST00000371728.8	NM_001284259.2	KIF20B	MANE Select
ENST00000357727.7	NM_182898.4	CREB5	MANE Select
ENST00000372171.5	NM_014628.3	MAD2L1BP	MANE Select
ENST00000340385.6	NM_004905.3	PRDX6	MANE Select
ENST00000621533.5	NM_001270531.2	WTAP	MANE Select
ENST00000402676.7	NM_005100.4	AKAP12	MANE Select
ENST00000292433.4	NM_004907.3	IER2	MANE Select
ENST00000264192.8	NM_004288.5	CYTIP	MANE Select
ENST00000572493.2	NM_001396056.1	OR1R1	MANE Select
ENST00000356404.8	NM_004910.3	PITPNM1	MANE Select
ENST00000652332.1	NM_004911.5	PDIA4	MANE Select
ENST00000056233.4	NM_004289.7	NFE2L3	MANE Select
ENST00000394520.7	NM_004290.5	RNF14	MANE Select
ENST00000389386.8	NM_004913.3	VPS9D1	MANE Select
ENST00000296777.5	NM_004291.4	CARTPT	MANE Select
ENST00000263116.8	NM_004914.5	RAB36	MANE Select
ENST00000311320.9	NM_004292.3	RIN1	MANE Select
ENST00000268712.8	NM_006311.4	NCOR1	MANE Select
ENST00000405201.6	NM_006312.6	NCOR2	MANE Select
ENST00000358399.8	NM_004293.5	GDA	MANE Select
ENST00000273480.4	NM_014245.5	RNF7	MANE Select
ENST00000379480.9	NM_004294.4	MTRF1	MANE Select
ENST00000262395.10	NM_004295.4	TRAF4	MANE Select
ENST00000398449.8	NM_016818.3	ABCG1	MANE Select
ENST00000674500.2	NM_001378328.1	CELSR1	MANE Select
ENST00000324041.6	NM_004917.5	KLK4	MANE Select
ENST00000340722.8	NM_004918.4	TCL1B	MANE Select
ENST00000326724.9	NM_001080395.3	AATK	MANE Select
ENST00000261047.8	NM_005459.4	GUCA1C	MANE Select
ENST00000261368.13	NM_005460.4	SNCAIP	MANE Select
ENST00000553525.6	NM_001204424.2	RGS6	MANE Select
ENST00000341700.7	NM_004297.4	GNA14	MANE Select
ENST00000231498.8	NM_153485.3	NUP155	MANE Select
ENST00000345254.9	NM_198597.3	SEC24C	MANE Select
ENST00000255087.10	NM_004923.3	TESMIN	MANE Select
ENST00000370565.5	NM_006536.7	CLCA2	MANE Select
ENST00000649529.1	NM_005101.4	ISG15	MANE Select
ENST00000405912.8	NM_005102.3	FEZ2	MANE Select
ENST00000278919.8	NM_005103.5	FEZ1	MANE Select
ENST00000349830.8	NM_014629.4	ARHGEF10	MANE Select
ENST00000560079.7	NM_014630.3	ZNF592	MANE Select
ENST00000581977.7	NM_014002.4	IKBKE	MANE Select
ENST00000441076.7	NM_012286.3	MORF4L2	MANE Select
ENST00000369774.9	NM_001394015.1	SH3PXD2A	MANE Select
ENST00000683283.1	NM_001282663.2	MICAL2	MANE Select
ENST00000361367.7	NM_014633.5	CTR9	MANE Select
ENST00000263212.10	NM_014634.4	PPM1F	MANE Select
ENST00000309863.11	NM_181453.4	GCC2	MANE Select
ENST00000259351.10	NM_014636.3	RALGPS1	MANE Select
ENST00000262146.9	NM_014637.4	MTFR1	MANE Select
ENST00000378486.8	NM_014638.4	PLCH2	MANE Select
ENST00000358746.7	NM_014639.4	SKIC3	MANE Select
ENST00000370550.10	NM_012262.4	HS2ST1	MANE Select
ENST00000392102.6	NM_014640.5	TTLL4	MANE Select
ENST00000394861.3	NM_144949.3	SOCS5	MANE Select
ENST00000376406.8	NM_014641.3	MDC1	MANE Select
ENST00000310864.11	NM_001023570.4	IQCB1	MANE Select
ENST00000443185.7	NM_014643.4	ZNF516	MANE Select
ENST00000695795.1	NM_001395426.1	PDE4DIP	MANE Select
ENST00000257287.5	NM_025009.5	CEP135	MANE Select
ENST00000677752.1	NM_001375808.2	LPIN2	MANE Select
ENST00000396368.8	NM_014647.4	MARF1	MANE Select
ENST00000361582.8	NM_014648.4	DZIP3	MANE Select
ENST00000252542.9	NM_014649.3	SAFB2	MANE Select
ENST00000221315.10	NM_014650.4	ZNF432	MANE Select
ENST00000289371.11	NM_015904.4	EIF5B	MANE Select
ENST00000372343.8	NM_014652.4	IPO13	MANE Select
ENST00000547525.6	NM_014653.4	WSCD2	MANE Select
ENST00000339394.7	NM_014654.4	SDC3	MANE Select
ENST00000359511.5	NM_014655.4	SLC25A44	MANE Select
ENST00000423313.6	NM_014656.3	KIAA0040	MANE Select
ENST00000373447.8	NM_001303457.2	TTI1	MANE Select
ENST00000420765.6	NM_001394395.1	PPIP5K1	MANE Select
ENST00000634607.2	NM_001007157.2	PHF14	MANE Select
ENST00000337318.8	NM_014661.4	FAM53B	MANE Select
ENST00000651528.2	NM_001242896.3	DEPDC5	MANE Select
ENST00000372396.4	NM_014663.3	KDM4A	MANE Select
ENST00000262384.4	NM_153029.4	N4BP1	MANE Select
ENST00000292524.6	NM_014665.4	LRRC14	MANE Select
ENST00000411809.7	NM_014666.4	CLINT1	MANE Select
ENST00000430365.7	NM_001128219.3	VGLL4	MANE Select
ENST00000381486.7	NM_014668.4	GREB1	MANE Select
ENST00000308159.10	NM_014669.5	NUP93	MANE Select
ENST00000409600.6	NM_001207067.2	BZW1	MANE Select
ENST00000348165.10	NM_014671.3	UBE3C	MANE Select
ENST00000534898.9	NM_014672.4	PRORP	MANE Select
ENST00000691494.1	NM_001394067.2	RAPGEF2	MANE Select
ENST00000220853.8	NM_014673.5	EMC2	MANE Select
ENST00000256497.9	NM_014674.3	EDEM1	MANE Select
ENST00000375541.10	NM_014675.5	CROCC	MANE Select
ENST00000182527.4	NM_012288.4	TRAM2	MANE Select
ENST00000426105.7	NM_001020658.2	PUM1	MANE Select
ENST00000696799.1	NM_001348484.3	RIMS2	MANE Select
ENST00000257934.9	NM_012291.5	ESPL1	MANE Select
ENST00000612753.5	NM_001242898.2	PPP6R2	MANE Select
ENST00000325542.10	NM_014679.5	CEP57	MANE Select
ENST00000528896.7	NM_014680.5	BLTP2	MANE Select
ENST00000328771.9	NM_014681.6	DHX34	MANE Select
ENST00000689386.1	NM_001352837.2	ST18	MANE Select
ENST00000395544.9	NM_014683.4	ULK2	MANE Select
ENST00000398604.3	NM_032088.2	PCDHGA8	MANE Select
ENST00000439977.7	NM_014685.4	HERPUD1	MANE Select
ENST00000299505.8	NM_014686.5	GARRE1	MANE Select
ENST00000296343.10	NM_014687.4	RUBCN	MANE Select
ENST00000609104.6	NM_014688.5	USP6NL	MANE Select
ENST00000443739.7	NM_001031690.3	FAM131B	MANE Select
ENST00000156471.10	NM_014691.3	AQR	MANE Select
ENST00000251170.12	NM_014692.2	SEC14L5	MANE Select
ENST00000404464.8	NM_001100121.2	ECE2	MANE Select
ENST00000651351.2	NM_014694.4	ADAMTSL2	MANE Select
ENST00000399273.5	NM_001382000.1	CCDC144A	MANE Select
ENST00000374314.6	NM_001385282.1	GPRIN2	MANE Select
ENST00000361897.10	NM_014697.3	NOS1AP	MANE Select
ENST00000643230.2	NM_012431.3	SEMA3E	MANE Select
ENST00000521776.2	NM_021645.6	UTP14C	MANE Select
ENST00000366835.8	NM_014698.3	TMEM63A	MANE Select
ENST00000300850.5	NM_014699.4	ZNF646	MANE Select
ENST00000262305.9	NM_014700.4	RAB11FIP3	MANE Select
ENST00000559471.6	NM_001193489.2	SECISBP2L	MANE Select
ENST00000483725.8	NM_014702.5	KIAA0408	MANE Select
ENST00000684031.1	NM_001387579.1	DCAF1	MANE Select
ENST00000378230.8	NM_014704.4	CEP104	MANE Select
ENST00000428084.6	NM_001363540.2	DOCK4	MANE Select
ENST00000546815.6	NM_014706.4	SART3	MANE Select
ENST00000686413.1	NM_178425.4	HDAC9	MANE Select
ENST00000333479.12	NM_014708.6	KNTC1	MANE Select
ENST00000398571.7	NM_014709.4	USP34	MANE Select
ENST00000537097.2	NM_001184727.2	GPRASP1	MANE Select
ENST00000694978.1	NM_001323572.2	CCP110	MANE Select
ENST00000262519.14	NM_014712.3	SETD1A	MANE Select
ENST00000175091.5	NM_014713.5	LAPTM4A	MANE Select
ENST00000426508.7	NM_014714.4	IFT140	MANE Select
ENST00000682385.1	NM_001378024.1	ARHGAP32	MANE Select
ENST00000158762.8	NM_014716.4	ACAP1	MANE Select
ENST00000355537.4	NM_014717.3	ZNF536	MANE Select
ENST00000266546.11	NM_014718.4	CLSTN3	MANE Select
ENST00000479870.6	NM_014719.3	TCAF1	MANE Select
ENST00000369755.4	NM_014720.4	SLK	MANE Select
ENST00000440869.7	NM_001100164.2	PHACTR2	MANE Select
ENST00000643898.2	NM_001286445.3	RIPOR2	MANE Select
ENST00000381867.6	NM_001318234.2	SNPH	MANE Select
ENST00000532602.2	NM_031857.2	PCDHA9	MANE Select
ENST00000684592.1	NM_001163391.2	ZSCAN12	MANE Select
ENST00000374599.8	NM_001142503.3	STARD8	MANE Select
ENST00000578982.6	NM_001394755.1	TBKBP1	MANE Select
ENST00000420124.4	NM_014727.3	KMT2B	MANE Select
ENST00000675598.1	NM_001368397.1	FRMPD4	MANE Select
ENST00000543185.6	NM_001378414.1	HDAC4	MANE Select
ENST00000361421.2	NM_014729.3	TOX	MANE Select
ENST00000228506.8	NM_014730.4	MLEC	MANE Select
ENST00000337576.7	NM_001365618.1	LZTS3	MANE Select
ENST00000683363.1	NM_001388359.1	KIAA0513	MANE Select
ENST00000505560.5	NM_001284236.3	ZFYVE16	MANE Select
ENST00000342745.5	NM_014734.4	SUSD6	MANE Select
ENST00000614628.5	NM_014735.5	JADE3	MANE Select
ENST00000300035.9	NM_014736.6	PCLAF	MANE Select
ENST00000379400.8	NM_014737.3	RASSF2	MANE Select
ENST00000665637.1	NM_012294.5	RAPGEF5	MANE Select
ENST00000314256.12	NM_014738.6	TMEM94	MANE Select
ENST00000531224.6	NM_014739.3	BCLAF1	MANE Select
ENST00000649764.2	NM_014740.4	EIF4A3	MANE Select
ENST00000683050.1	NM_001346311.2	ATG13	MANE Select
ENST00000398022.7	NM_014742.4	TM9SF4	MANE Select
ENST00000307659.6	NM_014743.3	KIAA0232	MANE Select
ENST00000696125.1	NM_001349074.2	TBC1D5	MANE Select
ENST00000301015.14	NM_001142864.4	PIEZO1	MANE Select
ENST00000320892.11	NM_014746.6	RNF144A	MANE Select
ENST00000394805.8	NM_018834.6	MATR3	MANE Select
ENST00000372684.8	NM_014747.3	RIMS3	MANE Select
ENST00000233575.7	NM_014748.4	SNX17	MANE Select
ENST00000268482.8	NM_014003.4	DHX38	MANE Select
ENST00000652326.2	NM_001329943.3	KIAA0586	MANE Select
ENST00000247191.7	NM_014750.5	DLGAP5	MANE Select
ENST00000518547.6	NM_014751.6	MTSS1	MANE Select
ENST00000263672.11	NM_014752.3	SPCS2	MANE Select
ENST00000374518.6	NM_014753.4	BMS1	MANE Select
ENST00000517309.6	NM_014754.3	PTDSS1	MANE Select
ENST00000313349.3	NM_014755.3	SERTAD2	MANE Select
ENST00000529230.6	NM_001008938.4	CKAP5	MANE Select
ENST00000292599.4	NM_014757.5	MAML1	MANE Select
ENST00000454243.7	NM_014759.5	PHYHIP	MANE Select
ENST00000448281.7	NM_014760.4	TATDN2	MANE Select
ENST00000378799.11	NM_001270975.2	IST1	MANE Select
ENST00000393909.7	NM_014763.4	MRPL19	MANE Select
ENST00000412716.8	NM_014764.4	DAZAP2	MANE Select
ENST00000366607.5	NM_014765.3	TOMM20	MANE Select
ENST00000242059.10	NM_014766.5	SCRN1	MANE Select
ENST00000373109.7	NM_001244950.2	SPOCK2	MANE Select
ENST00000321599.9	NM_153273.4	IP6K1	MANE Select
ENST00000324685.11	NM_014771.4	RNF40	MANE Select
ENST00000256413.8	NM_014772.3	CTIF	MANE Select
ENST00000432126.7	NM_014773.5	DELE1	MANE Select
ENST00000371933.8	NM_014774.3	EFCAB14	MANE Select
ENST00000400288.7	NM_001007467.3	SFI1	MANE Select
ENST00000355312.8	NM_057169.5	GIT2	MANE Select
ENST00000258243.7	NM_014777.4	URB2	MANE Select
ENST00000171111.10	NM_203500.2	KEAP1	MANE Select
ENST00000381736.8	NM_014089.4	NUP58	MANE Select
ENST00000688009.1	NM_001303264.2	TSC22D2	MANE Select
ENST00000265348.9	NM_014780.5	CUL7	MANE Select
ENST00000025008.10	NM_014781.5	RB1CC1	MANE Select
ENST00000356824.9	NM_177949.4	ARMCX2	MANE Select
ENST00000361627.8	NM_014783.6	ARHGAP11A	MANE Select
ENST00000289431.10	NM_006038.4	SPATA2	MANE Select
ENST00000368194.8	NM_198236.3	ARHGEF11	MANE Select
ENST00000378078.5	NM_001080496.3	RGP1	MANE Select
ENST00000263674.4	NM_014786.4	ARHGEF17	MANE Select
ENST00000371069.5	NM_001256864.2	DNAJC6	MANE Select
ENST00000341469.7	NM_014788.4	TRIM14	MANE Select
ENST00000526926.6	NM_001261843.2	ZNF623	MANE Select
ENST00000616793.5	NM_001270941.2	JAKMIP2	MANE Select
ENST00000298048.7	NM_014791.4	MELK	MANE Select
ENST00000305641.7	NM_014793.5	LCMT2	MANE Select
ENST00000262460.5	NM_021067.5	GINS1	MANE Select
ENST00000627532.3	NM_014795.4	ZEB2	MANE Select
ENST00000449076.6	NM_001136030.3	TESPA1	MANE Select
ENST00000230122.4	NM_014797.3	ZBTB24	MANE Select
ENST00000430334.8	NM_014798.3	PLEKHM1	MANE Select
ENST00000343002.7	NM_001367233.3	HEPH	MANE Select
ENST00000310758.9	NM_014800.11	ELMO1	MANE Select
ENST00000361507.5	NM_080491.3	GAB2	MANE Select
ENST00000446597.6	NM_001286176.2	C2CD5	MANE Select
ENST00000361618.4	NM_021647.8	MFAP3L	MANE Select
ENST00000316045.10	NM_001330736.2	ZNF518A	MANE Select
ENST00000361413.8	NM_014804.3	KIAA0753	MANE Select
ENST00000322716.8	NM_014805.4	EPM2AIP1	MANE Select
ENST00000361226.8	NM_014806.5	RUSC2	MANE Select
ENST00000648610.2	NM_001290474.2	C2CD2L	MANE Select
ENST00000264042.8	NM_014808.4	FARP2	MANE Select
ENST00000378214.8	NM_014809.4	KIAA0319	MANE Select
ENST00000367607.8	NM_014810.5	CEP350	MANE Select
ENST00000356818.7	NM_014811.5	PPP1R26	MANE Select
ENST00000366542.6	NM_014812.3	CEP170	MANE Select
ENST00000361127.6	NM_014813.3	LRIG2	MANE Select
ENST00000295901.9	NM_014814.3	PSMD6	MANE Select
ENST00000394128.7	NM_014815.4	MED24	MANE Select
ENST00000354212.9	NM_012301.4	MAGI2	MANE Select
ENST00000539664.3	NM_014817.4	TRIL	MANE Select
ENST00000646038.2	NM_001388022.1	TRIM66	MANE Select
ENST00000361189.7	NM_014819.5	PJA2	MANE Select
ENST00000284320.6	NM_014820.5	TOMM70	MANE Select
ENST00000692827.1	NM_001366418.1	SETDB1	MANE Select
ENST00000356357.9	NM_001039479.2	AREL1	MANE Select
ENST00000280551.11	NM_014822.4	SEC24D	MANE Select
ENST00000409418.9	NM_014824.3	FCHSD2	MANE Select
ENST00000431350.7	NM_012290.5	TLK1	MANE Select
ENST00000382751.4	NM_014825.3	URB1	MANE Select
ENST00000367210.3	NM_001376342.1	ZC3H11A	MANE Select
ENST00000448790.7	NM_014828.4	TOX4	MANE Select
ENST00000452510.7	NM_001300860.2	DDX46	MANE Select
ENST00000300101.3	NM_014830.3	ZBTB39	MANE Select
ENST00000645898.2	NM_001329998.2	TRANK1	MANE Select
ENST00000377636.8	NM_014832.5	TBC1D4	MANE Select
ENST00000434423.5	NM_001387691.1	POM121	MANE Select
ENST00000320254.5	NM_014834.4	LRRC37A	MANE Select
ENST00000313733.9	NM_144498.4	OSBPL2	MANE Select
ENST00000337910.10	NM_014836.5	RHOBTB1	MANE Select
ENST00000688051.1	NM_001375584.1	SMG7	MANE Select
ENST00000216268.6	NM_014838.3	ZBED4	MANE Select
ENST00000370185.9	NM_014839.5	PLPPR4	MANE Select
ENST00000261402.7	NM_014840.3	NUAK1	MANE Select
ENST00000369694.7	NM_001242792.2	SNAP91	MANE Select
ENST00000262319.11	NM_016111.4	TELO2	MANE Select
ENST00000359520.12	NM_014844.5	TECPR2	MANE Select
ENST00000230124.8	NM_014845.6	FIG4	MANE Select
ENST00000318410.12	NM_014846.4	WASHC5	MANE Select
ENST00000428931.6	NM_014847.4	UBAP2L	MANE Select
ENST00000394232.6	NM_001323032.3	SV2B	MANE Select
ENST00000369146.8	NM_014849.5	SV2A	MANE Select
ENST00000383836.8	NM_014850.4	SRGAP3	MANE Select
ENST00000303375.10	NM_006039.5	MRC2	MANE Select
ENST00000377658.8	NM_014851.4	KLHL21	MANE Select
ENST00000261741.10	NM_016196.4	RBM19	MANE Select
ENST00000268989.8	NM_014853.3	SGSM2	MANE Select
ENST00000649063.2	NM_014855.3	AP5Z1	MANE Select
ENST00000359707.9	NM_203505.3	G3BP2	MANE Select
ENST00000361217.9	NM_014856.3	DENND4B	MANE Select
ENST00000681986.1	NM_001366446.1	RABGAP1L	MANE Select
ENST00000358024.8	NM_014858.4	TMCC2	MANE Select
ENST00000379672.10	NM_014859.6	ARHGAP44	MANE Select
ENST00000337768.10	NM_014860.3	SUPT7L	MANE Select
ENST00000262429.9	NM_014861.4	ATP2C2	MANE Select
ENST00000303329.9	NM_014862.4	ARNT2	MANE Select
ENST00000263733.5	NM_014864.4	FAM20B	MANE Select
ENST00000315579.10	NM_014865.4	NCAPD2	MANE Select
ENST00000684901.1	NM_014866.2	SEC16A	MANE Select
ENST00000320248.4	NM_014867.3	KBTBD11	MANE Select
ENST00000325954.9	NM_014868.5	RNF10	MANE Select
ENST00000613206.2	NM_001134382.3	IQSEC1	MANE Select
ENST00000375647.5	NM_014870.4	ZBTB40	MANE Select
ENST00000440411.8	NM_014871.6	PAN2	MANE Select
ENST00000307750.5	NM_014872.3	ZBTB5	MANE Select
ENST00000366997.9	NM_014873.3	LPGAT1	MANE Select
ENST00000235329.10	NM_014874.4	MFN2	MANE Select
ENST00000367350.5	NM_014875.3	KIF14	MANE Select
ENST00000683374.1	NM_001360236.2	JOSD1	MANE Select
ENST00000358691.10	NM_014877.4	HELZ	MANE Select
ENST00000397885.3	NM_014878.5	PUM3	MANE Select
ENST00000309170.8	NM_014879.4	P2RY14	MANE Select
ENST00000373313.3	NM_005461.5	MAFB	MANE Select
ENST00000259053.6	NM_014880.5	CD302	MANE Select
ENST00000361384.7	NM_014881.5	DCLRE1A	MANE Select
ENST00000409202.8	NM_001007231.3	ARHGAP25	MANE Select
ENST00000583313.7	NM_005105.5	RBM8A	MANE Select
ENST00000308059.11	NM_007335.4	DLEC1	MANE Select
ENST00000287675.10	NM_005107.4	EXOG	MANE Select
ENST00000207870.8	NM_005108.4	XYLB	MANE Select
ENST00000311806.8	NM_005109.3	OXSR1	MANE Select
ENST00000253778.13	NM_005110.4	GFPT2	MANE Select
ENST00000381554.8	NM_145858.3	CRYZL1	MANE Select
ENST00000285879.5	NM_005462.5	MAGEC1	MANE Select
ENST00000499869.7	NM_017491.5	WDR1	MANE Select
ENST00000262844.10	NM_015365.3	AMMECR1	MANE Select
ENST00000163416.7	NM_005113.4	GOLGA5	MANE Select
ENST00000331351.6	NM_006040.3	HS3ST4	MANE Select
ENST00000360954.3	NM_006041.3	HS3ST3B1	MANE Select
ENST00000284110.2	NM_006042.3	HS3ST3A1	MANE Select
ENST00000261374.4	NM_006043.2	HS3ST2	MANE Select
ENST00000002596.6	NM_005114.4	HS3ST1	MANE Select
ENST00000280377.10	NM_001252078.2	USP15	MANE Select
ENST00000380324.8	NM_006537.4	USP3	MANE Select
ENST00000357402.10	NM_005115.5	MVP	MANE Select
ENST00000338244.6	NM_005116.6	SLC23A2	MANE Select
ENST00000348729.8	NM_005847.5	SLC23A1	MANE Select
ENST00000294312.4	NM_005117.3	FGF19	MANE Select
ENST00000374045.5	NM_005118.4	TNFSF15	MANE Select
ENST00000354618.10	NM_005119.4	THRAP3	MANE Select
ENST00000374080.8	NM_005120.3	MED12	MANE Select
ENST00000397786.7	NM_005121.3	MED13	MANE Select
ENST00000367983.9	NM_005122.5	NR1I3	MANE Select
ENST00000392986.8	NM_001206979.2	NR1H4	MANE Select
ENST00000262077.3	NM_005124.4	NUP153	MANE Select
ENST00000533244.6	NM_005125.2	CCS	MANE Select
ENST00000312521.9	NM_005126.5	NR1D2	MANE Select
ENST00000228438.3	NM_005127.3	CLEC2B	MANE Select
ENST00000216225.9	NM_014248.4	RBX1	MANE Select
ENST00000691173.1	NM_001320714.2	DOP1B	MANE Select
ENST00000382333.2	NM_005130.5	FGFBP1	MANE Select
ENST00000261600.11	NM_005131.3	THOC1	MANE Select
ENST00000611366.5	NM_001048205.2	REC8	MANE Select
ENST00000309657.8	NM_005133.3	RCE1	MANE Select
ENST00000295470.10	NM_031372.4	HNRNPDL	MANE Select
ENST00000331242.12	NM_001142327.2	DMTF1	MANE Select
ENST00000400556.8	NM_001042388.3	PPP4R1	MANE Select
ENST00000354181.8	NM_001365088.1	SLC12A6	MANE Select
ENST00000374257.6	NM_001163788.4	PTBP3	MANE Select
ENST00000290310.4	NM_172201.2	KCNE2	MANE Select
ENST00000263196.12	NM_005137.3	DGCR2	MANE Select
ENST00000671703.3	NM_001137667.2	CASP8AP2	MANE Select
ENST00000395693.8	NM_005138.3	SCO2	MANE Select
ENST00000673466.1	NM_005465.7	AKT3	MANE Select
ENST00000256379.10	NM_005466.4	MED6	MANE Select
ENST00000617575.5	NM_014249.4	NR2E3	MANE Select
ENST00000534061.6	NM_005467.4	NAALAD2	MANE Select
ENST00000358658.8	NM_005468.3	NAALADL1	MANE Select
ENST00000217455.9	NM_005469.4	ACOT8	MANE Select
ENST00000376140.4	NM_001012750.3	ABI1	MANE Select
ENST00000311337.11	NM_005471.5	GNPDA1	MANE Select
ENST00000310128.9	NM_005472.5	KCNE3	MANE Select
ENST00000557385.2	NM_001184742.2	ZBTB33	MANE Select
ENST00000392749.7	NM_001199135.3	TANK	MANE Select
ENST00000336283.9	NM_001035235.4	SRA1	MANE Select
ENST00000334136.11	NM_006044.4	HDAC6	MANE Select
ENST00000682912.1	NM_005474.5	HDAC5	MANE Select
ENST00000307296.8	NM_013374.6	PDCD6IP	MANE Select
ENST00000264933.9	NM_013232.4	PDCD6	MANE Select
ENST00000260442.3	NM_020396.4	BCL2L10	MANE Select
ENST00000393256.8	NM_138621.5	BCL2L11	MANE Select
ENST00000341259.7	NM_005475.3	SH2B3	MANE Select
ENST00000396594.8	NM_001128227.3	GNE	MANE Plus Clinical
ENST00000642385.2	NM_005476.7	GNE	MANE Select
ENST00000261917.4	NM_005477.3	HCN4	MANE Select
ENST00000304526.3	NM_005478.6	INSL5	MANE Select
ENST00000371021.5	NM_005479.4	FRAT1	MANE Select
ENST00000257909.8	NM_005480.4	TROAP	MANE Select
ENST00000325464.6	NM_005481.3	MED16	MANE Select
ENST00000370812.8	NM_005482.3	PIGK	MANE Select
ENST00000301280.10	NM_005483.3	CHAF1A	MANE Select
ENST00000429687.8	NM_001042618.2	PARP2	MANE Select
ENST00000398755.8	NM_001003931.4	PARP3	MANE Select
ENST00000575882.6	NM_005486.3	TOM1L1	MANE Select
ENST00000216106.6	NM_001003681.3	HMGXB4	MANE Select
ENST00000449058.7	NM_005488.3	TOM1	MANE Select
ENST00000314830.13	NM_170600.3	SH2D3C	MANE Select
ENST00000245908.11	NM_005490.3	SH2D3A	MANE Select
ENST00000370401.7	NM_005491.5	MAMLD1	MANE Select
ENST00000246012.2	NM_005492.4	CST8	MANE Select
ENST00000011619.6	NM_005493.3	RANBP9	MANE Select
ENST00000262177.9	NM_058246.4	DNAJB6	MANE Select
ENST00000377905.9	NM_005495.3	SLC17A4	MANE Select
ENST00000357388.8	NM_001002800.3	SMC4	MANE Select
ENST00000592524.6	NM_005497.4	GJC1	MANE Select
ENST00000250244.11	NM_005498.5	AP1M2	MANE Select
ENST00000246548.9	NM_005499.3	UBA2	MANE Select
ENST00000270225.12	NM_005500.3	SAE1	MANE Select
ENST00000281828.8	NM_005687.5	FARSB	MANE Select
ENST00000334444.11	NM_005688.4	ABCC5	MANE Select
ENST00000265316.9	NM_005689.4	ABCB6	MANE Select
ENST00000549701.6	NM_012062.5	DNM1L	MANE Select
ENST00000553257.6	NM_001278464.2	DNM1L	MANE Plus Clinical
ENST00000261200.9	NM_020297.4	ABCC9	MANE Select
ENST00000287844.7	NM_007189.3	ABCF2	MANE Select
ENST00000441012.7	NM_005693.4	NR1H3	MANE Select
ENST00000261070.7	NM_005694.2	COX17	MANE Select
ENST00000268099.13	NM_005697.5	SCAMP2	MANE Select
ENST00000302631.8	NM_005698.4	SCAMP3	MANE Select
ENST00000393703.9	NM_001039660.2	IL18BP	MANE Select
ENST00000493196.2	NM_016940.3	RWDD2B	MANE Select
ENST00000536621.6	NM_001164462.2	MUC12	MANE Select
ENST00000531863.6	NM_130443.4	DPP3	MANE Select
ENST00000308588.10	NM_005701.4	SNUPN	MANE Select
ENST00000262854.11	NM_031407.7	HUWE1	MANE Select
ENST00000373779.8	NM_133178.4	PTPRU	MANE Select
ENST00000182290.9	NM_139022.3	TSPAN32	MANE Select
ENST00000333256.11	NM_005706.4	TSSC4	MANE Select
ENST00000338821.6	NM_006045.3	ATP9A	MANE Select
ENST00000204549.9	NM_005707.2	PDCD7	MANE Select
ENST00000377047.9	NM_005708.5	GPC6	MANE Select
ENST00000005226.12	NM_153676.4	USH1C	MANE Select
ENST00000318024.9	NM_005709.4	USH1C	MANE Plus Clinical
ENST00000447146.7	NM_001032382.2	PQBP1	MANE Select
ENST00000296591.10	NM_005711.5	EDIL3	MANE Select
ENST00000414222.2	NM_001145095.3	HHLA1	MANE Select
ENST00000643780.2	NM_001379029.1	CERT1	MANE Select
ENST00000340313.5	NM_033347.2	KCNK7	MANE Select
ENST00000367463.5	NM_005715.3	UST	MANE Select
ENST00000359856.11	NM_005717.4	ARPC5	MANE Select
ENST00000397261.8	NM_005718.5	ARPC4	MANE Select
ENST00000228825.12	NM_001278556.2	ARPC3	MANE Select
ENST00000646101.2	NM_005720.4	ARPC1B	MANE Select
ENST00000263238.7	NM_005721.5	ACTR3	MANE Select
ENST00000260641.10	NM_005722.4	ACTR2	MANE Select
ENST00000305798.8	NM_005723.4	TSPAN5	MANE Select
ENST00000267970.9	NM_005724.6	TSPAN3	MANE Select
ENST00000369516.7	NM_005725.6	TSPAN2	MANE Select
ENST00000262302.14	NM_012225.4	NUBP2	MANE Select
ENST00000652027.2	NM_005726.6	TSFM	MANE Select
ENST00000372003.6	NM_005727.4	TSPAN1	MANE Select
ENST00000225174.8	NM_005729.4	PPIF	MANE Select
ENST00000398073.7	NM_005730.4	CTDSP2	MANE Select
ENST00000449742.7	NM_006778.4	TRIM10	MANE Select
ENST00000315717.10	NM_152862.3	ARPC2	MANE Select
ENST00000373100.7	NM_170693.3	SGK2	MANE Select
ENST00000378823.8	NM_005732.4	RAD50	MANE Select
ENST00000394894.8	NM_005733.3	KIF20A	MANE Select
ENST00000260643.7	NM_013388.6	PREB	MANE Select
ENST00000303296.9	NM_005734.5	HIPK3	MANE Select
ENST00000306917.5	NM_015322.5	FEM1B	MANE Select
ENST00000396073.4	NM_031889.3	ENAM	MANE Select
ENST00000289228.7	NM_005735.4	ACTR1B	MANE Select
ENST00000369905.9	NM_005736.4	ACTR1A	MANE Select
ENST00000339728.6	NM_001282431.2	ARL4C	MANE Select
ENST00000651779.1	NM_005738.5	ARL4A	MANE Select
ENST00000310803.10	NM_005739.4	RASGRP1	MANE Select
ENST00000216068.9	NM_005740.3	DNAL4	MANE Select
ENST00000219069.6	NM_005741.5	ZNF263	MANE Select
ENST00000260665.12	NM_133259.4	LRPPRC	MANE Select
ENST00000542859.6	NM_023037.3	FRY	MANE Select
ENST00000272227.8	NM_005742.4	PDIA6	MANE Select
ENST00000246957.10	NM_016292.3	TRAP1	MANE Select
ENST00000378747.8	NM_001008212.2	OPTN	MANE Select
ENST00000345046.12	NM_001256447.2	BCAP31	MANE Select
ENST00000222553.8	NM_005746.3	NAMPT	MANE Select
ENST00000290122.8	NM_005747.5	CELA3A	MANE Select
ENST00000374114.8	NM_006047.6	RBM12	MANE Select
ENST00000534854.7	NM_005748.6	YAF2	MANE Select
ENST00000622789.5	NM_001267547.3	ARFRP1	MANE Select
ENST00000499247.3	NM_005749.4	TOB1	MANE Select
ENST00000356239.8	NM_005751.5	AKAP9	MANE Select
ENST00000299642.10	NM_005752.6	CLEC3A	MANE Select
ENST00000264344.10	NM_014883.4	FAM13A	MANE Select
ENST00000356245.8	NM_005754.3	G3BP1	MANE Select
ENST00000452918.7	NM_001017392.5	SUGP2	MANE Select
ENST00000221847.6	NM_005755.3	EBI3	MANE Select
ENST00000379869.8	NM_001079858.3	ADGRG2	MANE Select
ENST00000679496.1	NM_001382683.1	MBNL2	MANE Select
ENST00000261018.12	NM_001375670.1	ABI2	MANE Select
ENST00000234170.10	NM_005760.3	CEBPZ	MANE Select
ENST00000258526.9	NM_005761.3	PLXNC1	MANE Select
ENST00000253024.10	NM_005762.3	TRIM28	MANE Select
ENST00000262940.12	NM_006989.6	RASA4	MANE Select
ENST00000417368.7	NM_005763.4	AASS	MANE Select
ENST00000294338.7	NM_005764.4	PDZK1IP1	MANE Select
ENST00000636580.2	NM_005765.3	ATP6AP2	MANE Select
ENST00000319562.11	NM_005766.4	FARP1	MANE Select
ENST00000620633.5	NM_001162498.3	LPAR6	MANE Select
ENST00000261407.9	NM_005768.6	LPCAT3	MANE Select
ENST00000618852.5	NM_006990.5	WASF2	MANE Select
ENST00000539698.4	NM_001166395.2	CHST4	MANE Select
ENST00000265631.10	NM_014251.3	SLC25A13	MANE Select
ENST00000338625.9	NM_014252.4	SLC25A15	MANE Select
ENST00000344387.9	NM_006991.5	ZNF197	MANE Select
ENST00000249786.9	NM_001018108.4	SERF2	MANE Select
ENST00000674881.1	NM_001376924.1	DHRS9	MANE Select
ENST00000381750.9	NM_005772.5	RCL1	MANE Select
ENST00000282308.4	NM_005773.3	ZNF256	MANE Select
ENST00000240123.12	NM_005775.5	SORBS3	MANE Select
ENST00000216416.9	NM_005776.3	CNIH1	MANE Select
ENST00000422452.4	NM_001163278.2	TENM1	MANE Select
ENST00000375490.10	NM_001286045.2	RBM7	MANE Select
ENST00000266022.9	NM_005777.3	RBM6	MANE Select
ENST00000347869.8	NM_005778.4	RBM5	MANE Select
ENST00000380345.7	NM_005779.3	LHFPL2	MANE Select
ENST00000379589.4	NM_005780.3	LHFPL6	MANE Select
ENST00000672887.2	NM_001382273.1	TNK2	MANE Select
ENST00000505490.3	NM_005782.4	ALYREF	MANE Select
ENST00000264255.8	NM_005783.4	TXNDC9	MANE Select
ENST00000345093.9	NM_005785.4	RNF41	MANE Select
ENST00000580243.3	NM_001308210.2	TSHZ1	MANE Select
ENST00000397676.8	NM_005787.6	ALG3	MANE Select
ENST00000331079.11	NM_005788.4	PRMT3	MANE Select
ENST00000590720.6	NM_005789.4	PSME3	MANE Select
ENST00000606320.6	NM_022782.4	MPHOSPH9	MANE Select
ENST00000244230.7	NM_005791.3	MPHOSPH10	MANE Select
ENST00000258169.9	NM_005792.2	MPHOSPH6	MANE Select
ENST00000442597.6	NM_001308426.2	NME6	MANE Select
ENST00000250383.11	NM_005794.4	DHRS2	MANE Select
ENST00000392370.8	NM_005795.6	CALCRL	MANE Select
ENST00000219169.9	NM_005796.3	NUTF2	MANE Select
ENST00000278937.7	NM_005797.4	MPZL2	MANE Select
ENST00000378182.4	NM_213590.3	TRIM13	MANE Select
ENST00000642238.2	NM_001350145.3	PATJ	MANE Select
ENST00000255304.9	NM_005800.5	USPL1	MANE Select
ENST00000469257.2	NM_005801.4	EIF1	MANE Select
ENST00000360538.7	NM_005802.5	TOPORS	MANE Select
ENST00000376389.8	NM_005803.4	FLOT1	MANE Select
ENST00000242776.9	NM_005804.4	DDX39A	MANE Select
ENST00000409682.8	NM_005805.6	PSMD14	MANE Select
ENST00000298396.7	NM_021014.4	SSX3	MANE Select
ENST00000382357.4	NM_005806.4	OLIG2	MANE Select
ENST00000445192.7	NM_005807.6	PRG4	MANE Select
ENST00000273179.10	NM_001008392.2	CTDSPL	MANE Select
ENST00000376819.4	NM_021146.4	ANGPTL7	MANE Select
ENST00000356986.8	NM_005810.4	KLRG1	MANE Select
ENST00000257868.10	NM_005811.5	GDF11	MANE Select
ENST00000311922.4	NM_025195.4	TRIB1	MANE Select
ENST00000367868.4	NM_005814.3	GPA33	MANE Select
ENST00000301547.10	NM_005815.5	ZNF443	MANE Select
ENST00000352690.9	NM_005816.5	CD96	MANE Select
ENST00000221957.9	NM_005817.5	PLIN3	MANE Select
ENST00000355443.9	NM_001146069.2	SLC75A1	MANE Select
ENST00000258301.6	NM_005819.6	STX6	MANE Select
ENST00000321998.10	NM_016138.5	COQ7	MANE Select
ENST00000371374.6	NM_001251974.2	RCAN2	MANE Select
ENST00000545450.7	NM_005823.6	MSLN	MANE Select
ENST00000443597.7	NM_001135217.2	LRRC23	MANE Select
ENST00000339431.9	NM_001031692.3	LRRC17	MANE Select
ENST00000394432.8	NM_001098671.2	RASGRP2	MANE Select
ENST00000302271.11	NM_005826.5	HNRNPR	MANE Select
ENST00000240333.12	NM_005827.4	SLC35B1	MANE Select
ENST00000614556.5	NM_005828.5	DCAF7	MANE Select
ENST00000336418.9	NM_005829.5	AP3S2	MANE Select
ENST00000323563.8	NM_005830.4	MRPS31	MANE Select
ENST00000258947.8	NM_005831.5	CALCOCO2	MANE Select
ENST00000452583.6	NM_181361.3	KCNMB2	MANE Select
ENST00000478722.6	NM_020806.5	GPHN	MANE Select
ENST00000373538.8	NM_005833.4	RABEPK	MANE Select
ENST00000696123.1	NM_001395498.1	TIMM17B	MANE Select
ENST00000377850.8	NM_001286123.3	SLC17A2	MANE Select
ENST00000254878.8	NM_005836.3	RIDA	MANE Select
ENST00000303151.5	NM_005837.3	POP7	MANE Select
ENST00000344743.8	NM_201648.3	GLYAT	MANE Select
ENST00000323848.14	NM_005839.4	SRRM1	MANE Select
ENST00000695325.1	NM_001304990.2	SPRY3	MANE Select
ENST00000651917.1	NM_001258038.2	SPRY1	MANE Select
ENST00000377104.4	NM_005842.4	SPRY2	MANE Select
ENST00000263904.5	NM_005843.6	STAM2	MANE Select
ENST00000361530.11	NM_006314.3	CNKSR1	MANE Select
ENST00000645237.2	NM_005845.5	ABCC4	MANE Select
ENST00000443035.8	NM_001320835.1	DENND4A	MANE Select
ENST00000268389.6	NM_005849.4	IGSF6	MANE Select
ENST00000271628.9	NM_005850.5	SF3B4	MANE Select
ENST00000301488.8	NM_005851.5	CDK2AP2	MANE Select
ENST00000394636.9	NM_005853.6	IRX5	MANE Select
ENST00000253796.10	NM_005854.3	RAMP2	MANE Select
ENST00000254661.5	NM_005855.4	RAMP1	MANE Select
ENST00000242249.8	NM_005856.3	RAMP3	MANE Select
ENST00000372759.4	NM_005857.5	ZMPSTE24	MANE Select
ENST00000269701.7	NM_005858.4	AKAP8	MANE Select
ENST00000166139.9	NM_005860.3	FSTL3	MANE Select
ENST00000219548.9	NM_005861.4	STUB1	MANE Select
ENST00000383202.7	NM_005862.3	STAG1	MANE Select
ENST00000355029.9	NM_001047160.3	NET1	MANE Select
ENST00000343090.11	NM_001105562.3	UBE4B	MANE Select
ENST00000216733.8	NM_005864.4	EFS	MANE Select
ENST00000230582.8	NM_005865.4	PRSS16	MANE Select
ENST00000277010.9	NM_005866.4	SIGMAR1	MANE Select
ENST00000222547.8	NM_005868.6	BET1	MANE Select
ENST00000381070.8	NM_005869.4	CWC27	MANE Select
ENST00000382533.9	NM_005870.5	SAP18	MANE Select
ENST00000369603.10	NM_005871.4	SMNDC1	MANE Select
ENST00000369541.4	NM_005872.3	BCAS2	MANE Select
ENST00000395042.2	NM_005873.3	RGS19	MANE Select
ENST00000314446.10	NM_001080978.4	LILRB2	MANE Select
ENST00000232905.4	NM_005875.3	EIF1B	MANE Select
ENST00000312358.12	NM_005876.5	SPEG	MANE Select
ENST00000215793.13	NM_005877.6	SF3A1	MANE Select
ENST00000331456.7	NM_005879.3	TRAIP	MANE Select
ENST00000317089.10	NM_005880.4	DNAJA2	MANE Select
ENST00000219794.11	NM_005881.4	BCKDK	MANE Select
ENST00000303400.9	NM_001017405.3	MAEA	MANE Select
ENST00000590469.6	NM_005883.3	APC2	MANE Select
ENST00000360442.8	NM_005884.5	PAK4	MANE Select
ENST00000274140.10	NM_005885.4	MARCHF6	MANE Select
ENST00000379661.8	NM_005886.3	KATNB1	MANE Select
ENST00000316634.6	NM_001329615.2	SNAPC5	MANE Select
ENST00000357560.9	NM_133173.3	APBB3	MANE Select
ENST00000300870.15	NM_003414.6	ZNF267	MANE Select
ENST00000282572.5	NM_021147.5	CCNO	MANE Select
ENST00000309117.11	NM_006052.2	VPS26C	MANE Select
ENST00000265686.8	NM_006019.4	TCIRG1	MANE Select
ENST00000377819.10	NM_001265589.2	RTN3	MANE Select
ENST00000450366.7	NM_006055.3	LANCL1	MANE Select
ENST00000305141.5	NM_006056.5	NMUR1	MANE Select
ENST00000684187.2	NM_001356336.2	B3GALT5	MANE Select
ENST00000521591.6	NM_006058.5	TNIP1	MANE Select
ENST00000361069.9	NM_006059.4	LAMC3	MANE Select
ENST00000331340.8	NM_006060.6	IKZF1	MANE Select
ENST00000263045.9	NM_006061.4	CRISP3	MANE Select
ENST00000389501.9	NM_006062.3	SMYD5	MANE Select
ENST00000284669.2	NM_006063.3	KLHL41	MANE Select
ENST00000374941.9	NM_006064.5	RRAGB	MANE Select
ENST00000381605.9	NM_006065.5	SIRPB1	MANE Select
ENST00000351829.9	NM_153326.3	AKR1A1	MANE Select
ENST00000253457.8	NM_006067.5	EMC8	MANE Select
ENST00000261234.11	NM_014254.3	RXYLT1	MANE Select
ENST00000273308.9	NM_014255.7	CNPY2	MANE Select
ENST00000318683.7	NM_014256.4	B3GNT3	MANE Select
ENST00000327325.10	NM_014257.5	CLEC4M	MANE Select
ENST00000508254.6	NM_006068.5	TLR6	MANE Select
ENST00000423302.7	NM_130385.4	IRAG1	MANE Select
ENST00000362003.10	NM_006315.7	PCGF3	MANE Select
ENST00000240851.9	NM_006070.6	TFG	MANE Select
ENST00000253255.7	NM_006071.2	PKDREJ	MANE Select
ENST00000005180.9	NM_001371938.1	CCL26	MANE Select
ENST00000334268.9	NM_006073.4	TRDN	MANE Select
ENST00000546248.7	NM_001256021.2	TRDN	MANE Plus Clinical
ENST00000379965.8	NM_006074.5	TRIM22	MANE Select
ENST00000263094.11	NM_019112.4	ABCA7	MANE Select
ENST00000690296.1	NM_001377321.1	ABCA10	MANE Select
ENST00000340001.9	NM_080283.4	ABCA9	MANE Select
ENST00000586539.6	NM_001288985.2	ABCA8	MANE Select
ENST00000235521.5	NM_015836.4	WARS2	MANE Select
ENST00000370110.6	NM_006993.3	NPM3	MANE Select
ENST00000518119.6	NM_001286680.2	NPM2	MANE Select
ENST00000333651.11	NM_006339.3	HMG20B	MANE Select
ENST00000336216.9	NM_001304504.2	HMG20A	MANE Select
ENST00000248071.6	NM_016270.4	KLF2	MANE Select
ENST00000361114.10	NM_001195518.2	MICU1	MANE Select
ENST00000005284.4	NM_006539.4	CACNG3	MANE Select
ENST00000300105.7	NM_006078.5	CACNG2	MANE Select
ENST00000367651.4	NM_006079.5	CITED2	MANE Select
ENST00000265362.9	NM_006080.3	SEMA3A	MANE Select
ENST00000336023.9	NM_006082.3	TUBA1B	MANE Select
ENST00000396864.8	NM_006084.5	IRF9	MANE Select
ENST00000322067.12	NM_006085.6	BPNT1	MANE Select
ENST00000315491.12	NM_006086.4	TUBB3	MANE Select
ENST00000264071.7	NM_006087.4	TUBB4A	MANE Select
ENST00000340384.5	NM_006088.6	TUBB4B	MANE Select
ENST00000244519.7	NM_006994.5	BTN3A3	MANE Select
ENST00000356709.9	NM_006995.5	BTN2A2	MANE Select
ENST00000357552.8	NM_014258.4	SYCP2	MANE Select
ENST00000251900.9	NM_006089.3	SCML2	MANE Select
ENST00000357172.9	NM_006090.5	CEPT1	MANE Select
ENST00000261861.10	NM_006091.5	CORO2B	MANE Select
ENST00000222823.9	NM_006092.4	NOD1	MANE Select
ENST00000507656.6	NM_001256706.2	ANAPC10	MANE Select
ENST00000287143.2	NM_006093.4	PRG3	MANE Select
ENST00000276297.9	NM_182643.3	DLC1	MANE Select
ENST00000381668.9	NM_006095.2	ATP8A1	MANE Select
ENST00000323851.13	NM_006096.4	NDRG1	MANE Select
ENST00000279022.7	NM_006097.5	MYL9	MANE Select
ENST00000512805.6	NM_006098.5	RACK1	MANE Select
ENST00000255389.10	NM_148172.3	PEMT	MANE Select
ENST00000393045.7	NM_006099.3	PIAS3	MANE Select
ENST00000483910.6	NM_001323368.2	ST3GAL6	MANE Select
ENST00000261597.9	NM_006101.3	NDC80	MANE Select
ENST00000220763.10	NM_016134.4	CPQ	MANE Select
ENST00000372676.8	NM_006103.4	WFDC2	MANE Select
ENST00000398462.7	NM_058201.4	SPAG11B	MANE Select
ENST00000322611.4	NM_006317.5	BASP1	MANE Select
ENST00000399808.5	NM_021034.3	IFITM3	MANE Select
ENST00000449771.7	NM_001098531.4	RAPGEF3	MANE Select
ENST00000610426.5	NM_014886.6	NSA2	MANE Select
ENST00000282441.10	NM_001130145.3	YAP1	MANE Select
ENST00000290902.10	NM_012445.4	SPON2	MANE Select
ENST00000576479.4	NM_006108.4	SPON1	MANE Select
ENST00000324366.13	NM_006109.5	PRMT5	MANE Select
ENST00000372086.4	NM_007170.3	TESK2	MANE Select
ENST00000305596.8	NM_006110.3	CD2BP2	MANE Select
ENST00000371756.4	NM_016172.3	UBAC1	MANE Select
ENST00000219789.11	NM_006319.5	CDIPT	MANE Select
ENST00000296425.10	NM_006320.6	PGRMC2	MANE Select
ENST00000356401.9	NM_006321.4	ARIH2	MANE Select
ENST00000261965.8	NM_006322.6	TUBGCP3	MANE Select
ENST00000265175.5	NM_006323.5	SEC24B	MANE Select
ENST00000283882.4	NM_006324.3	CFDP1	MANE Select
ENST00000222284.10	NM_032635.4	TMEM147	MANE Select
ENST00000310137.5	NM_006328.4	RBM14	MANE Select
ENST00000316963.8	NM_006330.4	LYPLA1	MANE Select
ENST00000279249.3	NM_006779.4	CDC42EP2	MANE Select
ENST00000599672.6	NM_006331.8	EMG1	MANE Select
ENST00000407280.4	NM_006332.5	IFI30	MANE Select
ENST00000410067.8	NM_173177.3	C1D	MANE Select
ENST00000371793.8	NM_001282611.2	OLFM1	MANE Select
ENST00000367287.5	NM_006335.3	TIMM17A	MANE Select
ENST00000267068.6	NM_014887.3	N4BP2L2	MANE Select
ENST00000291900.7	NM_006336.4	ZER1	MANE Select
ENST00000343810.9	NM_006337.5	MCRS1	MANE Select
ENST00000367177.4	NM_201630.2	LRRN2	MANE Select
ENST00000359943.8	NM_014888.3	FAM3C	MANE Select
ENST00000285093.15	NM_006111.3	ACAA2	MANE Select
ENST00000324379.10	NM_006112.4	PPIE	MANE Select
ENST00000370056.9	NM_006113.5	VAV3	MANE Select
ENST00000426677.7	NM_001128917.2	TOMM40	MANE Select
ENST00000216160.11	NM_006116.3	TAB1	MANE Select
ENST00000380118.8	NM_206836.3	ECI2	MANE Select
ENST00000328703.12	NM_006118.4	HAX1	MANE Select
ENST00000258733.9	NM_002510.3	GPNMB	MANE Select
ENST00000428708.7	NM_001144888.2	BAIAP2	MANE Select
ENST00000376692.9	NM_006341.4	MAD2L2	MANE Select
ENST00000313288.9	NM_006342.3	TACC3	MANE Select
ENST00000295408.9	NM_006343.3	MERTK	MANE Select
ENST00000416562.7	NM_001330070.2	CLEC10A	MANE Select
ENST00000264451.12	NM_006345.4	SLC30A9	MANE Select
ENST00000326291.11	NM_006346.4	PIBF1	MANE Select
ENST00000304979.8	NM_006347.4	PPIH	MANE Select
ENST00000297135.9	NM_006348.5	COG5	MANE Select
ENST00000305105.3	NM_006349.3	ZNHIT1	MANE Select
ENST00000256759.8	NM_013409.3	FST	MANE Select
ENST00000270538.8	NM_006351.4	TIMM44	MANE Select
ENST00000374606.10	NM_001185181.3	PFDN6	MANE Select
ENST00000358704.4	NM_205768.3	ZBTB18	MANE Select
ENST00000377575.3	NM_006353.3	HMGN4	MANE Select
ENST00000301964.7	NM_006354.5	TADA3	MANE Select
ENST00000357085.5	NM_006355.5	TRIM38	MANE Select
ENST00000301587.9	NM_006356.3	ATP5PD	MANE Select
ENST00000410062.9	NM_006357.4	UBE2E3	MANE Select
ENST00000435456.7	NM_006358.4	SLC25A17	MANE Select
ENST00000630721.3	NM_001379110.1	SLC9A6	MANE Select
ENST00000531120.6	NM_006360.6	EIF3M	MANE Select
ENST00000290295.8	NM_006361.6	HOXB13	MANE Select
ENST00000294172.7	NM_006362.5	NXF1	MANE Select
ENST00000650089.1	NM_006363.6	SEC23B	MANE Select
ENST00000307712.11	NM_006364.4	SEC23A	MANE Select
ENST00000229922.7	NM_006366.3	CAP2	MANE Select
ENST00000372805.8	NM_006367.4	CAP1	MANE Select
ENST00000353704.3	NM_006368.5	CREB3	MANE Select
ENST00000617190.5	NM_006369.5	LRRC41	MANE Select
ENST00000554659.6	NM_006370.3	VTI1B	MANE Select
ENST00000320954.11	NM_006371.5	CRTAP	MANE Select
ENST00000369622.8	NM_006372.5	SYNCRIP	MANE Select
ENST00000355653.8	NM_006373.4	VAT1	MANE Select
ENST00000316586.9	NM_001271977.2	STK25	MANE Select
ENST00000394363.6	NM_006375.4	ENOX2	MANE Select
ENST00000635942.2	NM_001371189.2	UNC13B	MANE Select
ENST00000327064.9	NM_199141.2	CARM1	MANE Select
ENST00000452400.7	NM_006540.4	NCOA2	MANE Select
ENST00000368914.8	NM_030913.6	SEMA6C	MANE Select
ENST00000586582.6	NM_032108.4	SEMA6B	MANE Select
ENST00000357877.7	NM_004263.5	SEMA4F	MANE Select
ENST00000422704.7	NM_001371194.2	SEMA4D	MANE Select
ENST00000411539.7	NM_198925.4	SEMA4B	MANE Select
ENST00000265361.8	NM_006379.5	SEMA3C	MANE Select
ENST00000083182.8	NM_006380.5	APPBP2	MANE Select
ENST00000254718.9	NM_014520.4	MYBBP1A	MANE Select
ENST00000342058.9	NM_006329.4	FBLN5	MANE Select
ENST00000395665.9	NM_001267585.2	FBXW10	MANE Select
ENST00000258930.8	NM_006383.4	CIB2	MANE Select
ENST00000328649.11	NM_006384.4	CIB1	MANE Select
ENST00000240731.5	NM_006385.5	ZNF211	MANE Select
ENST00000403230.3	NM_006386.5	DDX17	MANE Select
ENST00000382409.4	NM_021008.4	DEAF1	MANE Select
ENST00000546361.7	NM_006387.6	CHERP	MANE Select
ENST00000341318.9	NM_182710.3	KAT5	MANE Select
ENST00000617285.5	NM_006389.5	HYOU1	MANE Select
ENST00000256079.9	NM_006390.4	IPO8	MANE Select
ENST00000379719.8	NM_006391.3	IPO7	MANE Select
ENST00000329276.10	NM_006392.4	NOP56	MANE Select
ENST00000377122.9	NM_006393.3	NEBL	MANE Select
ENST00000224949.9	NM_014889.4	PITRM1	MANE Select
ENST00000693202.1	NM_001349232.2	ATG7	MANE Select
ENST00000309328.8	NM_006396.3	ZNRD2	MANE Select
ENST00000221486.6	NM_006397.3	RNASEH2A	MANE Select
ENST00000290510.10	NM_014262.5	P3H3	MANE Select
ENST00000377050.5	NM_006398.4	UBD	MANE Select
ENST00000286639.8	NM_006399.5	BATF	MANE Select
ENST00000331244.10	NM_006541.5	GLRX3	MANE Select
ENST00000548249.6	NM_001261413.2	DCTN2	MANE Select
ENST00000339399.5	NM_006401.3	ANP32B	MANE Select
ENST00000602318.6	NM_001382293.1	LAMTOR5	MANE Select
ENST00000216968.5	NM_006404.5	PROCR	MANE Select
ENST00000261789.9	NM_006405.7	TM9SF1	MANE Select
ENST00000379341.9	NM_006406.2	PRDX4	MANE Select
ENST00000273258.4	NM_006407.4	ARL6IP5	MANE Select
ENST00000419304.7	NM_006408.4	AGR2	MANE Select
ENST00000262942.10	NM_006409.4	ARPC1A	MANE Select
ENST00000451739.7	NM_001098522.2	HTATIP2	MANE Select
ENST00000375107.8	NM_006411.4	AGPAT1	MANE Select
ENST00000371696.7	NM_006412.4	AGPAT2	MANE Select
ENST00000371703.8	NM_006413.5	RPP30	MANE Select
ENST00000378197.5	NM_183005.5	RPP38	MANE Select
ENST00000262554.7	NM_006415.4	SPTLC1	MANE Select
ENST00000369552.9	NM_006416.5	SLC35A1	MANE Select
ENST00000236137.10	NM_006996.3	SLC19A2	MANE Select
ENST00000370747.9	NM_006417.5	IFI44	MANE Select
ENST00000219022.3	NM_006418.5	OLFM4	MANE Select
ENST00000682537.1	NM_001371558.1	CXCL13	MANE Select
ENST00000371917.5	NM_006420.3	ARFGEF2	MANE Select
ENST00000262215.8	NM_006421.5	ARFGEF1	MANE Select
ENST00000228850.6	NM_001278309.2	AKAP3	MANE Select
ENST00000222008.11	NM_006423.3	RABAC1	MANE Select
ENST00000382051.8	NM_006424.3	SLC34A2	MANE Select
ENST00000297151.9	NM_006425.5	SLU7	MANE Select
ENST00000338492.9	NM_006426.3	DPYSL4	MANE Select
ENST00000329967.11	NM_006427.4	SIVA1	MANE Select
ENST00000199706.13	NM_006428.5	MRPL28	MANE Select
ENST00000258091.10	NM_006429.4	CCT7	MANE Select
ENST00000394440.8	NM_006430.4	CCT4	MANE Select
ENST00000299300.11	NM_006431.3	CCT2	MANE Select
ENST00000555619.6	NM_006432.5	NPC2	MANE Select
ENST00000263863.9	NM_006433.5	GNLY	MANE Select
ENST00000369005.6	NM_206862.4	TACC2	MANE Select
ENST00000371247.7	NM_001034954.3	SORBS1	MANE Select
ENST00000616316.3	NM_006435.3	IFITM2	MANE Select
ENST00000332843.3	NM_006438.5	COLEC10	MANE Select
ENST00000402686.8	NM_001077365.2	POMT1	MANE Select
ENST00000317605.6	NM_006439.5	MAB21L2	MANE Select
ENST00000400521.7	NM_006440.5	TXNRD2	MANE Select
ENST00000258874.4	NM_006441.4	MTHFS	MANE Select
ENST00000312515.7	NM_006442.4	DRAP1	MANE Select
ENST00000377961.3	NM_006998.4	SCGN	MANE Select
ENST00000230431.11	NM_006443.3	DNPH1	MANE Select
ENST00000374793.8	NM_006444.3	SMC2	MANE Select
ENST00000304992.11	NM_006445.4	PRPF8	MANE Select
ENST00000256797.9	NM_033266.4	ERN2	MANE Select
ENST00000543226.2	NM_001355204.2	TRAPPC2B	MANE Select
ENST00000216479.8	NM_012111.3	AHSA1	MANE Select
ENST00000256958.3	NM_006446.5	SLCO1B1	MANE Select
ENST00000399976.7	NM_006447.3	USP16	MANE Select
ENST00000295324.4	NM_006449.5	CDC42EP3	MANE Select
ENST00000444095.3	NM_001359228.2	SH2B2	MANE Select
ENST00000306846.8	NM_006451.5	PAIP1	MANE Select
ENST00000512576.3	NM_001079524.2	PAICS	MANE Select
ENST00000568546.6	NM_006453.3	TBL3	MANE Select
ENST00000337190.7	NM_006454.3	MXD4	MANE Select
ENST00000393928.6	NM_006455.3	P3H4	MANE Select
ENST00000225276.10	NM_006456.3	ST6GALNAC2	MANE Select
ENST00000317968.9	NM_006457.5	PDLIM5	MANE Select
ENST00000345851.8	NM_033278.4	TRIM3	MANE Select
ENST00000421367.7	NM_006459.4	ERLIN1	MANE Select
ENST00000332499.4	NM_006460.3	HEXIM1	MANE Select
ENST00000321765.10	NM_006461.4	SPAG5	MANE Select
ENST00000356286.10	NM_031229.4	RBCK1	MANE Select
ENST00000394070.7	NM_213622.4	STAMBP	MANE Select
ENST00000377386.8	NM_006464.4	TGOLN2	MANE Select
ENST00000346246.10	NM_006465.4	ARID3B	MANE Select
ENST00000377603.5	NM_006466.4	POLR3F	MANE Select
ENST00000651687.1	NM_006467.3	POLR3G	MANE Select
ENST00000334163.4	NM_006468.8	POLR3C	MANE Select
ENST00000367498.8	NM_006469.5	IVNS1ABP	MANE Select
ENST00000649191.2	NM_001348119.1	TRIM16	MANE Select
ENST00000217652.8	NM_006471.4	MYL12A	MANE Select
ENST00000582401.6	NM_006472.6	TXNIP	MANE Select
ENST00000294168.8	NM_006473.4	TAF6L	MANE Select
ENST00000621990.5	NM_006474.5	PDPN	MANE Select
ENST00000379747.9	NM_006475.3	POSTN	MANE Select
ENST00000300688.8	NM_006476.5	ATP5MG	MANE Select
ENST00000216101.7	NM_006477.5	RASL10A	MANE Select
ENST00000616432.5	NM_001362985.3	GAS2L1	MANE Select
ENST00000352618.9	NM_006479.5	RAD51AP1	MANE Select
ENST00000408923.8	NM_006480.5	RGS14	MANE Select
ENST00000272134.5	NM_020997.4	LEFTY1	MANE Select
ENST00000621441.5	NM_006544.4	EXOC5	MANE Select
ENST00000232501.8	NM_006545.5	NPRL2	MANE Select
ENST00000290341.8	NM_006546.4	IGF2BP1	MANE Select
ENST00000258729.8	NM_006547.3	IGF2BP3	MANE Select
ENST00000382199.7	NM_006548.6	IGF2BP2	MANE Select
ENST00000404169.8	NM_001270485.2	CAMKK2	MANE Select
ENST00000244926.4	NM_006551.4	SCGB1D2	MANE Select
ENST00000306238.3	NM_006552.2	SCGB1D1	MANE Select
ENST00000440960.6	NM_001142405.2	PRELID3A	MANE Select
ENST00000249442.11	NM_006554.5	MTX2	MANE Select
ENST00000223369.3	NM_006555.4	YKT6	MANE Select
ENST00000301244.12	NM_021102.4	SPINT2	MANE Select
ENST00000368467.4	NM_006556.4	PMVK	MANE Select
ENST00000358146.7	NM_181872.6	DMRT2	MANE Select
ENST00000355849.10	NM_006558.3	KHDRBS3	MANE Select
ENST00000327300.12	NM_006559.3	KHDRBS1	MANE Select
ENST00000687097.1	NM_001376376.1	CELF1	MANE Select
ENST00000633077.2	NM_001326342.2	CELF2	MANE Select
ENST00000370193.4	NM_006562.5	LBX1	MANE Select
ENST00000264834.6	NM_006563.5	KLF1	MANE Select
ENST00000304552.5	NM_006564.2	CXCR6	MANE Select
ENST00000264010.10	NM_006565.4	CTCF	MANE Select
ENST00000533191.6	NM_001286474.2	TSBP1	MANE Select
ENST00000582621.6	NM_001303618.2	CD226	MANE Select
ENST00000274680.9	NM_006567.5	FARS2	MANE Select
ENST00000216420.12	NM_006568.3	CGRRF1	MANE Select
ENST00000402394.6	NM_006569.6	CGREF1	MANE Select
ENST00000380527.3	NM_006570.5	RRAGA	MANE Select
ENST00000221114.8	NM_006571.4	DCTN6	MANE Select
ENST00000439174.7	NM_006572.6	GNA13	MANE Select
ENST00000375887.9	NM_006573.5	TNFSF13B	MANE Select
ENST00000264723.9	NM_006574.4	CSPG5	MANE Select
ENST00000549994.2	NM_006576.4	AVIL	MANE Select
ENST00000301998.5	NM_006577.6	B3GNT2	MANE Select
ENST00000261837.12	NM_016194.4	GNB5	MANE Select
ENST00000495186.6	NM_006579.3	EBP	MANE Select
ENST00000356433.10	NM_203486.3	DLL3	MANE Select
ENST00000264734.3	NM_006580.4	CLDN16	MANE Select
ENST00000522362.7	NM_007257.6	PNMA2	MANE Select
ENST00000302103.6	NM_006581.4	FUT9	MANE Select
ENST00000373816.6	NM_001319674.2	GMEB1	MANE Select
ENST00000317735.7	NM_006583.5	RRH	MANE Select
ENST00000314144.10	NM_006584.4	CCT6B	MANE Select
ENST00000286788.9	NM_006585.4	CCT8	MANE Select
ENST00000372836.5	NM_006586.5	CNPY3	MANE Select
ENST00000273857.9	NM_006587.4	CORIN	MANE Select
ENST00000361361.7	NM_006589.3	ENTREP3	MANE Select
ENST00000323701.11	NM_006590.4	USP39	MANE Select
ENST00000263681.7	NM_006591.3	POLD3	MANE Select
ENST00000623882.4	NM_021267.5	CERS1	MANE Select
ENST00000389554.8	NM_006593.4	TBR1	MANE Select
ENST00000369569.6	NM_001253852.3	AP4B1	MANE Select
ENST00000372141.7	NM_001010848.4	NRG3	MANE Select
ENST00000446444.2	NM_001073.3	UGT2B11	MANE Select
ENST00000264233.6	NM_199420.4	POLQ	MANE Select
ENST00000264930.10	NM_006598.3	SLC12A7	MANE Select
ENST00000361464.8	NM_012215.5	OGA	MANE Select
ENST00000349945.7	NM_138713.4	NFAT5	MANE Select
ENST00000321265.10	NM_006600.4	NUDC	MANE Select
ENST00000262033.11	NM_006601.7	PTGES3	MANE Select
ENST00000376016.8	NM_014263.4	YME1L1	MANE Select
ENST00000335351.8	NM_006602.4	TCFL5	MANE Select
ENST00000270861.10	NM_014264.5	PLK4	MANE Select
ENST00000615138.5	NM_001282717.2	STAG3	MANE Select
ENST00000371145.8	NM_001042750.2	STAG2	MANE Select
ENST00000303077.7	NM_016932.5	SIX2	MANE Select
ENST00000249007.4	NM_001098535.1	RFPL3	MANE Select
ENST00000652607.2	NM_001394555.1	RFPL2	MANE Select
ENST00000337227.9	NM_006606.3	RBBP9	MANE Select
ENST00000451717.6	NM_021785.6	RAI2	MANE Select
ENST00000353383.6	NM_030665.4	RAI1	MANE Select
ENST00000504686.2	NM_006607.3	PTTG2	MANE Select
ENST00000369604.6	NM_001323043.2	PHTF1	MANE Select
ENST00000682094.1	NM_001371910.2	MAP3K2	MANE Select
ENST00000400897.8	NM_006610.4	MASP2	MANE Select
ENST00000320785.10	NM_006612.6	KIF1C	MANE Select
ENST00000284154.10	NM_006613.4	GRAP	MANE Select
ENST00000256509.7	NM_006614.4	CHL1	MANE Select
ENST00000271971.7	NM_006615.3	CAPN9	MANE Select
ENST00000393033.9	NM_005716.4	GIPC1	MANE Select
ENST00000368761.11	NM_147686.4	TRAF3IP2	MANE Select
ENST00000359237.9	NM_021796.4	PLAC1	MANE Select
ENST00000347635.9	NM_007172.4	NUP50	MANE Select
ENST00000368223.4	NM_006617.2	NES	MANE Select
ENST00000367265.9	NM_006618.5	KDM5B	MANE Select
ENST00000327492.4	NM_016272.4	TOB2	MANE Select
ENST00000367837.10	NM_006620.4	HBS1L	MANE Select
ENST00000369799.10	NM_006621.7	AHCYL1	MANE Select
ENST00000274289.8	NM_006622.4	PLK2	MANE Select
ENST00000381604.9	NM_001370100.5	ZMYND11	MANE Select
ENST00000492112.3	NM_054016.4	SRSF10	MANE Select
ENST00000373659.4	NM_006626.6	ZBTB6	MANE Select
ENST00000585603.6	NM_006627.3	POP4	MANE Select
ENST00000249822.9	NM_006628.6	ARPP19	MANE Select
ENST00000684406.1	NM_001385562.1	ARPP21	MANE Select
ENST00000426739.7	NM_006630.3	ZNF234	MANE Select
ENST00000592904.7	NM_001370374.1	ZNF266	MANE Select
ENST00000617501.5	NM_133502.3	ZNF274	MANE Select
ENST00000320246.10	NM_014397.6	NEK6	MANE Select
ENST00000398208.3	NM_018669.6	WDR4	MANE Select
ENST00000397060.8	NM_001098486.2	SLC17A3	MANE Select
ENST00000361354.9	NM_013436.5	NCKAP1	MANE Select
ENST00000274364.11	NM_006633.5	IQGAP2	MANE Select
ENST00000306384.5	NM_006634.3	VAMP5	MANE Select
ENST00000476120.2	NM_021148.3	ZNF273	MANE Select
ENST00000360338.4	NM_006635.4	ZNF460	MANE Select
ENST00000536435.7	NM_003415.3	ZNF268	MANE Select
ENST00000394053.7	NM_006636.4	MTHFD2	MANE Select
ENST00000301532.3	NM_006637.1	OR5I1	MANE Select
ENST00000380051.7	NM_006638.4	RPP40	MANE Select
ENST00000373304.4	NM_006639.4	CYSLTR1	MANE Select
ENST00000329047.13	NM_006640.5	SEPTIN9	MANE Plus Clinical
ENST00000427177.6	NM_001113491.2	SEPTIN9	MANE Select
ENST00000398844.7	NM_021982.3	SEC24A	MANE Select
ENST00000357632.7	NM_031200.3	CCR9	MANE Select
ENST00000647029.1	NM_001110219.3	GJB6	MANE Select
ENST00000366541.8	NM_006642.5	SDCCAG8	MANE Select
ENST00000357365.8	NM_001039707.2	ENTR1	MANE Select
ENST00000320027.10	NM_006644.4	HSPH1	MANE Select
ENST00000334805.11	NM_006645.3	STARD10	MANE Select
ENST00000335327.6	NM_006646.6	WASF3	MANE Select
ENST00000683555.1	NM_001256067.2	NOXA1	MANE Select
ENST00000394422.8	NM_006649.4	UTP14A	MANE Select
ENST00000393745.8	NM_001008220.2	CPLX2	MANE Select
ENST00000304062.11	NM_006651.4	CPLX1	MANE Select
ENST00000217428.7	NM_006652.2	SPINT3	MANE Select
ENST00000373018.7	NM_006653.5	FRS3	MANE Select
ENST00000549921.6	NM_001278356.2	FRS2	MANE Select
ENST00000294064.9	NM_006656.6	NEU3	MANE Select
ENST00000326080.10	NM_032385.5	FAXDC2	MANE Select
ENST00000351797.9	NM_018691.4	FAM114A2	MANE Select
ENST00000650114.2	NM_001367757.1	ZNF275	MANE Select
ENST00000393434.7	NM_012190.4	ALDH1L1	MANE Select
ENST00000397746.8	NM_206965.2	FTCD	MANE Select
ENST00000342032.8	NM_006658.5	PPP1R17	MANE Select
ENST00000252936.8	NM_006659.4	TUBGCP2	MANE Select
ENST00000300107.7	NM_006660.5	CLPX	MANE Select
ENST00000539869.4	NM_001385079.1	PDE10A	MANE Select
ENST00000262518.9	NM_006662.3	SRCAP	MANE Select
ENST00000360957.10	NM_006663.4	PPP1R13L	MANE Select
ENST00000309424.8	NM_012099.3	POLR1G	MANE Select
ENST00000259631.5	NM_006664.4	CCL27	MANE Select
ENST00000311412.10	NM_001098540.3	HPSE	MANE Select
ENST00000595090.6	NM_006666.3	RUVBL2	MANE Select
ENST00000217971.8	NM_006667.5	PGRMC1	MANE Select
ENST00000261835.8	NM_006668.2	CYP46A1	MANE Select
ENST00000324602.12	NM_001081637.3	LILRB1	MANE Select
ENST00000398516.3	NM_022042.4	SLC26A1	MANE Select
ENST00000265769.9	NM_014265.6	ADAM28	MANE Select
ENST00000372585.10	NM_153320.2	SLC22A7	MANE Select
ENST00000357485.8	NM_212481.3	ARID5A	MANE Select
ENST00000011898.10	NM_006675.5	TSPAN9	MANE Select
ENST00000372429.8	NM_001110303.4	USP20	MANE Select
ENST00000417901.6	NM_001199161.2	USP19	MANE Select
ENST00000246551.9	NM_014266.4	HCST	MANE Select
ENST00000330793.2	NM_006678.5	CD300C	MANE Select
ENST00000543262.6	NM_001161586.3	ME3	MANE Select
ENST00000264218.7	NM_006681.4	NMU	MANE Select
ENST00000248598.6	NM_006682.3	FGL2	MANE Select
ENST00000326842.3	NM_006683.5	EDDM3A	MANE Select
ENST00000608469.6	NM_001201550.3	CFHR4	MANE Select
ENST00000367425.9	NM_021023.6	CFHR3	MANE Select
ENST00000304915.8	NM_006685.4	SMR3B	MANE Select
ENST00000374667.5	NM_006686.4	ACTL7B	MANE Select
ENST00000333999.5	NM_006687.4	ACTL7A	MANE Select
ENST00000253407.4	NM_006688.5	C1QL1	MANE Select
ENST00000507110.6	NM_016640.4	MRPS30	MANE Select
ENST00000349139.6	NM_006784.3	WDR3	MANE Select
ENST00000308744.12	NM_004885.3	NPFFR2	MANE Select
ENST00000303786.5	NM_138964.4	PROKR1	MANE Select
ENST00000243673.7	NM_016540.4	GPR83	MANE Select
ENST00000264710.5	NM_016131.5	RAB10	MANE Select
ENST00000264867.7	NM_013261.5	PPARGC1A	MANE Select
ENST00000649217.2	NM_006785.4	MALT1	MANE Select
ENST00000246186.8	NM_006690.4	MMP24	MANE Select
ENST00000256178.8	NM_006691.4	LYVE1	MANE Select
ENST00000376901.9	NM_020470.3	YIF1A	MANE Select
ENST00000292476.10	NM_006693.4	CPSF4	MANE Select
ENST00000271843.9	NM_006694.4	JTB	MANE Select
ENST00000426726.8	NM_001144825.2	RUNDC3A	MANE Select
ENST00000313250.10	NM_021004.4	DHRS4	MANE Select
ENST00000254900.10	NM_139199.2	BRD8	MANE Select
ENST00000439741.4	NM_001145862.2	MTMR11	MANE Select
ENST00000373537.7	NM_006698.4	BLCAP	MANE Select
ENST00000356554.7	NM_006699.5	MAN1A2	MANE Select
ENST00000412615.7	NM_006700.3	TRAFD1	MANE Select
ENST00000269601.10	NM_006701.5	TXNL4A	MANE Select
ENST00000600737.6	NM_001166114.2	PNPLA6	MANE Select
ENST00000310528.9	NM_006704.5	SUGT1	MANE Select
ENST00000361696.10	NM_006786.4	UTS2	MANE Select
ENST00000252506.11	NM_006705.4	GADD45G	MANE Select
ENST00000258443.7	NM_022336.4	EDAR	MANE Select
ENST00000216277.13	NM_032632.5	PAPOLA	MANE Select
ENST00000679501.2	NM_001382548.1	TCERG1	MANE Select
ENST00000375068.6	NM_177433.3	MAGED2	MANE Select
ENST00000342868.7	NM_197975.3	BTNL3	MANE Select
ENST00000375537.9	NM_006709.5	EHMT2	MANE Select
ENST00000354371.7	NM_006710.5	COPS8	MANE Select
ENST00000320225.10	NM_080594.4	RNPS1	MANE Select
ENST00000297532.11	NM_006712.5	FASTK	MANE Select
ENST00000265073.9	NM_006713.4	SUB1	MANE Select
ENST00000368440.5	NM_006714.5	SMPDL3A	MANE Select
ENST00000265728.6	NM_006716.4	DBF4	MANE Select
ENST00000375859.4	NM_006717.3	SPIN1	MANE Select
ENST00000383432.8	NM_006788.4	RALBP1	MANE Select
ENST00000587424.3	NM_032102.4	SRSF8	MANE Select
ENST00000244669.3	NM_006789.4	APOBEC2	MANE Select
ENST00000426013.7	NM_006791.4	MORF4L1	MANE Select
ENST00000298510.4	NM_006793.5	PRDX3	MANE Select
ENST00000394705.3	NM_006794.4	GPR75	MANE Select
ENST00000320631.8	NM_006795.4	EHD1	MANE Select
ENST00000269143.8	NM_006796.3	AFG3L2	MANE Select
ENST00000401707.7	NM_001145860.2	POP1	MANE Select
ENST00000286604.9	NM_001252275.3	UGT2A1	MANE Select
ENST00000005995.8	NM_006799.4	PRSS21	MANE Select
ENST00000312196.10	NM_078629.4	MSL3	MANE Select
ENST00000228136.9	NM_014267.6	C11orf58	MANE Select
ENST00000330720.7	NM_006801.3	KDELR1	MANE Select
ENST00000373019.5	NM_006802.4	SF3A3	MANE Select
ENST00000396926.8	NM_006803.4	AP3M2	MANE Select
ENST00000336308.10	NM_006804.4	STARD3	MANE Select
ENST00000314940.7	NM_006805.4	HNRNPA0	MANE Select
ENST00000348354.7	NM_006806.5	BTG3	MANE Select
ENST00000225603.9	NM_001127228.2	CBX1	MANE Select
ENST00000223641.5	NM_006808.3	SEC61B	MANE Select
ENST00000372813.4	NM_006809.5	TOMM34	MANE Select
ENST00000316218.12	NM_006810.4	PDIA5	MANE Select
ENST00000342374.5	NM_006811.4	SERINC3	MANE Select
ENST00000315970.12	NM_006812.4	OS9	MANE Select
ENST00000336032.4	NM_006813.3	PNRC1	MANE Select
ENST00000262225.8	NM_006815.4	TMED2	MANE Select
ENST00000303127.12	NM_006816.3	LMAN2	MANE Select
ENST00000261735.4	NM_006817.4	ERP29	MANE Select
ENST00000368921.5	NM_006818.4	MLLT11	MANE Select
ENST00000305218.9	NM_006819.3	STIP1	MANE Select
ENST00000370751.10	NM_006820.4	IFI44L	MANE Select
ENST00000238651.10	NM_006821.6	ACOT2	MANE Select
ENST00000571995.6	NM_006822.3	RAB40B	MANE Select
ENST00000236051.3	NM_006824.3	EBNA1BP2	MANE Select
ENST00000378026.5	NM_006825.4	CKAP4	MANE Select
ENST00000238081.8	NM_006826.4	YWHAQ	MANE Select
ENST00000303575.9	NM_006827.6	TMED10	MANE Select
ENST00000369162.7	NM_006828.4	ASCC3	MANE Select
ENST00000372013.8	NM_006829.3	ADIRF	MANE Select
ENST00000591899.8	NM_006830.4	UQCR11	MANE Select
ENST00000533682.2	NM_006831.3	CLP1	MANE Select
ENST00000341590.8	NM_006832.3	FERMT2	MANE Select
ENST00000303904.8	NM_006833.5	COPS6	MANE Select
ENST00000367495.4	NM_006834.5	RAB32	MANE Select
ENST00000300249.10	NM_014268.4	MAPRE2	MANE Select
ENST00000237654.9	NM_006835.3	CCNI	MANE Select
ENST00000597346.1	NR_002728.4	KCNQ1OT1	MANE Select
ENST00000300648.7	NM_006836.2	GCN1	MANE Select
ENST00000357849.9	NM_006837.3	COPS5	MANE Select
ENST00000323666.10	NM_006838.4	METAP2	MANE Select
ENST00000410111.8	NM_006839.3	IMMT	MANE Select
ENST00000449561.3	NM_001081442.3	LILRB5	MANE Select
ENST00000614032.5	NM_006841.6	SLC38A3	MANE Select
ENST00000322535.11	NM_006842.3	SF3B2	MANE Select
ENST00000257549.9	NM_006843.3	SDS	MANE Select
ENST00000263383.8	NM_006844.5	HACL2	MANE Select
ENST00000263093.7	NM_012254.3	SLC27A5	MANE Select
ENST00000300456.5	NM_005094.4	SLC27A4	MANE Select
ENST00000624995.4	NM_024330.4	SLC27A3	MANE Select
ENST00000267842.10	NM_003645.4	SLC27A2	MANE Select
ENST00000372224.9	NM_006845.4	KIF2C	MANE Select
ENST00000256084.8	NM_006846.4	SPINK5	MANE Select
ENST00000695418.1	NM_001278426.4	LILRB4	MANE Select
ENST00000312579.4	NM_006848.3	CCDC85B	MANE Select
ENST00000294984.7	NM_006850.3	IL24	MANE Select
ENST00000266659.8	NM_006851.3	GLIPR1	MANE Select
ENST00000346027.10	NM_006852.6	TLK2	MANE Select
ENST00000453757.8	NM_001136032.3	KLK11	MANE Select
ENST00000289373.5	NM_021992.3	TMSB15A	MANE Select
ENST00000258739.9	NM_006854.4	KDELR2	MANE Select
ENST00000216014.9	NM_006855.4	KDELR3	MANE Select
ENST00000420353.7	NM_006856.3	ATF7	MANE Select
ENST00000244227.8	NM_006857.3	SNRNP27	MANE Select
ENST00000214869.7	NM_006858.4	TMED1	MANE Select
ENST00000640888.2	NM_006859.4	LIAS	MANE Select
ENST00000433985.7	NM_001177701.3	IFT27	MANE Select
ENST00000229340.10	NM_006861.7	RAB35	MANE Select
ENST00000368824.8	NM_001083965.2	TDRKH	MANE Select
ENST00000369206.6	NM_001112704.2	VAX1	MANE Select
ENST00000251372.8	NM_006863.4	LILRA1	MANE Select
ENST00000445347.2	NM_006864.4	LILRB3	MANE Select
ENST00000620589.4	NM_006865.5	LILRA3	MANE Select
ENST00000391738.8	NM_001130917.3	LILRA2	MANE Select
ENST00000397323.9	NM_001008710.3	RBPMS	MANE Select
ENST00000578921.6	NM_006868.4	RAB31	MANE Select
ENST00000265846.10	NM_006869.4	ADAP1	MANE Select
ENST00000246069.12	NM_006870.4	DSTN	MANE Select
ENST00000216274.10	NM_006871.4	RIPK3	MANE Select
ENST00000403751.8	NM_006872.5	GTF2A1L	MANE Select
ENST00000404752.6	NM_006873.4	STON1	MANE Select
ENST00000376509.4	NM_006875.4	PIM2	MANE Select
ENST00000311181.5	NM_006876.3	B4GAT1	MANE Select
ENST00000262843.11	NM_012216.4	MID2	MANE Select
ENST00000230859.8	NM_006999.6	TENT4A	MANE Select
ENST00000222275.3	NM_007000.4	UPK1A	MANE Select
ENST00000253270.13	NM_007001.3	SLC35D2	MANE Select
ENST00000253003.7	NM_007002.4	ADRM1	MANE Select
ENST00000300291.10	NM_007006.3	NUDT21	MANE Select
ENST00000435070.7	NM_007007.3	CPSF6	MANE Select
ENST00000290291.10	NM_007346.4	OGFR	MANE Select
ENST00000046087.7	NM_007009.3	ZPBP	MANE Select
ENST00000617633.5	NM_007010.5	DDX52	MANE Select
ENST00000352732.10	NM_152924.5	ABHD2	MANE Select
ENST00000517970.6	NM_007013.4	WWP1	MANE Select
ENST00000359154.7	NM_001270454.2	WWP2	MANE Select
ENST00000377962.8	NM_007015.3	CNMD	MANE Select
ENST00000265720.8	NM_181581.3	DUS4L	MANE Select
ENST00000265007.11	NM_178424.2	SOX30	MANE Select
ENST00000373855.7	NM_007018.6	CNTRL	MANE Select
ENST00000356455.9	NM_007019.4	UBE2C	MANE Select
ENST00000526639.3	NM_022717.4	SNRNP35	MANE Select
ENST00000298295.4	NM_007021.4	DEPP1	MANE Select
ENST00000425346.6	NM_001291284.2	CYB561D2	MANE Select
ENST00000397081.8	NM_007023.4	RAPGEF4	MANE Select
ENST00000266025.4	NM_007024.5	TMEM115	MANE Select
ENST00000617516.5	NM_007026.4	DUSP14	MANE Select
ENST00000260810.10	NM_007027.4	TOPBP1	MANE Select
ENST00000376734.4	NM_007028.5	TRIM31	MANE Select
ENST00000220876.12	NM_007029.4	STMN2	MANE Select
ENST00000360578.7	NM_007030.3	TPPP	MANE Select
ENST00000291560.7	NM_007031.2	HSF2BP	MANE Select
ENST00000644935.1	NM_001039141.3	TRIOBP	MANE Select
ENST00000605895.6	NM_007033.5	RER1	MANE Select
ENST00000370763.6	NM_007034.5	DNAJB4	MANE Select
ENST00000266719.4	NM_007035.4	KERA	MANE Select
ENST00000381405.5	NM_007036.5	ESM1	MANE Select
ENST00000395343.6	NM_001193369.2	DIDO1	MANE Select
ENST00000369400.2	NM_021794.4	ADAM30	MANE Select
ENST00000359240.7	NM_014269.4	ADAM29	MANE Select
ENST00000358625.4	NM_017588.3	WDR5	MANE Select
ENST00000356311.10	NM_001316897.2	SPACA9	MANE Select
ENST00000355699.7	NM_139027.6	ADAMTS13	MANE Select
ENST00000316948.9	NM_017586.5	CACFD1	MANE Select
ENST00000257359.7	NM_007037.6	ADAMTS8	MANE Select
ENST00000284987.6	NM_007038.5	ADAMTS5	MANE Select
ENST00000258742.10	NM_007342.3	NUP42	MANE Select
ENST00000280258.6	NM_007173.6	PRSS23	MANE Select
ENST00000556564.6	NM_007039.4	PTPN21	MANE Select
ENST00000392006.8	NM_007040.6	HNRNPUL1	MANE Select
ENST00000224652.12	NM_001001976.3	ATE1	MANE Select
ENST00000295959.10	NM_007042.6	RPP14	MANE Select
ENST00000229214.9	NM_007043.7	KRR1	MANE Select
ENST00000367411.7	NM_007044.4	KATNA1	MANE Select
ENST00000449207.8	NM_001098173.2	PRDM7	MANE Select
ENST00000264808.8	NM_018699.4	PRDM5	MANE Select
ENST00000228437.10	NM_012406.4	PRDM4	MANE Select
ENST00000265395.7	NM_152740.4	HIBADH	MANE Select
ENST00000392521.7	NM_001206999.2	CIT	MANE Select
ENST00000366847.9	NM_007045.4	CEP43	MANE Select
ENST00000380320.9	NM_007046.4	EMILIN1	MANE Select
ENST00000377708.7	NM_007047.5	BTN3A2	MANE Select
ENST00000289361.11	NM_007048.6	BTN3A1	MANE Select
ENST00000312541.10	NM_007049.5	BTN2A1	MANE Select
ENST00000373187.6	NM_007050.6	PTPRT	MANE Select
ENST00000374395.9	NM_013441.4	RCAN3	MANE Select
ENST00000396153.7	NM_007051.3	FAF1	MANE Select
ENST00000369288.7	NM_007053.4	CD160	MANE Select
ENST00000403231.6	NM_001300791.2	KIF3A	MANE Select
ENST00000372371.8	NM_007055.4	POLR3A	MANE Select
ENST00000221455.8	NM_007056.3	CLASRP	MANE Select
ENST00000373944.8	NM_007057.4	ZWINT	MANE Select
ENST00000398776.2	NM_007058.4	CAPN11	MANE Select
ENST00000391984.7	NM_023083.4	CAPN10	MANE Select
ENST00000338134.8	NM_007059.4	KPTN	MANE Select
ENST00000249014.5	NM_152243.3	CDC42EP1	MANE Select
ENST00000023064.9	NM_014270.5	SLC7A9	MANE Select
ENST00000412830.8	NM_007062.3	PWP1	MANE Select
ENST00000409318.2	NM_001330348.2	TBC1D8	MANE Select
ENST00000222005.7	NM_007065.4	CDC37	MANE Select
ENST00000378993.6	NM_014271.4	IL1RAPL1	MANE Select
ENST00000372886.6	NM_001281445.2	PKIG	MANE Select
ENST00000259021.9	NM_007067.5	KAT7	MANE Select
ENST00000216024.7	NM_007068.4	DMC1	MANE Select
ENST00000415826.3	NM_001128203.2	PLAAT3	MANE Select
ENST00000370360.8	NM_053274.3	GLMN	MANE Select
ENST00000467761.6	NM_001282556.2	HHLA2	MANE Select
ENST00000314641.10	NM_001199563.2	POPDC1	MANE Select
ENST00000219150.10	NM_007074.4	CORO1A	MANE Select
ENST00000376372.9	NM_001029896.2	WDR45	MANE Select
ENST00000552695.6	NM_007076.3	FICD	MANE Select
ENST00000542754.7	NM_001128126.3	AP4S1	MANE Select
ENST00000263066.11	NM_001368067.1	LDB3	MANE Plus Clinical
ENST00000361373.9	NM_007078.3	LDB3	MANE Select
ENST00000521578.6	NM_032611.3	PTP4A3	MANE Select
ENST00000296581.11	NM_007080.3	LSM6	MANE Select
ENST00000691320.1	NM_001130919.3	RABL2B	MANE Select
ENST00000683472.1	NM_001306158.2	RABL2A	MANE Select
ENST00000519638.3	NM_007175.8	ERLIN2	MANE Select
ENST00000256319.7	NM_007176.4	ERG28	MANE Select
ENST00000304430.10	NM_007083.5	NUDT6	MANE Select
ENST00000415493.7	NM_019094.6	NUDT4	MANE Select
ENST00000491614.6	NM_014142.4	NUDT5	MANE Select
ENST00000607016.2	NM_006703.4	NUDT3	MANE Select
ENST00000376945.4	NM_007084.4	SOX21	MANE Select
ENST00000295633.8	NM_007085.5	FSTL1	MANE Select
ENST00000380733.9	NM_033222.5	PSIP1	MANE Select
ENST00000360586.8	NM_007086.4	WDHD1	MANE Select
ENST00000360997.7	NM_001076778.3	FAM107A	MANE Select
ENST00000419869.7	NM_007178.4	STRAP	MANE Select
ENST00000381641.4	NM_007179.3	INSL6	MANE Select
ENST00000388820.5	NM_014272.5	ADAMTS7	MANE Select
ENST00000381055.8	NM_197941.4	ADAMTS6	MANE Select
ENST00000549884.6	NM_001300905.2	BAZ2A	MANE Select
ENST00000360310.6	NM_013448.3	BAZ1A	MANE Select
ENST00000381569.5	NM_021020.5	LZTS1	MANE Select
ENST00000361822.8	NM_021994.3	ZNF277	MANE Select
ENST00000608424.6	NM_018031.6	WDR6	MANE Select
ENST00000264029.9	NM_007180.3	TREH	MANE Select
ENST00000371899.9	NM_017585.4	SLC2A6	MANE Select
ENST00000682126.1	NM_006575.6	MAP4K5	MANE Select
ENST00000396857.7	NM_001042600.3	MAP4K1	MANE Select
ENST00000013222.5	NM_006774.5	INMT	MANE Select
ENST00000359365.9	NM_007182.5	RASSF1	MANE Select
ENST00000331563.7	NM_007183.4	PKP3	MANE Select
ENST00000345716.9	NM_007184.4	NISCH	MANE Select
ENST00000290583.9	NM_007185.7	CELF3	MANE Select
ENST00000397527.6	NM_007186.6	CEP250	MANE Select
ENST00000379487.5	NM_007187.5	WBP4	MANE Select
ENST00000358849.9	NM_007188.5	ABCB8	MANE Select
ENST00000369075.8	NM_007190.4	SEC23IP	MANE Select
ENST00000286574.9	NM_007191.5	WIF1	MANE Select
ENST00000216297.7	NM_007192.4	SUPT16H	MANE Select
ENST00000359299.8	NM_007193.5	ANXA10	MANE Select
ENST00000404276.6	NM_007194.4	CHEK2	MANE Select
ENST00000579534.6	NM_007195.3	POLI	MANE Select
ENST00000695909.1	NM_007196.4	KLK8	MANE Select
ENST00000229030.5	NM_007197.4	FZD10	MANE Select
ENST00000328195.8	NM_007198.4	PLPBP	MANE Select
ENST00000261233.9	NM_007199.3	IRAK3	MANE Select
ENST00000394518.7	NM_007200.5	AKAP13	MANE Select
ENST00000025301.4	NM_016248.4	AKAP11	MANE Select
ENST00000225737.11	NM_007202.4	AKAP10	MANE Select
ENST00000369702.5	NM_007204.5	DDX20	MANE Select
ENST00000370231.3	NM_080701.4	TREX2	MANE Select
ENST00000366899.4	NM_007207.6	DUSP10	MANE Select
ENST00000264995.8	NM_007208.4	MRPL3	MANE Select
ENST00000348462.6	NM_007209.4	RPL35	MANE Select
ENST00000356317.8	NM_007210.4	GALNT6	MANE Select
ENST00000259056.5	NM_014568.3	GALNT5	MANE Select
ENST00000689635.1	NM_001394098.1	RASSF8	MANE Select
ENST00000553851.3	NM_007213.3	PRAF2	MANE Select
ENST00000369002.9	NM_007214.5	SEC63	MANE Select
ENST00000539111.7	NM_007215.4	POLG2	MANE Select
ENST00000349215.8	NM_181507.2	HPS5	MANE Select
ENST00000392750.7	NM_007217.4	PDCD10	MANE Select
ENST00000303545.4	NM_007218.4	RNF139	MANE Select
ENST00000358395.11	NM_001134337.3	RNF24	MANE Select
ENST00000318636.8	NM_007220.4	CA5B	MANE Select
ENST00000375486.9	NM_007365.3	PADI2	MANE Select
ENST00000368277.3	NM_007221.4	PMF1	MANE Select
ENST00000395571.8	NM_007222.5	ZHX1	MANE Select
ENST00000561100.2	NM_007223.3	GPR176	MANE Select
ENST00000349394.6	NM_007224.4	NXPH4	MANE Select
ENST00000328741.6	NM_007225.4	NXPH3	MANE Select
ENST00000272641.4	NM_007226.3	NXPH2	MANE Select
ENST00000258456.3	NM_007227.3	GPR45	MANE Select
ENST00000332539.5	NM_004778.3	PTGDR2	MANE Select
ENST00000263246.8	NM_001184970.3	PACSIN2	MANE Select
ENST00000371589.9	NM_016219.5	MAN1B1	MANE Select
ENST00000598581.3	NM_007231.5	SLC6A14	MANE Select
ENST00000340177.10	NM_007232.3	HRH3	MANE Select
ENST00000259632.12	NM_007234.5	DCTN3	MANE Select
ENST00000477258.2	NM_001387850.1	FILIP1L	MANE Select
ENST00000332707.10	NM_007235.6	XPOT	MANE Select
ENST00000334660.10	NM_007236.5	CHP1	MANE Select
ENST00000392045.8	NM_007237.5	SP140	MANE Select
ENST00000409299.8	NM_007238.5	PXMP4	MANE Select
ENST00000367943.5	NM_007240.3	DUSP12	MANE Select
ENST00000502492.6	NM_007241.4	SNF8	MANE Select
ENST00000288071.11	NM_007242.7	DDX19B	MANE Select
ENST00000376421.7	NM_001384369.1	NRM	MANE Select
ENST00000228811.8	NM_007244.3	PRR4	MANE Select
ENST00000336783.9	NM_007245.4	ATXN2L	MANE Select
ENST00000215794.8	NM_017414.4	USP18	MANE Select
ENST00000226725.11	NM_007246.4	KLHL2	MANE Select
ENST00000612223.5	NM_007247.6	SYNRG	MANE Select
ENST00000625293.3	NM_033629.6	TREX1	MANE Select
ENST00000703967.1	NM_001400136.1	KLF12	MANE Select
ENST00000468660.6	NM_007250.5	KLF8	MANE Select
ENST00000302328.9	NM_001349253.2	SCN11A	MANE Select
ENST00000518318.7	NM_001370959.1	POU6F2	MANE Select
ENST00000292591.12	NM_014275.5	MGAT4B	MANE Select
ENST00000612078.5	NM_007253.4	CYP4F8	MANE Select
ENST00000322344.8	NM_007254.4	PNKP	MANE Select
ENST00000029410.10	NM_007255.3	B4GALT7	MANE Select
ENST00000289575.10	NM_007256.5	SLCO2B1	MANE Select
ENST00000644510.2	NM_007259.5	VPS45	MANE Select
ENST00000374514.8	NM_007260.3	LYPLA2	MANE Select
ENST00000360141.8	NM_007261.4	CD300A	MANE Select
ENST00000338639.10	NM_007262.5	PARK7	MANE Select
ENST00000262812.9	NM_007263.4	COPE	MANE Select
ENST00000343694.8	NM_014276.4	RBPJL	MANE Select
ENST00000300098.3	NM_007264.4	ACKR5	MANE Select
ENST00000372979.9	NM_007265.3	ECD	MANE Select
ENST00000393487.6	NM_012214.3	MGAT4A	MANE Select
ENST00000610189.2	NM_007266.4	GPN1	MANE Select
ENST00000590602.6	NM_001127198.5	TMC6	MANE Select
ENST00000389924.7	NM_203499.3	DDX42	MANE Select
ENST00000374737.9	NM_007268.3	VSIG4	MANE Select
ENST00000242209.9	NM_007270.5	FKBP9	MANE Select
ENST00000229812.8	NM_007271.4	STK38	MANE Select
ENST00000375949.5	NM_007272.3	CTRC	MANE Select
ENST00000535923.6	NM_001144831.2	PHB2	MANE Select
ENST00000361521.9	NM_007274.4	ACOT7	MANE Select
ENST00000350498.8	NM_014891.7	PDAP1	MANE Select
ENST00000232496.5	NM_007275.3	TUSC2	MANE Select
ENST00000396386.7	NM_016587.4	CBX3	MANE Select
ENST00000512944.6	NM_007277.5	EXOC3	MANE Select
ENST00000302386.10	NM_007278.2	GABARAP	MANE Select
ENST00000308924.9	NM_007279.3	U2AF2	MANE Select
ENST00000220514.8	NM_007280.2	OIP5	MANE Select
ENST00000389704.4	NM_181503.3	EXOSC8	MANE Select
ENST00000296506.8	NM_007281.4	SCRG1	MANE Select
ENST00000392894.8	NM_183381.3	RNF13	MANE Select
ENST00000265052.10	NM_007283.7	MGLL	MANE Select
ENST00000305533.10	NM_007284.4	TWF2	MANE Select
ENST00000037243.7	NM_007285.7	GABARAPL2	MANE Select
ENST00000307662.5	NM_007286.6	SYNPO	MANE Select
ENST00000264645.12	NM_007359.5	CASC3	MANE Select
ENST00000216286.10	NM_007361.4	NID2	MANE Select
ENST00000366669.9	NM_007357.3	COG2	MANE Select
ENST00000265440.12	NM_012252.4	TFEC	MANE Select
ENST00000388781.8	NM_007356.3	LAMB4	MANE Select
ENST00000256196.9	NM_012250.6	RRAS2	MANE Select
ENST00000315757.9	NM_001004439.2	ITGA11	MANE Select
ENST00000370563.3	NM_012128.4	CLCA4	MANE Select
ENST00000377191.5	NM_012255.5	XRN2	MANE Select
ENST00000346872.8	NM_012481.5	IKZF3	MANE Select
ENST00000434687.6	NM_001387220.1	IKZF2	MANE Select
ENST00000423968.7	NM_001085049.3	MRAS	MANE Select
ENST00000423777.7	NM_001193646.2	ATF5	MANE Select
ENST00000262061.7	NM_016057.3	COPZ1	MANE Select
ENST00000314797.10	NM_016128.4	COPG1	MANE Select
ENST00000334062.8	NM_007368.4	RASA3	MANE Select
ENST00000266671.10	NM_007350.3	PHLDA1	MANE Select
ENST00000370298.9	NM_007358.4	MTF2	MANE Select
ENST00000296464.9	NM_014278.4	HSPA4L	MANE Select
ENST00000263697.6	NM_014280.3	DNAJC8	MANE Select
ENST00000526683.6	NM_078480.3	PUF60	MANE Select
ENST00000367178.8	NM_014892.5	SCAF8	MANE Select
ENST00000684976.1	NM_001365588.1	NLGN4Y	MANE Select
ENST00000403245.8	NM_014895.4	CEP162	MANE Select
ENST00000430262.3	NM_001145365.3	ZNF652	MANE Select
ENST00000684514.1	NM_001320669.3	ZFP30	MANE Select
ENST00000379982.8	NM_014899.4	RHOBTB3	MANE Select
ENST00000652658.2	NM_001365672.2	COBLL1	MANE Select
ENST00000274811.9	NM_014901.5	RNF44	MANE Select
ENST00000339266.10	NM_001365621.2	DLGAP4	MANE Select
ENST00000355624.8	NM_014904.3	RAB11FIP2	MANE Select
ENST00000308249.4	NM_014906.5	PPM1E	MANE Select
ENST00000377765.8	NM_014907.3	FRMPD1	MANE Select
ENST00000372586.4	NM_014908.4	DOLK	MANE Select
ENST00000167106.9	NM_014909.5	VASH1	MANE Select
ENST00000355898.6	NM_001136156.2	ZNF507	MANE Select
ENST00000409085.9	NM_014911.5	AAK1	MANE Select
ENST00000265997.5	NM_014912.5	CPEB3	MANE Select
ENST00000262198.9	NM_014913.4	ADNP2	MANE Select
ENST00000376087.5	NM_014915.3	ANKRD26	MANE Select
ENST00000297293.6	NM_014916.4	LMTK2	MANE Select
ENST00000370068.6	NM_001113226.3	NTNG1	MANE Select
ENST00000254190.4	NM_014918.5	CHSY1	MANE Select
ENST00000676107.1	NM_014920.5	CILK1	MANE Select
ENST00000361434.8	NM_014921.5	ADGRL1	MANE Select
ENST00000572272.6	NM_033004.4	NLRP1	MANE Select
ENST00000492622.6	NM_001079673.2	FNDC3A	MANE Select
ENST00000247178.6	NM_014924.5	ATG14	MANE Select
ENST00000402412.6	NM_001394031.1	R3HDM2	MANE Select
ENST00000475390.2	NM_001318810.2	SLITRK3	MANE Select
ENST00000379510.5	NM_014927.5	CNKSR2	MANE Select
ENST00000402774.8	NM_001136193.2	FASTKD2	MANE Select
ENST00000223428.9	NM_014930.3	ZNF510	MANE Select
ENST00000412770.7	NM_014931.4	PPP6R1	MANE Select
ENST00000695368.1	NM_001365925.2	NLGN1	MANE Select
ENST00000395310.7	NM_001077207.4	SEC31A	MANE Select
ENST00000376829.7	NM_198968.4	DZIP1	MANE Select
ENST00000272203.8	NM_014935.5	PLEKHA6	MANE Select
ENST00000321037.5	NM_014936.5	ENPP4	MANE Select
ENST00000650623.2	NM_014937.4	INPP5F	MANE Select
ENST00000319080.12	NM_014938.6	MLXIP	MANE Select
ENST00000283351.10	NM_014939.5	TRAPPC8	MANE Select
ENST00000248248.8	NM_014940.4	MON1B	MANE Select
ENST00000397641.8	NM_001303256.3	MORC2	MANE Select
ENST00000339746.9	NM_001242809.2	ANKRD6	MANE Select
ENST00000314393.6	NM_014943.5	ZHX2	MANE Select
ENST00000377298.9	NM_001009566.3	CLSTN1	MANE Select
ENST00000263150.9	NM_014023.4	WDR37	MANE Select
ENST00000309868.12	NM_014945.5	ABLIM3	MANE Select
ENST00000361346.6	NM_014947.5	FOXJ3	MANE Select
ENST00000217173.7	NM_014948.4	UBOX5	MANE Select
ENST00000368321.8	NM_014949.4	KHDC4	MANE Select
ENST00000683701.1	NM_001123329.2	ZBTB1	MANE Select
ENST00000395254.8	NM_014951.3	ZNF365	MANE Select
ENST00000416165.6	NM_014952.5	BAHD1	MANE Select
ENST00000377767.9	NM_014953.5	DIS3	MANE Select
ENST00000389385.9	NM_001143854.2	RPH3A	MANE Select
ENST00000278935.8	NM_014956.5	CEP164	MANE Select
ENST00000519811.6	NM_001352890.3	DENND3	MANE Select
ENST00000361926.8	NM_173728.4	ARHGEF15	MANE Select
ENST00000651546.1	NM_001184900.3	CARD8	MANE Select
ENST00000621439.5	NM_001267727.2	ARSG	MANE Select
ENST00000381006.8	NM_001037442.4	RUFY3	MANE Select
ENST00000378226.7	NM_014962.4	BTBD3	MANE Select
ENST00000361757.8	NM_014963.3	SBNO2	MANE Select
ENST00000314728.10	NM_014964.5	EPN2	MANE Select
ENST00000327628.10	NM_001042646.3	TRAK1	MANE Select
ENST00000445061.6	NM_138615.3	DHX30	MANE Select
ENST00000389061.10	NM_014016.5	SACM1L	MANE Select
ENST00000362065.9	NM_014967.5	FAN1	MANE Select
ENST00000369962.8	NM_001142551.2	WDR47	MANE Select
ENST00000246194.8	NM_016732.3	RALY	MANE Select
ENST00000240618.11	NM_007360.4	KLRK1	MANE Select
ENST00000264790.7	NM_007351.3	MMRN1	MANE Select
ENST00000321256.10	NM_007362.5	NCBP2	MANE Select
ENST00000278853.10	NM_207341.4	ZP1	MANE Select
ENST00000246006.5	NM_012072.4	CD93	MANE Select
ENST00000375571.6	NM_012325.3	MAPRE1	MANE Select
ENST00000361580.7	NM_014970.4	KIFAP3	MANE Select
ENST00000376510.8	NM_012228.4	MSRB2	MANE Select
ENST00000233121.7	NM_012326.4	MAPRE3	MANE Select
ENST00000283243.13	NM_007366.5	PLA2R1	MANE Select
ENST00000367942.4	NM_007348.4	ATF6	MANE Select
ENST00000375249.5	NM_014282.4	HABP4	MANE Select
ENST00000478753.5	NM_012248.4	SEPHS2	MANE Select
ENST00000327347.10	NM_012247.5	SEPHS1	MANE Select
ENST00000264158.13	NM_012233.3	RAB3GAP1	MANE Select
ENST00000356940.11	NM_021252.5	RAB18	MANE Select
ENST00000310842.9	NM_012230.5	POMZP3	MANE Select
ENST00000249396.12	NM_012237.4	SIRT2	MANE Select
ENST00000283646.5	NM_144563.3	RPIA	MANE Select
ENST00000237853.9	NM_012081.6	ELL2	MANE Select
ENST00000265565.10	NM_012235.4	SCAP	MANE Select
ENST00000261531.12	NM_012245.3	SNW1	MANE Select
ENST00000601538.6	NM_012309.5	SHANK2	MANE Select
ENST00000373970.4	NM_012242.4	DKK1	MANE Select
ENST00000379562.9	NM_012311.4	KIN	MANE Select
ENST00000280326.9	NM_012073.5	CCT5	MANE Select
ENST00000407693.7	NM_001146108.2	PTGR1	MANE Select
ENST00000326019.11	NM_018158.3	SLC4A1AP	MANE Select
ENST00000643471.2	NM_170682.4	P2RX2	MANE Select
ENST00000450136.2	NM_012210.4	TRIM32	MANE Select
ENST00000695335.1	NM_001394311.1	SCMH1	MANE Select
ENST00000300403.11	NM_012112.5	TPX2	MANE Select
ENST00000404141.6	NM_007349.4	PAXIP1	MANE Select
ENST00000361640.5	NM_012067.3	AKR7A3	MANE Select
ENST00000404739.8	NM_001351169.2	NT5C2	MANE Select
ENST00000403714.8	NM_014971.2	EFR3B	MANE Select
ENST00000263346.13	NM_014972.3	TCF25	MANE Select
ENST00000278886.11	NM_025176.6	NINL	MANE Select
ENST00000280886.12	NM_014974.3	DIP2C	MANE Select
ENST00000251472.9	NM_014975.3	MAST1	MANE Select
ENST00000369797.8	NM_014976.2	PDCD11	MANE Select
ENST00000605057.6	NM_001386863.1	ACIN1	MANE Select
ENST00000369701.8	NM_014978.3	SORCS3	MANE Select
ENST00000502798.7	NM_014979.4	SV2C	MANE Select
ENST00000693548.1	NM_014981.3	MYH15	MANE Select
ENST00000304743.7	NM_014982.3	PCNX1	MANE Select
ENST00000529006.7	NM_012308.3	KDM2A	MANE Select
ENST00000502717.6	NM_014983.3	HMGXB3	MANE Select
ENST00000450824.7	NM_014984.4	CEP131	MANE Select
ENST00000380950.7	NM_001194998.2	CEP152	MANE Select
ENST00000680483.1	NM_001297663.2	TTC39A	MANE Select
ENST00000533871.8	NM_001277285.4	IGSF9B	MANE Select
ENST00000503057.6	NM_001330672.2	LIMCH1	MANE Select
ENST00000521978.6	NM_014989.7	RIMS1	MANE Select
ENST00000295888.9	NM_014991.6	WDFY3	MANE Select
ENST00000360909.8	NM_001270520.2	DAAM1	MANE Select
ENST00000457542.7	NM_014994.3	MAPKBP1	MANE Select
ENST00000460012.7	NM_014996.4	PLCH1	MANE Select
ENST00000335420.10	NM_014997.4	KLHDC10	MANE Select
ENST00000261263.5	NM_014999.4	RAB21	MANE Select
ENST00000389032.8	NM_015000.4	STK38L	MANE Select
ENST00000375759.8	NM_015001.3	SPEN	MANE Select
ENST00000622495.5	NM_015002.3	FBXO21	MANE Select
ENST00000359187.5	NM_181077.5	GOLGA8A	MANE Select
ENST00000265564.8	NM_015004.4	EXOSC7	MANE Select
ENST00000320634.8	NM_012306.4	FAIM2	MANE Select
ENST00000317147.10	NM_016284.5	CNOT1	MANE Select
ENST00000323853.10	NM_014014.5	SNRNP200	MANE Select
ENST00000505667.6	NM_001166108.2	PALLD	MANE Select
ENST00000393238.8	NM_001017395.5	TMCC1	MANE Select
ENST00000263666.9	NM_015009.3	PDZRN3	MANE Select
ENST00000519716.7	NM_001080421.3	UNC13A	MANE Select
ENST00000457511.7	NM_001198950.3	MYO16	MANE Select
ENST00000400181.9	NM_001009999.3	KDM1A	MANE Select
ENST00000408888.8	NM_015014.4	RBM34	MANE Select
ENST00000159111.9	NM_015015.3	KDM4B	MANE Select
ENST00000687212.1	NM_001393504.1	MAST3	MANE Select
ENST00000370794.7	NM_201624.3	USP33	MANE Select
ENST00000349129.7	NM_015018.4	DOP1A	MANE Select
ENST00000554335.6	NM_015589.6	SAMD4A	MANE Select
ENST00000568954.5	NM_015020.3	PHLPP2	MANE Select
ENST00000369577.8	NM_015021.3	ZNF292	MANE Select
ENST00000438447.2	NM_178140.4	PDZD2	MANE Select
ENST00000319394.8	NM_001276252.2	WDTC1	MANE Select
ENST00000252512.14	NM_015024.5	XPO7	MANE Select
ENST00000647738.2	NM_001303052.2	MYT1L	MANE Select
ENST00000393630.8	NM_015026.3	MON2	MANE Select
ENST00000396410.9	NM_015027.4	PDXDC1	MANE Select
ENST00000436636.7	NM_015028.4	TNIK	MANE Select
ENST00000461742.7	NM_001252102.2	KIF21B	MANE Select
ENST00000315596.15	NM_015032.4	PDS5B	MANE Select
ENST00000446176.7	NM_015033.3	FNBP1	MANE Select
ENST00000446231.7	NM_015092.5	SMG1	MANE Select
ENST00000683867.1	NM_001384317.1	ZHX3	MANE Select
ENST00000278505.5	NM_015036.3	ENDOD1	MANE Select
ENST00000604729.6	NM_001367799.1	ZSWIM8	MANE Select
ENST00000359003.7	NM_014071.5	NCOA6	MANE Select
ENST00000287713.7	NM_015039.4	NMNAT2	MANE Select
ENST00000576634.6	NM_015041.3	CLUAP1	MANE Select
ENST00000326648.5	NM_015042.2	ZNF609	MANE Select
ENST00000355235.8	NM_015043.4	TBC1D9B	MANE Select
ENST00000309859.8	NM_015044.4	GGA2	MANE Select
ENST00000298767.10	NM_015045.5	WAPL	MANE Select
ENST00000224140.6	NM_015046.7	SETX	MANE Select
ENST00000477853.6	NM_015047.3	EMC1	MANE Select
ENST00000456430.6	NM_001162499.2	CAND2	MANE Select
ENST00000604567.6	NM_001353345.2	SETD1B	MANE Select
ENST00000373451.9	NM_015050.3	CMTR1	MANE Select
ENST00000262455.7	NM_015051.3	ERP44	MANE Select
ENST00000395891.7	NM_015052.5	HECW1	MANE Select
ENST00000279907.12	NM_015054.2	BLTP3B	MANE Select
ENST00000318950.11	NM_015055.4	SWAP70	MANE Select
ENST00000340648.6	NM_015056.3	RRP1B	MANE Select
ENST00000544440.7	NM_015057.5	MYCBP2	MANE Select
ENST00000379310.8	NM_015058.2	VWA8	MANE Select
ENST00000318709.9	NM_015060.3	AVL9	MANE Select
ENST00000381309.8	NM_015061.6	KDM4C	MANE Select
ENST00000278070.7	NM_015062.5	PPRC1	MANE Select
ENST00000360905.9	NM_178040.4	ERC1	MANE Select
ENST00000265843.9	NM_015065.3	EXPH5	MANE Select
ENST00000305364.9	NM_171982.5	TRIM35	MANE Select
ENST00000563137.7	NM_001379286.1	ZNF423	MANE Select
ENST00000679008.1	NM_001330564.2	ZC3H13	MANE Select
ENST00000645722.2	NM_001135608.3	ARHGAP26	MANE Select
ENST00000298832.14	NM_015072.5	TTLL5	MANE Select
ENST00000222345.11	NM_015073.3	SIPA1L3	MANE Select
ENST00000676179.1	NM_001365951.3	KIF1B	MANE Select
ENST00000639161.2	NM_001243197.2	IQSEC2	MANE Plus Clinical
ENST00000642864.1	NM_001111125.3	IQSEC2	MANE Select
ENST00000368911.8	NM_015076.5	CDK19	MANE Select
ENST00000585482.6	NM_015077.4	SARM1	MANE Select
ENST00000373464.5	NM_014007.4	ZBTB43	MANE Select
ENST00000328913.8	NM_015078.4	MCF2L2	MANE Select
ENST00000300584.8	NM_144572.2	TBC1D2B	MANE Select
ENST00000265342.12	NM_015082.2	FSTL4	MANE Select
ENST00000261413.10	NM_015084.3	MRPS27	MANE Select
ENST00000254695.13	NM_015085.5	RAP1GAP2	MANE Select
ENST00000421952.3	NM_015086.2	DDN	MANE Select
ENST00000438666.7	NM_015087.5	SPART	MANE Select
ENST00000454349.7	NM_001162501.2	TNRC6B	MANE Select
ENST00000252050.9	NM_015089.4	CUL9	MANE Select
ENST00000339876.11	NM_001005388.3	NFASC	MANE Select
ENST00000539706.6	NM_001160331.2	NFASC	MANE Plus Clinical
ENST00000361462.7	NM_001308120.2	TOGARAM1	MANE Select
ENST00000637181.2	NM_001292034.3	TAB2	MANE Select
ENST00000407464.7	NM_015094.3	HIC2	MANE Select
ENST00000327245.10	NM_025153.3	ATP10B	MANE Select
ENST00000682230.1	NM_001365631.1	CLASP2	MANE Select
ENST00000348066.8	NM_015099.4	CAMTA2	MANE Select
ENST00000271715.7	NM_015100.4	POGZ	MANE Select
ENST00000361927.9	NM_015101.4	COLGALT2	MANE Select
ENST00000324093.9	NM_015103.3	PLXND1	MANE Select
ENST00000377264.8	NM_015104.3	ATG2A	MANE Select
ENST00000591680.6	NM_001002909.4	GPATCH8	MANE Select
ENST00000684192.1	NM_015106.4	RAD54L2	MANE Select
ENST00000338154.11	NM_015107.3	PHF8	MANE Select
ENST00000448097.7	NM_001348716.2	KDM6B	MANE Select
ENST00000341928.7	NM_012307.5	EPB41L3	MANE Select
ENST00000361138.7	NM_015110.4	SMC5	MANE Select
ENST00000274605.6	NM_015111.2	N4BP3	MANE Select
ENST00000361297.7	NM_015112.3	MAST2	MANE Select
ENST00000381638.7	NM_015113.4	ZZEF1	MANE Select
ENST00000357997.10	NM_015114.3	ANKLE2	MANE Select
ENST00000334635.10	NM_001040402.3	DCUN1D4	MANE Select
ENST00000389797.8	NM_001164211.2	LRCH1	MANE Select
ENST00000262577.6	NM_015117.3	ZC3H3	MANE Select
ENST00000490531.3	NM_001146334.2	NACAD	MANE Select
ENST00000596536.6	NM_015122.3	FCHO1	MANE Select
ENST00000398540.8	NM_015123.3	FRMD4B	MANE Select
ENST00000406902.6	NM_015124.5	GRAMD4	MANE Select
ENST00000681038.1	NM_001386298.1	CIC	MANE Select
ENST00000373243.7	NM_014284.3	NCDN	MANE Select
ENST00000369969.7	NM_001377458.1	CLCC1	MANE Select
ENST00000394610.7	NM_145799.4	SEPTIN6	MANE Select
ENST00000442267.3	NM_015130.3	TBC1D9	MANE Select
ENST00000407426.8	NM_015131.3	WDR43	MANE Select
ENST00000428135.7	NM_015132.5	SNX13	MANE Select
ENST00000610761.2	NM_001318852.2	MAPK8IP3	MANE Select
ENST00000537686.6	NM_138619.4	GGA3	MANE Select
ENST00000651222.2	NM_001364716.4	MPRIP	MANE Select
ENST00000285968.11	NM_015135.3	NUP205	MANE Select
ENST00000321725.10	NM_015136.3	STAB1	MANE Select
ENST00000254624.10	NM_015137.6	EFR3A	MANE Select
ENST00000389629.9	NM_015138.5	RTF1	MANE Select
ENST00000235345.6	NM_015139.3	SLC35D1	MANE Select
ENST00000216129.7	NM_015140.4	TTLL12	MANE Select
ENST00000282541.10	NM_015141.4	GPD1L	MANE Select
ENST00000298492.6	NM_032182.4	ABRAXAS2	MANE Select
ENST00000296411.11	NM_015143.3	METAP1	MANE Select
ENST00000671377.2	NM_015144.3	ZCCHC14	MANE Select
ENST00000674199.1	NM_001349206.2	LPIN1	MANE Select
ENST00000378719.7	NM_001098811.2	SEPTIN8	MANE Select
ENST00000377990.7	NM_015147.3	CEP68	MANE Select
ENST00000234040.9	NM_015148.4	PASK	MANE Select
ENST00000360851.4	NM_001297671.3	RGL1	MANE Select
ENST00000334133.9	NM_015150.2	RFTN1	MANE Select
ENST00000417564.3	NM_015151.4	DIP2A	MANE Select
ENST00000261758.6	NM_015154.3	MESD	MANE Select
ENST00000316157.8	NM_015155.3	LARP4B	MANE Select
ENST00000262241.7	NM_015156.4	RCOR1	MANE Select
ENST00000600882.6	NM_001144758.3	PHLDB1	MANE Select
ENST00000382297.7	NM_015158.5	KANK1	MANE Select
ENST00000272638.14	NM_014607.4	UBXN4	MANE Select
ENST00000617928.5	NM_014608.6	CYFIP1	MANE Select
ENST00000404914.8	NM_013325.5	ATG4B	MANE Select
ENST00000356638.8	NM_198334.3	GANAB	MANE Select
ENST00000504595.2	NM_012304.5	FBXL7	MANE Select
ENST00000369393.8	NM_014611.3	MDN1	MANE Select
ENST00000277165.11	NM_014612.5	FAM120A	MANE Select
ENST00000261942.7	NM_014613.3	FAF2	MANE Select
ENST00000404125.6	NM_014614.3	PSME4	MANE Select
ENST00000253458.12	NM_014615.5	GSE1	MANE Select
ENST00000323116.10	NM_014616.3	ATP11B	MANE Select
ENST00000356467.5	NM_015159.3	FAM168A	MANE Select
ENST00000371717.8	NM_015160.3	PMPCA	MANE Select
ENST00000304414.12	NM_015161.3	ARL6IP1	MANE Select
ENST00000258873.9	NM_015162.5	ACSBG1	MANE Select
ENST00000375799.8	NM_015164.4	PLEKHM2	MANE Select
ENST00000368324.5	NM_152280.5	SYT11	MANE Select
ENST00000311597.10	NM_015166.4	MLC1	MANE Select
ENST00000397625.9	NM_015167.3	JMJD6	MANE Select
ENST00000253048.10	NM_015168.2	ZC3H4	MANE Select
ENST00000320270.4	NM_015169.4	RRS1	MANE Select
ENST00000402687.9	NM_001128205.2	SULF1	MANE Select
ENST00000304658.10	NM_015171.4	XPO6	MANE Select
ENST00000647382.2	NM_001387844.1	PRRC2C	MANE Select
ENST00000698857.1	NM_001396959.1	TBC1D1	MANE Select
ENST00000262961.9	NM_015174.2	ZFR2	MANE Select
ENST00000450053.8	NM_015175.3	NBEAL2	MANE Select
ENST00000366862.10	NM_015176.4	FBXO28	MANE Select
ENST00000227451.4	NM_015177.2	DTX4	MANE Select
ENST00000251822.7	NM_015178.3	RHOBTB2	MANE Select
ENST00000370992.9	NM_015179.4	RRP12	MANE Select
ENST00000555002.6	NM_182914.3	SYNE2	MANE Select
ENST00000254508.7	NM_024923.4	NUP210	MANE Select
ENST00000615277.5	NM_001144382.2	PLCL2	MANE Select
ENST00000671741.2	NM_001353921.2	ARHGEF9	MANE Select
ENST00000360280.8	NM_033305.3	VPS13A	MANE Select
ENST00000399878.8	NM_015187.5	SEL1L3	MANE Select
ENST00000225235.5	NM_015188.2	TBC1D12	MANE Select
ENST00000272427.11	NM_015189.3	EXOC6B	MANE Select
ENST00000372950.6	NM_015190.5	DNAJC9	MANE Select
ENST00000304987.4	NM_015191.3	SIK2	MANE Select
ENST00000338037.11	NM_015192.4	PLCB1	MANE Select
ENST00000356613.4	NM_015193.5	ARC	MANE Select
ENST00000262719.10	NM_194449.4	PHLPP1	MANE Select
ENST00000409959.8	NM_001131007.2	TMEM131L	MANE Select
ENST00000447393.6	NM_001100913.3	PACS2	MANE Select
ENST00000265136.12	NM_015198.5	COBL	MANE Select
ENST00000683139.1	NM_001349278.2	ANKRD28	MANE Select
ENST00000303538.13	NM_001100399.2	PDS5A	MANE Select
ENST00000313400.9	NM_001365068.1	ASTN2	MANE Select
ENST00000569669.6	NM_015201.5	BOP1	MANE Select
ENST00000261588.10	NM_015202.5	KATNIP	MANE Select
ENST00000369068.5	NM_015203.5	RPRD2	MANE Select
ENST00000375645.8	NM_015205.3	ATP11A	MANE Select
ENST00000305428.8	NM_015206.3	MINAR1	MANE Select
ENST00000375120.4	NM_015207.2	OTUD3	MANE Select
ENST00000262126.9	NM_015208.5	ANKRD12	MANE Select
ENST00000376030.7	NM_201628.3	KAZN	MANE Select
ENST00000695636.1	NM_001395333.1	MTCL1	MANE Select
ENST00000458591.7	NM_016106.4	SCFD1	MANE Select
ENST00000328194.8	NM_015213.4	DENND5A	MANE Select
ENST00000397166.7	NM_015214.3	DDHD2	MANE Select
ENST00000303635.12	NM_015215.4	CAMTA1	MANE Select
ENST00000358359.8	NM_001276277.3	PPIP5K2	MANE Select
ENST00000535094.7	NM_001112732.3	MCF2L	MANE Select
ENST00000352645.5	NM_017590.6	ZC3H7B	MANE Select
ENST00000589210.6	NM_001013839.4	EXOC7	MANE Select
ENST00000686636.1	NM_001366006.2	ADGRL2	MANE Select
ENST00000324109.9	NM_015221.4	DNMBP	MANE Select
ENST00000703841.1	NM_001400225.1	MGA	MANE Select
ENST00000420283.3	NM_021648.5	TSPYL4	MANE Select
ENST00000358823.7	NM_203459.4	CAMSAP2	MANE Select
ENST00000683822.1	NM_001365635.2	TASOR	MANE Select
ENST00000409790.6	NM_015226.3	CLEC16A	MANE Select
ENST00000349485.10	NM_133635.6	POFUT2	MANE Select
ENST00000232766.6	NM_025010.5	KLHL18	MANE Select
ENST00000651024.2	NM_001366661.1	CLUH	MANE Select
ENST00000378460.7	NM_015231.3	NUP160	MANE Select
ENST00000612955.6	NM_001033602.4	MTUS2	MANE Select
ENST00000331173.6	NM_015235.3	CSTF2T	MANE Select
ENST00000683033.1	NM_001387552.1	ADGRL3	MANE Select
ENST00000265293.9	NM_015238.3	WWC1	MANE Select
ENST00000357081.8	NM_001330701.2	AGTPBP1	MANE Select
ENST00000402050.7	NM_152558.5	IQCE	MANE Select
ENST00000517395.6	NM_001378974.1	FBXW11	MANE Select
ENST00000263073.11	NM_017575.5	SMG6	MANE Select
ENST00000360359.5	NM_015245.3	ANKS1A	MANE Select
ENST00000262370.12	NM_015246.4	MGRN1	MANE Select
ENST00000356884.11	NM_001003800.2	BICD2	MANE Select
ENST00000299575.5	NM_015251.3	ATMIN	MANE Select
ENST00000431489.6	NM_001142616.3	EHBP1	MANE Select
ENST00000317744.10	NM_015253.2	WSCD1	MANE Select
ENST00000524189.6	NM_015254.4	KIF13B	MANE Select
ENST00000372901.2	NM_001363705.2	UBR2	MANE Select
ENST00000651883.2	NM_001009185.3	ACSL6	MANE Select
ENST00000300128.9	NM_001130963.2	NEMP1	MANE Select
ENST00000238256.8	NM_015258.2	FKBP15	MANE Select
ENST00000407780.8	NM_015259.6	ICOSLG	MANE Select
ENST00000248054.10	NM_001297595.2	SIN3B	MANE Select
ENST00000534548.7	NM_015261.3	NCAPD3	MANE Select
ENST00000560891.6	NM_001378457.1	DMXL2	MANE Select
ENST00000336156.10	NM_001009880.2	KIAA0930	MANE Select
ENST00000417098.6	NM_001172509.2	SATB2	MANE Select
ENST00000361573.3	NM_015266.3	SLC9A8	MANE Select
ENST00000261726.11	NM_015267.4	CUX2	MANE Select
ENST00000260818.11	NM_015268.4	DNAJC13	MANE Select
ENST00000257177.9	NM_001009881.3	TUT4	MANE Select
ENST00000338700.10	NM_015271.5	TRIM2	MANE Select
ENST00000647211.2	NM_015272.5	RPGRIP1L	MANE Select
ENST00000285599.8	NM_015274.3	MAN2B2	MANE Select
ENST00000332180.10	NM_015275.3	WASHC4	MANE Select
ENST00000261497.9	NM_015276.2	USP22	MANE Select
ENST00000400345.8	NM_001144967.3	NEDD4L	MANE Select
ENST00000367467.8	NM_015278.5	SASH1	MANE Select
ENST00000539867.6	NM_015279.2	TBC1D30	MANE Select
ENST00000397906.7	NM_001145418.2	TTC28	MANE Select
ENST00000696935.1	NM_001395891.1	CLASP1	MANE Select
ENST00000638088.2	NM_001366673.1	DPY19L1	MANE Select
ENST00000634258.3	NM_001365999.1	SZT2	MANE Select
ENST00000254442.8	NM_015285.3	WDR7	MANE Select
ENST00000336292.11	NM_145728.3	SYNM	MANE Select
ENST00000681547.2	NM_001388185.1	JADE2	MANE Select
ENST00000318006.10	NM_015289.5	VPS39	MANE Select
ENST00000375847.8	NM_015291.4	DNAJC16	MANE Select
ENST00000394048.10	NM_015292.3	ESYT1	MANE Select
ENST00000354674.5	NM_001347702.2	SYNE1	MANE Plus Clinical
ENST00000367255.10	NM_182961.4	SYNE1	MANE Select
ENST00000320876.11	NM_015295.3	SMCHD1	MANE Select
ENST00000682017.1	NM_001366683.2	DOCK9	MANE Select
ENST00000242315.4	NM_015297.3	PHF24	MANE Select
ENST00000473835.7	NM_001080415.2	U2SURP	MANE Select
ENST00000553935.6	NM_015299.3	KHNYN	MANE Select
ENST00000375254.8	NM_020765.3	UBR4	MANE Select
ENST00000401592.6	NM_001130965.3	SUN1	MANE Select
ENST00000203166.10	NM_015302.2	HAUS5	MANE Select
ENST00000625842.3	NM_001009921.3	VPS8	MANE Select
ENST00000251089.8	NM_015305.4	ANGEL1	MANE Select
ENST00000294383.7	NM_015306.3	USP24	MANE Select
ENST00000261275.5	NM_015307.2	ENTREP2	MANE Select
ENST00000263773.10	NM_015308.5	FNBP4	MANE Select
ENST00000262525.6	NM_001080417.3	ZNF629	MANE Select
ENST00000327040.13	NM_015310.4	PSD3	MANE Select
ENST00000404537.6	NM_015311.3	OBSL1	MANE Select
ENST00000397843.7	NM_015313.3	ARHGEF12	MANE Select
ENST00000440378.6	NM_001199706.2	MATCAP2	MANE Select
ENST00000518297.6	NM_033551.3	LARP1	MANE Select
ENST00000202556.14	NM_015316.3	PPP1R13B	MANE Select
ENST00000361078.7	NM_015317.5	PUM2	MANE Select
ENST00000668164.2	NM_001367823.1	ARHGEF18	MANE Select
ENST00000314250.11	NM_170754.4	TNS2	MANE Select
ENST00000321949.13	NM_015321.3	CRTC1	MANE Select
ENST00000369278.5	NM_015323.5	UFL1	MANE Select
ENST00000254605.11	NM_015324.4	RRP8	MANE Select
ENST00000296564.9	NM_015325.3	ICE1	MANE Select
ENST00000573034.8	NM_015326.5	SRGAP2	MANE Select
ENST00000361813.5	NM_015327.3	SMG5	MANE Select
ENST00000325006.8	NM_015328.4	AHCYL2	MANE Select
ENST00000262815.13	NM_015329.4	MAU2	MANE Select
ENST00000314328.14	NM_015330.6	SPECC1L	MANE Select
ENST00000294785.10	NM_015331.3	NCSTN	MANE Select
ENST00000355451.8	NM_015332.4	NUDCD3	MANE Select
ENST00000445177.6	NM_001366686.3	SIK3	MANE Select
ENST00000281928.9	NM_015335.5	MED13L	MANE Select
ENST00000426126.7	NM_015336.4	ZDHHC17	MANE Select
ENST00000684092.1	NM_001364929.1	ECPAS	MANE Select
ENST00000621696.5	NM_001282531.3	ADNP	MANE Select
ENST00000645846.2	NM_015340.4	LARS2	MANE Select
ENST00000335312.8	NM_012398.3	PIP5K1C	MANE Select
ENST00000240423.9	NM_015341.5	NCAPH	MANE Select
ENST00000261308.10	NM_015342.4	PPWD1	MANE Select
ENST00000574322.6	NM_001143775.2	CTDNEP1	MANE Select
ENST00000326735.13	NM_022089.4	ATP13A2	MANE Select
ENST00000371019.4	NM_012083.3	FRAT2	MANE Select
ENST00000317683.4	NM_001080469.2	FBXO46	MANE Select
ENST00000372358.10	NM_014285.7	EXOSC2	MANE Select
ENST00000343455.8	NM_177438.3	DICER1	MANE Select
ENST00000262428.5	NM_021149.5	COTL1	MANE Select
ENST00000606117.2	NM_012241.5	SIRT5	MANE Select
ENST00000202967.4	NM_012240.3	SIRT4	MANE Select
ENST00000382743.9	NM_012239.6	SIRT3	MANE Select
ENST00000212015.11	NM_012238.5	SIRT1	MANE Select
ENST00000376836.8	NM_012071.4	COMMD3	MANE Select
ENST00000372398.6	NM_014286.4	NCS1	MANE Select
ENST00000407775.7	NM_012082.4	ZFPM2	MANE Select
ENST00000264661.4	NM_012285.3	KCNH4	MANE Select
ENST00000257981.7	NM_012284.3	KCNH3	MANE Select
ENST00000262430.6	NM_012213.3	MLYCD	MANE Select
ENST00000367400.8	NM_201253.3	CRB1	MANE Select
ENST00000287667.12	NM_014287.4	NOMO1	MANE Select
ENST00000271002.15	NM_014288.5	ITGB3BP	MANE Select
ENST00000299705.10	NM_007364.4	TMED3	MANE Select
ENST00000355295.5	NM_014290.3	TDRD7	MANE Select
ENST00000359742.9	NM_001366722.1	GRIP1	MANE Select
ENST00000316902.12	NM_012244.4	SLC7A8	MANE Select
ENST00000643872.4	NM_012234.7	RYBP	MANE Select
ENST00000211076.5	NM_012217.3	TPSD1	MANE Select
ENST00000261842.10	NM_007347.5	AP4E1	MANE Select
ENST00000682931.1	NM_001375883.1	GPR161	MANE Select
ENST00000238738.9	NM_012249.4	RHOQ	MANE Select
ENST00000240185.8	NM_007375.4	TARDBP	MANE Select
ENST00000337107.11	NM_007352.4	CELA3B	MANE Select
ENST00000230771.9	NM_012208.4	HARS2	MANE Select
ENST00000218008.8	NM_001142447.3	ATP1B4	MANE Select
ENST00000306422.5	NM_032109.3	OTP	MANE Select
ENST00000533028.8	NM_012243.3	SLC35A3	MANE Select
ENST00000374720.8	NM_080546.5	SLC44A1	MANE Select
ENST00000302516.10	NM_012426.5	SF3B3	MANE Select
ENST00000335508.11	NM_012433.4	SF3B1	MANE Select
ENST00000373425.8	NM_012098.3	ANGPTL2	MANE Select
ENST00000344517.5	NM_012089.3	ABCB10	MANE Select
ENST00000280560.13	NM_019625.4	ABCB9	MANE Select
ENST00000284425.7	NM_080284.3	ABCA6	MANE Select
ENST00000392676.8	NM_172232.4	ABCA5	MANE Select
ENST00000354724.8	NM_012258.4	HEY1	MANE Select
ENST00000343813.10	NM_012405.4	ICMT	MANE Select
ENST00000248924.11	NM_014291.4	GCAT	MANE Select
ENST00000407418.8	NM_014292.5	CBX6	MANE Select
ENST00000333039.4	NM_014293.4	NPTXR	MANE Select
ENST00000209875.9	NM_012117.3	CBX5	MANE Select
ENST00000262043.8	NM_001370348.2	PHF3	MANE Select
ENST00000262213.7	NM_014294.6	TRAM1	MANE Select
ENST00000253693.7	NM_014296.3	CAPN7	MANE Select
ENST00000292147.7	NM_014297.5	ETHE1	MANE Select
ENST00000395384.9	NM_014298.6	QPRT	MANE Select
ENST00000679869.1	NM_001379291.1	BRD4	MANE Select
ENST00000268220.12	NM_014300.4	SEC11A	MANE Select
ENST00000311893.14	NM_213595.4	ISCU	MANE Select
ENST00000352861.9	NM_014302.4	SEC61G	MANE Select
ENST00000354694.12	NM_014303.4	PES1	MANE Select
ENST00000261296.7	NM_014305.4	TGDS	MANE Select
ENST00000321250.13	NM_015344.3	LEPROTL1	MANE Select
ENST00000303334.9	NM_024922.6	CES3	MANE Select
ENST00000216133.10	NM_175709.5	CBX7	MANE Select
ENST00000368364.4	NM_012259.3	HEY2	MANE Select
ENST00000261652.7	NM_012452.3	TNFRSF13B	MANE Select
ENST00000294973.11	NM_012205.3	HAAO	MANE Select
ENST00000564288.6	NM_001394062.1	MACF1	MANE Select
ENST00000274867.9	NM_001201427.2	DAAM2	MANE Select
ENST00000347230.9	NM_015346.4	ZFYVE26	MANE Select
ENST00000690449.1	NM_001393629.1	RIMBP2	MANE Select
ENST00000186436.10	NM_015348.2	TMEM131	MANE Select
ENST00000314073.10	NM_001393499.1	BICRAL	MANE Select
ENST00000330947.7	NM_001369817.2	LRRC8B	MANE Select
ENST00000256367.3	NM_015351.2	TTC9	MANE Select
ENST00000375749.8	NM_015352.2	POFUT1	MANE Select
ENST00000322444.7	NM_015353.3	KCTD2	MANE Select
ENST00000372577.2	NM_015354.3	NUP188	MANE Select
ENST00000322652.10	NM_015355.4	SUZ12	MANE Select
ENST00000356994.7	NM_182706.5	SCRIB	MANE Select
ENST00000297423.9	NM_001080394.4	SPIDR	MANE Select
ENST00000400485.6	NM_015358.3	MORC3	MANE Select
ENST00000359741.10	NM_015359.6	SLC39A14	MANE Plus Clinical
ENST00000381237.6	NM_001128431.4	SLC39A14	MANE Select
ENST00000230640.10	NM_015360.5	MTREX	MANE Select
ENST00000683871.1	NM_001378107.1	R3HDM1	MANE Select
ENST00000266594.4	NM_012404.3	ANP32D	MANE Select
ENST00000391857.9	NM_012423.4	RPL13A	MANE Select
ENST00000287239.10	NM_012330.4	KAT6B	MANE Select
ENST00000263119.10	NM_012295.4	CABIN1	MANE Select
ENST00000301740.13	NM_016333.4	SRRM2	MANE Select
ENST00000313093.7	NM_012292.5	ARHGAP45	MANE Select
ENST00000326793.11	NM_012287.6	ACAP2	MANE Select
ENST00000367353.2	NM_001281293.2	ZNF281	MANE Select
ENST00000312438.8	NM_013246.3	CLCF1	MANE Select
ENST00000344920.9	NM_182977.3	NNT	MANE Select
ENST00000262065.8	NM_012329.3	MMD	MANE Select
ENST00000405655.8	NM_206956.3	PRAME	MANE Select
ENST00000447110.6	NM_001142633.3	PIK3R5	MANE Select
ENST00000265388.10	NM_012470.4	TNPO3	MANE Select
ENST00000564657.2	NM_001324445.2	ADAT1	MANE Select
ENST00000380367.3	NM_012375.3	OR52A1	MANE Select
ENST00000681075.2	NM_013356.3	SLC16A8	MANE Select
ENST00000615189.5	NM_012429.5	SEC14L2	MANE Select
ENST00000329492.6	NM_012324.6	MAPK8IP2	MANE Select
ENST00000695854.1	NM_001349999.2	RBFOX2	MANE Select
ENST00000248933.11	NM_021115.5	SEZ6L	MANE Select
ENST00000330342.8	NM_012463.4	ATP6V0A2	MANE Select
ENST00000344846.7	NM_012451.4	SYNGR4	MANE Select
ENST00000291759.5	NM_012276.5	LILRA4	MANE Select
ENST00000337702.5	NM_012382.3	TTC33	MANE Select
ENST00000273075.9	NM_012100.4	DNPEP	MANE Select
ENST00000245796.11	NM_012455.3	PSD4	MANE Select
ENST00000216127.5	NM_014310.4	RASD2	MANE Select
ENST00000325303.9	NM_001039803.3	CDK20	MANE Select
ENST00000223026.9	NM_012269.3	HYAL4	MANE Select
ENST00000222747.8	NM_012338.4	TSPAN12	MANE Select
ENST00000373290.7	NM_012339.5	TSPAN15	MANE Select
ENST00000640252.2	NM_176787.5	PIGN	MANE Select
ENST00000368685.6	NM_012437.6	SNAPIN	MANE Select
ENST00000254806.8	NM_012478.4	WBP2	MANE Select
ENST00000233615.7	NM_012477.4	WBP1	MANE Select
ENST00000360803.9	NM_012341.3	GTPBP4	MANE Select
ENST00000399135.6	NM_001146079.2	CLDN14	MANE Select
ENST00000336257.8	NM_024533.5	CHST5	MANE Select
ENST00000375789.7	NM_001303007.2	DDAH2	MANE Select
ENST00000370611.4	NM_012152.3	LPAR3	MANE Select
ENST00000358149.8	NM_012279.4	ZNF346	MANE Select
ENST00000219204.8	NM_012106.4	ARL2BP	MANE Select
ENST00000375448.4	NM_012387.3	PADI4	MANE Select
ENST00000284031.13	NM_012137.4	DDAH1	MANE Select
ENST00000335793.4	NM_012121.5	CDC42EP4	MANE Select
ENST00000427043.4	NM_012114.3	CASP14	MANE Select
ENST00000300213.9	NM_012142.5	CCNDBP1	MANE Select
ENST00000682136.1	NM_001243787.2	SMUG1	MANE Select
ENST00000326621.10	NM_014312.5	VSIG2	MANE Select
ENST00000374358.5	NM_014313.4	TMEM50A	MANE Select
ENST00000379883.3	NM_014314.4	RIGI	MANE Select
ENST00000396628.7	NM_203414.3	ELP5	MANE Select
ENST00000298307.10	NM_014315.3	KLHDC2	MANE Select
ENST00000311052.10	NM_014316.4	CARHSP1	MANE Select
ENST00000376215.10	NM_014317.5	PDSS1	MANE Select
ENST00000308330.3	NM_014319.5	LEMD3	MANE Select
ENST00000607197.6	NM_014320.3	HEBP2	MANE Select
ENST00000219097.7	NM_014321.4	ORC6	MANE Select
ENST00000392844.8	NM_012381.4	ORC3	MANE Select
ENST00000366554.3	NM_014322.3	OPN3	MANE Select
ENST00000379303.10	NM_001037171.2	ACOT9	MANE Select
ENST00000266269.10	NM_014323.3	PATZ1	MANE Select
ENST00000335606.11	NM_014324.6	AMACR	MANE Select
ENST00000546910.6	NM_013252.3	CLEC5A	MANE Select
ENST00000261401.8	NM_014325.4	CORO1C	MANE Select
ENST00000457488.6	NM_014326.5	DAPK2	MANE Select
ENST00000359314.5	NM_012120.3	CD2AP	MANE Select
ENST00000255977.7	NM_013446.4	MKRN1	MANE Select
ENST00000170447.12	NM_014160.5	MKRN2	MANE Select
ENST00000367311.5	NM_012396.5	PHLDA3	MANE Select
ENST00000471951.7	NM_001281775.3	ZMYND8	MANE Select
ENST00000649765.2	NM_018957.6	SH3BP1	MANE Select
ENST00000399635.4	NM_053006.5	TSSK2	MANE Select
ENST00000629319.3	NM_001387356.1	ZIM2	MANE Select
ENST00000306928.6	NM_012344.4	NTSR2	MANE Select
ENST00000313005.11	NM_012104.6	BACE1	MANE Select
ENST00000368352.10	NM_001105203.2	RUSC1	MANE Select
ENST00000647358.2	NM_012116.4	CBLC	MANE Select
ENST00000530349.2	NM_001098785.2	FAM89B	MANE Select
ENST00000371263.8	NM_012444.3	SPO11	MANE Select
ENST00000305817.3	NM_012409.4	PRND	MANE Select
ENST00000372101.3	NM_012282.4	KCNE5	MANE Select
ENST00000369111.9	NM_012113.3	CA14	MANE Select
ENST00000373625.8	NM_012316.5	KPNA6	MANE Select
ENST00000615665.5	NM_001256732.3	SSBP2	MANE Select
ENST00000352066.8	NM_016553.5	NUP62	MANE Select
ENST00000373647.9	NM_012197.4	RABGAP1	MANE Select
ENST00000620350.5	NM_012472.6	DNAAF11	MANE Select
ENST00000433386.7	NM_012267.5	HSPBP1	MANE Select
ENST00000370526.5	NM_012317.4	LDOC1	MANE Select
ENST00000284818.7	NM_015364.5	LY96	MANE Select
ENST00000358933.10	NM_014329.5	EDC4	MANE Select
ENST00000200453.6	NM_014330.5	PPP1R15A	MANE Select
ENST00000409735.9	NM_012268.4	PLD3	MANE Select
ENST00000396777.8	NM_001376558.2	ARFIP2	MANE Select
ENST00000610401.6	NM_145716.4	SSBP3	MANE Select
ENST00000265465.8	NM_002689.4	POLA2	MANE Select
ENST00000341846.10	NM_012101.4	TRIM29	MANE Select
ENST00000359337.9	NM_012401.4	PLXNB2	MANE Select
ENST00000280612.9	NM_014331.4	SLC7A11	MANE Select
ENST00000450169.7	NM_012322.3	LSM5	MANE Select
ENST00000219345.10	NM_012320.4	PLA2G15	MANE Select
ENST00000326775.10	NM_145102.4	ZKSCAN5	MANE Select
ENST00000377044.9	NM_013390.3	CEMIP2	MANE Select
ENST00000272771.10	NM_016192.4	TMEFF2	MANE Select
ENST00000373943.9	NM_177424.3	STX12	MANE Select
ENST00000379494.4	NM_014332.3	SMPX	MANE Select
ENST00000392011.7	NM_014521.3	SH3BP4	MANE Select
ENST00000521198.7	NM_001033578.3	SGK3	MANE Select
ENST00000243662.11	NM_022337.3	RAB38	MANE Select
ENST00000234179.8	NM_005813.6	PRKD3	MANE Select
ENST00000281830.4	NM_080671.4	KCNE4	MANE Select
ENST00000331581.11	NM_001301043.2	CADM1	MANE Select
ENST00000340438.6	NM_018094.5	GSPT2	MANE Select
ENST00000266458.10	NM_031412.4	GABARAPL1	MANE Select
ENST00000225519.5	NM_013276.4	SHPK	MANE Select
ENST00000374586.8	NM_032012.4	TMEM245	MANE Select
ENST00000561981.5	NM_014334.4	FRRS1L	MANE Select
ENST00000530028.3	NM_014335.3	EID1	MANE Select
ENST00000329468.5	NM_018958.3	NPAP1	MANE Select
ENST00000255192.8	NM_017614.5	BHMT2	MANE Select
ENST00000381129.8	NM_014336.5	AIPL1	MANE Select
ENST00000248958.5	NM_022044.3	SDF2L1	MANE Select
ENST00000398831.8	NM_014337.4	PPIL2	MANE Select
ENST00000335272.10	NM_012399.5	PITPNB	MANE Select
ENST00000439502.7	NM_001326411.2	PISD	MANE Select
ENST00000332585.11	NM_030758.4	OSBP2	MANE Select
ENST00000338483.7	NM_012323.4	MAFF	MANE Select
ENST00000319363.11	NM_014339.7	IL17RA	MANE Select
ENST00000341420.5	NM_198391.3	FLRT3	MANE Select
ENST00000330753.6	NM_013231.6	FLRT2	MANE Select
ENST00000682287.1	NM_013280.5	FLRT1	MANE Select
ENST00000608443.6	NM_012181.5	FKBP8	MANE Select
ENST00000404760.6	NM_001304808.3	BRD1	MANE Select
ENST00000356099.11	NM_181335.3	ARHGAP8	MANE Select
ENST00000358502.10	NM_030882.4	APOL2	MANE Select
ENST00000343518.11	NM_001136213.1	POTEH	MANE Select
ENST00000317582.10	NM_015367.4	BCL2L13	MANE Select
ENST00000373627.10	NM_001271641.2	MTCH1	MANE Select
ENST00000302503.8	NM_014342.4	MTCH2	MANE Select
ENST00000374403.4	NM_012310.5	KIF4A	MANE Select
ENST00000371795.5	NM_012420.3	IFIT5	MANE Select
ENST00000245925.8	NM_012155.4	EML2	MANE Select
ENST00000348411.3	NM_012280.4	FTSJ1	MANE Select
ENST00000246070.3	NM_012261.4	LAMP5	MANE Select
ENST00000443094.3	NM_001200016.2	NAA80	MANE Select
ENST00000407690.6	NM_012143.4	TFIP11	MANE Select
ENST00000227638.8	NM_015368.4	PANX1	MANE Select
ENST00000308344.10	NM_014343.3	CLDN15	MANE Select
ENST00000317811.6	NM_014344.4	FJX1	MANE Select
ENST00000266079.5	NM_012469.4	PRPF6	MANE Select
ENST00000361428.3	NM_014345.3	ZNF318	MANE Select
ENST00000398682.5	NM_016212.5	TP53TG3	MANE Select
ENST00000658780.2	NM_012194.3	KIAA1549L	MANE Select
ENST00000264554.11	NM_012435.3	SHC2	MANE Select
ENST00000341016.5	NM_012274.2	H2AP	MANE Select
ENST00000442995.4	NM_016400.4	HYPK	MANE Select
ENST00000548825.7	NM_001031698.3	PRPF40B	MANE Select
ENST00000341998.7	NM_020344.4	SLC24A2	MANE Select
ENST00000216071.5	NM_015370.2	C22orf31	MANE Select
ENST00000337137.9	NM_014346.5	TBC1D22A	MANE Select
ENST00000621179.6	NM_001358664.2	GSTT4	MANE Select
ENST00000216029.8	NM_015373.4	CBY1	MANE Select
ENST00000689035.1	NM_015374.3	SUN2	MANE Select
ENST00000367162.8	NM_015375.3	DSTYK	MANE Select
ENST00000403687.8	NM_001139488.2	RASGRP3	MANE Select
ENST00000358951.7	NM_012414.4	RAB3GAP2	MANE Select
ENST00000336148.10	NM_012415.3	RAD54B	MANE Select
ENST00000262817.8	NM_012109.3	TMEM59L	MANE Select
ENST00000368099.9	NM_012337.3	CFAP45	MANE Select
ENST00000264051.8	NM_019850.3	NGEF	MANE Select
ENST00000372938.10	NM_001131016.2	CIZ1	MANE Select
ENST00000266087.12	NM_012179.4	FBXO7	MANE Select
ENST00000417245.7	NM_012418.4	FSCN2	MANE Select
ENST00000252603.7	NM_012088.3	PGLS	MANE Select
ENST00000338415.8	NM_012413.4	QPCT	MANE Select
ENST00000297290.4	NM_015379.5	BRI3	MANE Select
ENST00000196482.4	NM_014347.3	ZNF324	MANE Select
ENST00000269187.10	NM_012319.4	SLC39A6	MANE Select
ENST00000437150.7	NM_012198.5	GCA	MANE Select
ENST00000367288.5	NM_012134.3	LMOD1	MANE Select
ENST00000374037.8	NM_012391.3	SPDEF	MANE Select
ENST00000593829.6	NM_012321.5	LSM4	MANE Select
ENST00000375533.6	NM_012342.3	BAMBI	MANE Select
ENST00000234392.3	NM_012476.3	VAX2	MANE Select
ENST00000216085.12	NM_012265.3	RHBDD3	MANE Select
ENST00000266254.12	NM_012263.5	TTLL1	MANE Select
ENST00000350028.5	NM_015380.5	SAMM50	MANE Select
ENST00000252934.10	NM_013236.4	ATXN10	MANE Select
ENST00000504771.3	NM_014350.4	TNFAIP8	MANE Select
ENST00000402357.6	NM_001082967.3	TAFA5	MANE Select
ENST00000336334.8	NM_012427.5	KLK5	MANE Select
ENST00000280614.4	NM_012118.4	NOCT	MANE Select
ENST00000379887.9	NM_005744.5	ARIH1	MANE Select
ENST00000498286.6	NM_012123.4	MTO1	MANE Select
ENST00000682809.1	NM_001349723.3	DNAJB5	MANE Select
ENST00000234798.5	NM_012467.4	TPSG1	MANE Select
ENST00000265462.9	NM_012094.5	PRDX5	MANE Select
ENST00000330333.11	NM_012105.5	BACE2	MANE Select
ENST00000484457.6	NM_012157.5	FBXL2	MANE Select
ENST00000216185.7	NM_012473.4	TXN2	MANE Select
ENST00000361906.8	NM_012264.5	TMEM184B	MANE Select
ENST00000330884.9	NM_014351.4	SULT4A1	MANE Select
ENST00000399332.6	NM_015382.4	HECTD1	MANE Select
ENST00000619423.4	NM_001395631.1	NBPF14	MANE Select
ENST00000543440.7	NM_014352.4	POU2F3	MANE Select
ENST00000611864.5	NM_001351288.2	MGAT4C	MANE Select
ENST00000282516.13	NM_133433.4	NIPBL	MANE Select
ENST00000210187.11	NM_014353.5	RAB26	MANE Select
ENST00000323786.10	NM_015386.3	COG4	MANE Select
ENST00000332160.5	NM_014033.4	TMT1A	MANE Select
ENST00000435224.3	NM_145804.3	ABTB2	MANE Select
ENST00000229595.6	NM_014034.3	ASF1A	MANE Select
ENST00000323303.9	NM_015387.5	MOB4	MANE Select
ENST00000372422.7	NM_015388.4	YIPF3	MANE Select
ENST00000354910.10	NM_015391.4	ANAPC13	MANE Select
ENST00000307428.7	NM_015393.4	PARM1	MANE Select
ENST00000420450.6	NM_001242472.2	ZNF345	MANE Select
ENST00000447648.7	NM_015395.3	TECPR1	MANE Select
ENST00000469044.6	NM_001363941.2	ARMC8	MANE Select
ENST00000361264.9	NM_015397.4	DCAF12	MANE Select
ENST00000706927.1	NM_001395294.1	FAM149A	MANE Select
ENST00000359957.8	NM_015399.4	BRMS1	MANE Select
ENST00000328404.8	NM_001039496.2	CATSPERZ	MANE Select
ENST00000362057.4	NM_015404.4	WHRN	MANE Select
ENST00000682992.1	NM_001286554.2	USP49	MANE Select
ENST00000273596.8	NM_015407.5	ABHD14A	MANE Select
ENST00000291281.9	NM_016457.5	PRKD2	MANE Select
ENST00000434526.8	NM_015411.4	SUMF2	MANE Select
ENST00000314400.10	NM_015412.4	RMP64	MANE Select
ENST00000347512.8	NM_033643.3	RPL36	MANE Select
ENST00000271373.9	NM_001143674.4	MPC2	MANE Select
ENST00000262055.9	NM_015416.5	LETMD1	MANE Select
ENST00000379756.3	NM_015417.5	SPEF1	MANE Select
ENST00000217939.7	NM_015419.4	MXRA5	MANE Select
ENST00000612750.5	NM_015420.7	DCAF13	MANE Select
ENST00000333050.7	NM_015421.4	TMEM186	MANE Select
ENST00000376332.8	NM_001278473.3	CHRDL2	MANE Select
ENST00000263857.11	NM_015425.6	POLR1A	MANE Select
ENST00000296484.7	NM_015426.5	POC1A	MANE Select
ENST00000270617.8	NM_015428.4	ZNF473	MANE Select
ENST00000471714.6	NM_001375547.2	ABI3BP	MANE Select
ENST00000619888.5	NM_001001991.3	PAMR1	MANE Select
ENST00000366481.4	NM_015431.4	TRIM58	MANE Select
ENST00000379344.8	NM_001129729.3	PLEKHG4	MANE Select
ENST00000300209.13	NM_015433.3	EEF1AKMT3	MANE Select
ENST00000366994.8	NM_015434.4	INTS7	MANE Select
ENST00000341084.7	NM_183419.4	RNF19A	MANE Select
ENST00000324439.10	NM_015436.4	RCHY1	MANE Select
ENST00000619571.5	NM_001193457.2	IFFO1	MANE Select
ENST00000617445.5	NM_015439.3	CCDC28A	MANE Select
ENST00000367321.8	NM_015440.5	MTHFD1L	MANE Select
ENST00000294794.8	NM_015441.3	OLFML2B	MANE Select
ENST00000328834.10	NM_015442.3	CNOT10	MANE Select
ENST00000227618.9	NM_014042.3	ANAPC15	MANE Select
ENST00000503771.2	NM_015444.3	TMEM158	MANE Select
ENST00000648844.2	NM_001323342.2	AHCTF1	MANE Select
ENST00000370151.9	NM_015448.3	DPCD	MANE Select
ENST00000368521.10	NM_001098616.3	LTAP1	MANE Select
ENST00000357628.8	NM_015450.3	POT1	MANE Select
ENST00000640769.2	NM_173630.4	RTTN	MANE Select
ENST00000326925.11	NM_199069.2	NDUFAF3	MANE Select
ENST00000452837.7	NM_001114092.2	THUMPD3	MANE Select
ENST00000343053.6	NM_015456.5	NELFB	MANE Select
ENST00000287169.8	NM_015457.3	ZDHHC5	MANE Select
ENST00000398868.8	NM_015459.5	ATL3	MANE Select
ENST00000302541.11	NM_015460.4	MYRIP	MANE Select
ENST00000361524.8	NM_015461.3	ZNF521	MANE Select
ENST00000253247.9	NM_015462.5	NOL11	MANE Select
ENST00000263655.4	NM_015463.3	CNRIP1	MANE Select
ENST00000307068.5	NM_015464.3	SOSTDC1	MANE Select
ENST00000285873.8	NM_015465.5	GEMIN5	MANE Select
ENST00000265562.5	NM_015466.4	PTPN23	MANE Select
ENST00000374379.9	NM_013943.3	CLIC4	MANE Select
ENST00000374767.5	NM_015469.3	NIPSNAP3A	MANE Select
ENST00000366977.8	NM_015471.4	NSL1	MANE Select
ENST00000360632.8	NM_015472.6	WWTR1	MANE Select
ENST00000543095.7	NM_015473.4	HEATR5A	MANE Select
ENST00000646673.2	NM_015474.4	SAMHD1	MANE Select
ENST00000238823.13	NM_015475.5	FAM98A	MANE Select
ENST00000334295.9	NM_015476.4	TPGS2	MANE Select
ENST00000394947.8	NM_001145358.2	SIN3A	MANE Select
ENST00000252032.10	NM_001009984.3	DNAAF9	MANE Select
ENST00000485303.6	NM_015480.3	NECTIN3	MANE Select
ENST00000394313.7	NM_015481.3	ZNF385A	MANE Select
ENST00000304056.9	NM_015483.3	KBTBD2	MANE Select
ENST00000236273.9	NM_015484.5	SYF2	MANE Select
ENST00000370202.5	NM_015485.5	RWDD3	MANE Select
ENST00000273077.9	NM_015488.5	PNKD	MANE Select
ENST00000370345.8	NM_015490.4	SEC31B	MANE Select
ENST00000369239.10	NM_032870.4	PNISR	MANE Select
ENST00000586659.6	NM_001136191.3	KANK2	MANE Select
ENST00000412232.3	NM_032777.10	ADGRA2	MANE Select
ENST00000357321.9	NM_015901.6	NUDT13	MANE Select
ENST00000297591.10	NM_015496.5	VIRMA	MANE Select
ENST00000389834.9	NM_015497.5	TMEM87A	MANE Select
ENST00000380486.4	NM_015500.2	C2CD2	MANE Select
ENST00000684370.1	NM_001387430.1	SH2B1	MANE Select
ENST00000357765.7	NM_014044.7	UNC50	MANE Select
ENST00000371279.4	NM_152268.4	PARS2	MANE Select
ENST00000401061.9	NM_015506.3	MMACHC	MANE Select
ENST00000361306.6	NM_015507.4	EGFL6	MANE Select
ENST00000295924.12	NM_015508.5	TIPARP	MANE Select
ENST00000339754.11	NM_015509.4	NECAP1	MANE Select
ENST00000263780.9	NM_014043.4	CHMP2B	MANE Select
ENST00000395511.8	NM_015510.5	DHRS7B	MANE Select
ENST00000320849.9	NM_001271874.2	AAR2	MANE Select
ENST00000420323.7	NM_015512.5	DNAH1	MANE Select
ENST00000408901.8	NM_001042635.2	NGDN	MANE Select
ENST00000209718.8	NM_015515.5	KRT23	MANE Select
ENST00000333090.5	NM_015516.4	TSKU	MANE Select
ENST00000350777.7	NM_198971.3	HINFP	MANE Select
ENST00000440863.7	NM_001099436.4	ULK3	MANE Select
ENST00000310397.13	NM_001080437.3	SNED1	MANE Select
ENST00000321331.12	NM_014056.4	HIGD1A	MANE Select
ENST00000265881.10	NM_015523.4	REXO2	MANE Select
ENST00000306270.12	NM_015525.4	IBTK	MANE Select
ENST00000360535.9	NM_015526.3	CLIP3	MANE Select
ENST00000409939.8	NM_015527.4	TBC1D10B	MANE Select
ENST00000262482.11	NM_015528.3	RNF167	MANE Select
ENST00000367963.8	NM_015529.4	MOXD1	MANE Select
ENST00000234160.5	NM_015530.5	GORASP2	MANE Select
ENST00000334126.12	NM_001286577.2	C2CD3	MANE Select
ENST00000394900.8	NM_015533.4	TKFC	MANE Select
ENST00000370801.8	NM_015534.6	ZZZ3	MANE Select
ENST00000409140.8	NM_001100423.2	SPATS2L	MANE Select
ENST00000278550.12	NM_001098816.3	TENM4	MANE Select
ENST00000371475.9	NM_001130969.3	NSMF	MANE Select
ENST00000418998.7	NM_001377303.1	L3MBTL1	MANE Select
ENST00000304330.9	NM_015540.4	RPAP1	MANE Select
ENST00000263384.12	NM_014077.4	FAM32A	MANE Select
ENST00000273261.8	NM_015541.3	LRIG1	MANE Select
ENST00000357604.10	NM_015542.4	UPF2	MANE Select
ENST00000359591.9	NM_014045.5	LRP10	MANE Select
ENST00000579849.6	NM_015544.3	TMEM98	MANE Select
ENST00000292478.9	NM_015545.4	PTCD1	MANE Select
ENST00000252085.4	NM_003735.3	PCDHGA12	MANE Select
ENST00000343744.7	NM_147161.4	ACOT11	MANE Select
ENST00000247226.13	NM_001308147.2	PLEKHG3	MANE Select
ENST00000313367.7	NM_015550.4	OSBPL3	MANE Select
ENST00000309558.8	NM_015551.2	SUSD5	MANE Select
ENST00000355044.8	NM_207303.4	ATRNL1	MANE Select
ENST00000367220.9	NM_001130700.2	IPCEF1	MANE Select
ENST00000261858.7	NM_015554.3	GLCE	MANE Select
ENST00000370706.9	NM_001031623.3	ZNF451	MANE Select
ENST00000381232.8	NM_001386936.1	SIPA1L1	MANE Select
ENST00000262450.8	NM_015557.3	CHD5	MANE Select
ENST00000331758.8	NM_198935.3	SS18L1	MANE Select
ENST00000649279.2	NM_015559.3	SETBP1	MANE Select
ENST00000296328.9	NM_015562.2	UBXN7	MANE Select
ENST00000274711.7	NM_015564.3	LRRTM2	MANE Select
ENST00000361371.10	NM_015565.3	LTN1	MANE Select
ENST00000361727.8	NM_014141.6	CNTNAP2	MANE Select
ENST00000219478.11	NM_021646.4	ZNF500	MANE Select
ENST00000687041.1	NM_001376049.1	FAM169A	MANE Select
ENST00000683689.1	NM_001384609.1	SLITRK5	MANE Select
ENST00000299824.6	NM_015568.4	PPP1R16B	MANE Select
ENST00000627582.3	NM_015569.5	DNM3	MANE Select
ENST00000342771.10	NM_015570.4	AUTS2	MANE Select
ENST00000447266.7	NM_015571.4	SENP6	MANE Select
ENST00000486777.7	NM_001371272.1	RAB11FIP5	MANE Select
ENST00000358602.9	NM_032217.5	ANKRD17	MANE Select
ENST00000373563.9	NM_001103146.3	GIGYF2	MANE Select
ENST00000288221.11	NM_015576.3	ERC2	MANE Select
ENST00000288266.8	NM_012096.3	APPL1	MANE Select
ENST00000321169.10	NM_012260.4	HACL1	MANE Select
ENST00000219481.10	NM_020664.4	DECR2	MANE Select
ENST00000265109.8	NM_015577.3	RAI14	MANE Select
ENST00000544216.8	NM_015578.4	LSM14A	MANE Select
ENST00000370775.3	NM_001078172.2	RTL8A	MANE Select
ENST00000540200.6	NM_015584.5	POLDIP2	MANE Select
ENST00000245957.10	NM_015585.4	CFAP61	MANE Select
ENST00000465093.6	NM_015595.4	ARHGEF26	MANE Select
ENST00000595793.6	NM_015596.3	KLK13	MANE Select
ENST00000440944.6	NM_001145638.3	GPSM1	MANE Select
ENST00000343632.9	NM_013365.5	GGA1	MANE Select
ENST00000339157.10	NM_001042472.3	ABHD12	MANE Select
ENST00000373700.9	NM_015601.4	HERC4	MANE Select
ENST00000606911.7	NM_015602.4	TOR1AIP1	MANE Select
ENST00000221922.11	NM_015603.3	CCDC9	MANE Select
ENST00000358377.7	NM_015604.4	DCAF4	MANE Select
ENST00000374339.5	NM_001042357.5	PTPN20	MANE Select
ENST00000368694.8	NM_015607.4	CHTOP	MANE Select
ENST00000356792.9	NM_001202438.2	EDRF1	MANE Select
ENST00000401088.9	NM_001114600.3	SZRD1	MANE Select
ENST00000288828.9	NM_015610.4	WIPI2	MANE Select
ENST00000372105.4	NM_015613.3	LRIT1	MANE Select
ENST00000563719.4	NM_001367806.1	PYGO1	MANE Select
ENST00000355417.7	NM_015621.3	CCDC69	MANE Select
ENST00000689528.1	NM_001394998.1	TANC2	MANE Select
ENST00000262394.7	NM_015626.10	WSB1	MANE Select
ENST00000374338.5	NM_015627.3	LDLRAP1	MANE Select
ENST00000321030.9	NM_015629.4	PRPF31	MANE Select
ENST00000258484.11	NM_015630.4	EPC2	MANE Select
ENST00000371217.10	NM_015631.6	TCTN3	MANE Select
ENST00000229395.8	NM_015633.3	FGFR1OP2	MANE Select
ENST00000361983.7	NM_015634.4	KIFBP	MANE Select
ENST00000297933.11	NM_001282680.3	GAPVD1	MANE Select
ENST00000252015.3	NM_015638.3	TRPC4AP	MANE Select
ENST00000361219.11	NM_001018069.2	SERBP1	MANE Select
ENST00000358204.9	NM_015641.4	TES	MANE Select
ENST00000675478.1	NM_001348800.3	ZBTB20	MANE Select
ENST00000685419.1	NM_001387446.1	TTLL3	MANE Select
ENST00000302165.5	NM_015649.3	IRF2BP1	MANE Select
ENST00000373327.5	NM_015650.4	TRAF3IP1	MANE Select
ENST00000373896.8	NM_015651.3	PHF19	MANE Select
ENST00000621410.5	NM_033160.7	ZNF658	MANE Select
ENST00000614167.2	NM_015653.5	RIBC2	MANE Select
ENST00000357814.8	NM_015654.5	NAT9	MANE Select
ENST00000252979.6	NM_015655.4	ZNF337	MANE Select
ENST00000423312.7	NM_015656.2	KIF26A	MANE Select
ENST00000272895.12	NM_173076.3	ABCA12	MANE Select
ENST00000327044.7	NM_015658.4	NOC2L	MANE Select
ENST00000571133.6	NM_015659.3	RSL1D1	MANE Select
ENST00000223293.10	NM_015660.3	GIMAP2	MANE Select
ENST00000260570.8	NM_015662.3	IFT172	MANE Select
ENST00000370823.8	NM_015666.4	MTG2	MANE Select
ENST00000619167.2	NM_015667.2	SPATA31A7	MANE Select
ENST00000360863.11	NM_015668.5	RGS22	MANE Select
ENST00000231134.8	NM_015669.5	PCDHB5	MANE Select
ENST00000321337.12	NM_015670.6	SENP3	MANE Select
ENST00000404767.8	NM_001080453.3	INTS1	MANE Select
ENST00000415050.3	NM_001098621.4	LYSET	MANE Select
ENST00000641256.1	NM_012353.3	OR1C1	MANE Select
ENST00000381951.1	NM_012352.3	OR1A2	MANE Select
ENST00000608872.6	NM_012164.4	FBXW2	MANE Select
ENST00000359785.10	NM_015967.8	PTPN22	MANE Select
ENST00000370077.2	NM_012384.5	GMEB2	MANE Select
ENST00000396638.7	NM_001039592.2	SPAG8	MANE Select
ENST00000581322.6	NM_012417.4	PITPNC1	MANE Select
ENST00000641412.1	NM_012369.3	OR2F1	MANE Select
ENST00000244623.1	NM_012367.1	OR2B6	MANE Select
ENST00000340750.1	NM_001004452.1	OR1J4	MANE Select
ENST00000355619.10	NM_012158.4	FBXL3	MANE Select
ENST00000295087.13	NM_012097.4	ARL5A	MANE Select
ENST00000641023.2	NM_006623.4	PHGDH	MANE Select
ENST00000265404.7	NM_012108.4	STAP1	MANE Select
ENST00000265471.10	NM_012200.4	B3GAT3	MANE Select
ENST00000682666.1	NM_012454.4	TIAM2	MANE Select
ENST00000354287.5	NM_012168.6	FBXO2	MANE Select
ENST00000331890.6	NM_012162.4	FBXL6	MANE Select
ENST00000341285.8	NM_012161.4	FBXL5	MANE Select
ENST00000369244.7	NM_001278716.2	FBXL4	MANE Select
ENST00000368780.4	NM_014357.5	LCE2B	MANE Select
ENST00000648326.1	NM_012135.3	FAM50B	MANE Select
ENST00000641868.1	NM_017504.2	OR2M4	MANE Select
ENST00000641771.1	NM_001385855.1	OR2L2	MANE Select
ENST00000302681.3	NM_205859.2	OR2K2	MANE Select
ENST00000309755.9	NM_017415.3	KLHL3	MANE Select
ENST00000316249.4	NM_012283.2	KCNG2	MANE Select
ENST00000299663.8	NM_014358.4	CLEC4E	MANE Select
ENST00000367222.7	NM_014359.4	OPTC	MANE Select
ENST00000399496.8	NM_153769.3	CABYR	MANE Select
ENST00000258829.6	NM_014360.4	NKX2-8	MANE Select
ENST00000220531.9	NM_012388.4	BLOC1S6	MANE Select
ENST00000652555.1	NM_153348.3	FBXW8	MANE Select
ENST00000350302.8	NM_183420.2	FBXO25	MANE Select
ENST00000241071.11	NM_033506.3	FBXO24	MANE Select
ENST00000508164.6	NM_130465.5	TSPAN17	MANE Select
ENST00000308275.8	NM_147188.3	FBXO22	MANE Select
ENST00000682651.1	NM_001318192.2	SLC13A4	MANE Select
ENST00000432825.7	NM_012166.3	FBXO10	MANE Select
ENST00000323557.12	NM_033480.3	FBXO9	MANE Select
ENST00000393674.7	NM_012180.3	FBXO8	MANE Select
ENST00000376753.9	NM_018438.6	FBXO6	MANE Select
ENST00000229758.8	NM_012177.5	FBXO5	MANE Select
ENST00000281623.8	NM_012176.3	FBXO4	MANE Select
ENST00000265651.8	NM_012175.4	FBXO3	MANE Select
ENST00000359678.10	NM_014362.4	HIBCH	MANE Select
ENST00000333371.8	NM_018668.5	VPS33B	MANE Select
ENST00000267415.12	NM_001099274.3	TINF2	MANE Select
ENST00000382292.9	NM_014363.6	SACS	MANE Select
ENST00000375105.8	NM_012400.4	PLA2G2D	MANE Select
ENST00000372582.6	NM_017416.2	IL1RAPL2	MANE Select
ENST00000180166.6	NM_019851.3	FGF20	MANE Select
ENST00000254928.10	NM_005702.4	ERAL1	MANE Select
ENST00000286808.5	NM_012131.3	CLDN17	MANE Select
ENST00000263245.10	NM_014570.5	ARFGAP3	MANE Select
ENST00000370655.6	NM_001346793.2	ANKRD2	MANE Select
ENST00000354567.7	NM_174858.3	AK5	MANE Select
ENST00000252318.7	NM_017417.2	GALNT8	MANE Select
ENST00000593756.6	NM_019113.4	FGF21	MANE Select
ENST00000397572.5	NM_012333.5	MYCBP	MANE Select
ENST00000265965.10	NM_012139.4	SERGEF	MANE Select
ENST00000257831.8	NM_012153.6	EHF	MANE Select
ENST00000372040.9	NM_021996.6	GBGT1	MANE Select
ENST00000222286.9	NM_014364.5	GAPDHS	MANE Select
ENST00000641113.1	NM_030901.2	OR7A17	MANE Select
ENST00000378397.1	NM_001004739.1	OR5L2	MANE Select
ENST00000642057.1	NM_001004736.4	OR5K1	MANE Select
ENST00000641874.1	NM_001005338.2	OR5H1	MANE Select
ENST00000281938.7	NM_014365.3	HSPB8	MANE Select
ENST00000418458.6	NM_014366.5	GNL3	MANE Select
ENST00000477892.5	NM_014367.4	FAM162A	MANE Select
ENST00000394319.9	NM_014368.5	LHX6	MANE Select
ENST00000175756.10	NM_014369.4	PTPN18	MANE Select
ENST00000617533.5	NM_001243332.2	SEZ6L2	MANE Select
ENST00000324873.8	NM_012385.3	NUPR1	MANE Select
ENST00000309318.8	NM_138689.3	PPP1R14B	MANE Select
ENST00000423932.6	NM_012351.3	OR10J1	MANE Select
ENST00000642064.1	NM_012378.2	OR8B8	MANE Select
ENST00000641972.1	NM_001002905.2	OR8G1	MANE Select
ENST00000642047.1	NM_001003745.2	OR10A3	MANE Select
ENST00000641351.3	NM_001355213.3	OR10D3	MANE Select
ENST00000216446.9	NM_016445.3	PLEK2	MANE Select
ENST00000309794.16	NM_012336.4	NARF	MANE Select
ENST00000355773.6	NM_012434.5	SLC17A5	MANE Select
ENST00000377075.3	NM_020184.4	CNNM4	MANE Select
ENST00000305510.4	NM_017623.5	CNNM3	MANE Select
ENST00000356713.5	NM_020348.3	CNNM1	MANE Select
ENST00000372852.4	NM_014571.4	HEYL	MANE Select
ENST00000359263.9	NM_013451.4	MYOF	MANE Select
ENST00000263921.8	NM_012110.4	CHIC2	MANE Select
ENST00000311234.9	NM_012141.3	INTS6	MANE Select
ENST00000254616.11	NM_012192.4	TIMM10B	MANE Select
ENST00000215570.8	NM_012458.4	TIMM13	MANE Select
ENST00000257245.9	NM_012456.3	TIMM10	MANE Select
ENST00000395159.7	NM_012460.4	TIMM9	MANE Select
ENST00000504148.3	NM_012459.4	TIMM8B	MANE Select
ENST00000373204.6	NM_012199.5	AGO1	MANE Select
ENST00000382592.5	NM_014572.3	LATS2	MANE Select
ENST00000393200.7	NM_012275.3	IL36RN	MANE Select
ENST00000590327.6	NM_001282509.2	TSPAN16	MANE Select
ENST00000233078.9	NM_018959.4	DAZAP1	MANE Select
ENST00000642051.1	NM_013936.4	OR12D2	MANE Select
ENST00000703726.1	NM_001348208.2	OR12D1	MANE Select
ENST00000377149.5	NM_001394828.1	OR11A1	MANE Select
ENST00000641646.1	NM_013938.2	OR10H3	MANE Select
ENST00000641040.1	NM_001005465.2	OR10G3	MANE Select
ENST00000542433.1	NM_001005466.2	OR10G2	MANE Select
ENST00000305899.5	NM_013939.2	OR10H2	MANE Select
ENST00000641419.1	NM_013940.4	OR10H1	MANE Select
ENST00000373829.8	NM_012278.4	ITGB1BP2	MANE Select
ENST00000619387.5	NM_012138.4	AATF	MANE Select
ENST00000206262.2	NM_012419.5	RGS17	MANE Select
ENST00000370101.8	NM_014370.4	SRPK3	MANE Select
ENST00000295992.8	NM_013363.4	PCOLCE2	MANE Select
ENST00000346234.7	NM_012383.5	OSTF1	MANE Select
ENST00000441339.3	NM_001293291.2	MYEOV	MANE Select
ENST00000360796.10	NM_001122955.4	BSCL2	MANE Select
ENST00000651154.1	NM_013372.7	GREM1	MANE Select
ENST00000258607.10	NM_018204.5	CKAP2	MANE Select
ENST00000312475.5	NM_022163.4	MRPL46	MANE Select
ENST00000641451.2	NM_001005468.2	OR8B2	MANE Select
ENST00000305632.11	NM_012453.4	TBL2	MANE Select
ENST00000688183.1	NM_001393662.1	VCX	MANE Select
ENST00000640961.2	NM_019040.5	ELP4	MANE Select
ENST00000456448.3	NM_001079935.2	OR7E24	MANE Select
ENST00000248072.3	NM_012377.1	OR7C2	MANE Select
ENST00000322301.5	NM_017506.2	OR7A5	MANE Select
ENST00000641666.2	NM_001370485.4	OR7C1	MANE Select
ENST00000456475.1	NM_001408386.1	OR4F3	MANE Select
ENST00000641524.1	NM_001001912.3	OR4E2	MANE Select
ENST00000641792.2	NM_001317107.2	OR4E1	MANE Select
ENST00000268912.6	NM_001386095.1	OR4D1	MANE Select
ENST00000377175.2	NM_030903.3	OR2W1	MANE Select
ENST00000641551.1	NM_001258283.2	OR2V1	MANE Select
ENST00000642005.1	NM_030904.2	OR2T1	MANE Select
ENST00000641417.1	NM_030905.3	OR2J2	MANE Select
ENST00000377133.6	NM_030883.5	OR2H1	MANE Select
ENST00000304820.5	NM_001005234.1	OR1L3	MANE Select
ENST00000309623.1	NM_001005236.3	OR1L1	MANE Select
ENST00000335302.5	NM_054107.1	OR1J2	MANE Select
ENST00000379161.5	NM_012345.3	NUFIP1	MANE Select
ENST00000366960.8	NM_012424.6	RPS6KC1	MANE Select
ENST00000356150.10	NM_015677.4	SH3YL1	MANE Select
ENST00000523175.6	NM_001173393.3	HAVCR1	MANE Select
ENST00000387069.2	NR_004407.1	RNU11	MANE Select
ENST00000383898.1	NR_004394.2	RNU6-1	MANE Select
ENST00000362477.2	NR_002754.3	RNU5E-1	MANE Select
ENST00000363299.2	NR_002755.4	RNU5D-1	MANE Select
ENST00000362698.2	NR_002756.2	RNU5A-1	MANE Select
ENST00000363286.2	NR_002757.3	RNU5B-1	MANE Select
ENST00000365668.2	NR_003137.3	RNU4-2	MANE Select
ENST00000363925.2	NR_003925.2	RNU4-1	MANE Select
ENST00000410396.1	NR_199791.1	RNU2-2	MANE Select
ENST00000384782.1	NR_004408.1	RNU1-3	MANE Select
ENST00000384278.1	NR_004427.1	RNU1-2	MANE Select
ENST00000383925.1	NR_004430.4	RNU1-1	MANE Select
ENST00000297205.7	NM_012449.3	STEAP1	MANE Select
ENST00000618853.5	NM_017570.5	OPLAH	MANE Select
ENST00000226460.5	NM_012390.4	SMR3A	MANE Select
ENST00000259569.6	NM_012416.4	RANBP6	MANE Select
ENST00000425248.5	NM_012133.6	COPG2	MANE Select
ENST00000222574.9	NM_012257.4	HBP1	MANE Select
ENST00000379939.7	NM_001385012.1	NBEA	MANE Select
ENST00000320585.11	NM_012124.3	CHORDC1	MANE Select
ENST00000614994.5	NM_152354.6	ZNF285	MANE Select
ENST00000492595.6	NM_012430.5	SEC22A	MANE Select
ENST00000355264.9	NM_012095.6	AP3M1	MANE Select
ENST00000318607.10	NM_002568.4	PABPC1	MANE Select
ENST00000397410.10	NM_014371.4	AKAP8L	MANE Select
ENST00000242719.4	NM_014372.5	RNF11	MANE Select
ENST00000372890.6	NM_015679.3	TRUB2	MANE Select
ENST00000355897.10	NM_014373.3	GPR160	MANE Select
ENST00000265029.8	NM_014375.3	FETUB	MANE Select
ENST00000620254.5	NM_001037333.3	CYFIP2	MANE Select
ENST00000379263.8	NM_014377.3	DNAJC2	MANE Select
ENST00000368002.8	NM_001014443.3	USP21	MANE Select
ENST00000215530.7	NM_020637.2	FGF22	MANE Select
ENST00000360057.7	NM_022445.4	TPK1	MANE Select
ENST00000524391.6	NM_014379.4	KCNV1	MANE Select
ENST00000360507.10	NM_015680.6	CNPPD1	MANE Select
ENST00000361298.9	NM_206917.3	BEX3	MANE Select
ENST00000242317.9	NM_012144.4	DNAI1	MANE Select
ENST00000345330.9	NM_012428.4	NPTN	MANE Select
ENST00000371116.4	NM_012183.3	FOXD3	MANE Select
ENST00000396057.6	NM_012182.3	FOXB1	MANE Select
ENST00000355774.7	NM_001040108.2	MLH3	MANE Select
ENST00000337331.10	NM_153240.5	NPHP3	MANE Select
ENST00000510168.6	NM_001378687.1	ATP2C1	MANE Select
ENST00000392197.7	NM_014383.3	ZBTB32	MANE Select
ENST00000281182.9	NM_014384.3	ACAD8	MANE Select
ENST00000372966.8	NM_007052.5	NOX1	MANE Select
ENST00000317643.10	NM_014385.4	SIGLEC7	MANE Select
ENST00000252136.12	NM_022727.6	TRMT2A	MANE Select
ENST00000508883.6	NM_001300921.2	PKD2L2	MANE Select
ENST00000395456.7	NM_001014987.2	LAT	MANE Select
ENST00000491415.7	NM_014388.7	UTP25	MANE Select
ENST00000572293.7	NM_014389.3	PELP1	MANE Select
ENST00000354725.8	NM_014390.4	SND1	MANE Select
ENST00000371697.4	NM_014391.3	ANKRD1	MANE Select
ENST00000621129.5	NM_014392.5	NSG1	MANE Select
ENST00000524300.6	NM_001164380.2	STAU2	MANE Select
ENST00000341695.10	NM_176869.3	PPA2	MANE Select
ENST00000372134.6	NM_014394.3	GHITM	MANE Select
ENST00000512369.2	NM_014395.3	DAPP1	MANE Select
ENST00000310301.9	NM_014396.4	VPS41	MANE Select
ENST00000265598.8	NM_014398.4	LAMP3	MANE Select
ENST00000262067.5	NM_014399.4	TSPAN13	MANE Select
ENST00000244333.4	NM_014400.3	LYPD3	MANE Select
ENST00000261499.11	NM_015681.6	B9D1	MANE Select
ENST00000315616.12	NM_152260.3	RPUSD2	MANE Select
ENST00000305949.6	NM_022045.5	MTBP	MANE Select
ENST00000649528.3	NM_001349338.3	FOXP1	MANE Select
ENST00000312527.9	NM_054025.3	B3GAT1	MANE Select
ENST00000378670.8	NM_014402.5	UQCRQ	MANE Select
ENST00000335791.10	NM_175039.4	ST6GALNAC4	MANE Select
ENST00000533854.6	NM_145811.3	CACNG5	MANE Select
ENST00000262138.4	NM_014405.4	CACNG4	MANE Select
ENST00000392685.7	NM_171830.2	KCNMB3	MANE Select
ENST00000373166.8	NM_014408.5	TRAPPC3	MANE Select
ENST00000258281.7	NM_014409.4	TAF5L	MANE Select
ENST00000692774.1	NM_001393344.1	CLUL1	MANE Select
ENST00000367679.7	NM_014412.3	CACYBP	MANE Select
ENST00000199389.11	NM_014413.4	EIF2AK1	MANE Select
ENST00000222250.5	NM_015683.2	ARRDC2	MANE Select
ENST00000312938.5	NM_014415.4	ZBTB11	MANE Select
ENST00000557421.7	NM_001382507.1	DMAC2L	MANE Select
ENST00000360779.4	NM_080489.5	SDCBP2	MANE Select
ENST00000252338.5	NM_015686.3	NALF2	MANE Select
ENST00000439096.3	NM_014417.5	BBC3	MANE Select
ENST00000308191.11	NM_018945.4	PDE7B	MANE Select
ENST00000221498.7	NM_014419.4	DKKL1	MANE Select
ENST00000220812.3	NM_014420.3	DKK4	MANE Select
ENST00000683431.1	NM_001018057.2	DKK3	MANE Select
ENST00000285311.8	NM_014421.3	DKK2	MANE Select
ENST00000331075.10	NM_001284285.2	INPP5J	MANE Select
ENST00000265343.10	NM_014423.4	AFF4	MANE Select
ENST00000357450.9	NM_148674.5	SMC1B	MANE Select
ENST00000248901.11	NM_013385.5	CYTH4	MANE Select
ENST00000311890.14	NM_014424.5	HSPB7	MANE Select
ENST00000262457.7	NM_014425.5	INVS	MANE Select
ENST00000377759.9	NM_014426.4	SNX5	MANE Select
ENST00000319518.13	NM_153636.3	CPNE7	MANE Select
ENST00000322893.12	NM_139318.5	KCNH5	MANE Select
ENST00000541714.7	NM_001267560.2	TJP3	MANE Select
ENST00000232603.10	NM_014429.4	MORC1	MANE Select
ENST00000554411.6	NM_001393339.1	CIDEB	MANE Select
ENST00000263563.7	NM_014431.3	PALD1	MANE Select
ENST00000237172.12	NM_015687.5	FILIP1	MANE Select
ENST00000265018.4	NM_015688.2	FAM184B	MANE Select
ENST00000496613.6	NM_015689.5	DENND2A	MANE Select
ENST00000295709.8	NM_015690.5	STK36	MANE Select
ENST00000443236.7	NM_015692.5	CPAMD8	MANE Select
ENST00000335251.11	NM_015693.4	INTU	MANE Select
ENST00000247930.5	NM_015694.3	ZNF777	MANE Select
ENST00000357641.10	NM_015695.3	BRPF3	MANE Select
ENST00000216036.9	NM_014433.3	RSPH14	MANE Select
ENST00000684003.1	NM_014434.4	NDOR1	MANE Select
ENST00000369740.6	NM_201653.4	CHIA	MANE Select
ENST00000220592.10	NM_012154.5	AGO2	MANE Select
ENST00000286733.9	NM_014435.4	NAAA	MANE Select
ENST00000537592.7	NM_171999.4	SALL3	MANE Select
ENST00000311966.9	NM_013267.4	GLS2	MANE Select
ENST00000303204.9	NM_013237.4	PRELID1	MANE Select
ENST00000356205.9	NM_001271958.2	SLC39A1	MANE Select
ENST00000251412.8	NM_016437.3	TUBG2	MANE Select
ENST00000327407.2	NM_173178.3	IL36B	MANE Select
ENST00000263326.8	NM_014439.4	IL37	MANE Select
ENST00000259211.7	NM_014440.3	IL36A	MANE Select
ENST00000250360.8	NM_014441.3	SIGLEC9	MANE Select
ENST00000321424.7	NM_014442.3	SIGLEC8	MANE Select
ENST00000254950.13	NM_013245.3	VPS4A	MANE Select
ENST00000439617.8	NM_018662.3	DISC1	MANE Select
ENST00000244241.5	NM_013278.4	IL17C	MANE Select
ENST00000261796.4	NM_014443.3	IL17B	MANE Select
ENST00000302548.5	NM_080817.5	GPR82	MANE Select
ENST00000432564.3	NM_032554.4	HCAR1	MANE Select
ENST00000541038.2	NM_001346194.2	OXGR1	MANE Select
ENST00000382487.5	NM_080819.5	GPR78	MANE Select
ENST00000595464.3	NM_001271749.2	C5AR2	MANE Select
ENST00000564079.6	NM_014444.5	TUBGCP4	MANE Select
ENST00000239944.7	NM_014445.4	SERP1	MANE Select
ENST00000168977.7	NM_170678.3	NMRK2	MANE Select
ENST00000372808.4	NM_018960.6	GNMT	MANE Select
ENST00000272452.7	NM_006588.4	SULT1C4	MANE Select
ENST00000647002.2	NM_001358921.2	COQ2	MANE Select
ENST00000353617.7	NM_001025595.3	ARFIP1	MANE Select
ENST00000378378.9	NM_014448.4	ARHGEF16	MANE Select
ENST00000156109.7	NM_015698.6	GPKOW	MANE Select
ENST00000311268.8	NM_019858.2	GPR162	MANE Select
ENST00000259608.8	NM_014450.3	SIT1	MANE Select
ENST00000242067.11	NM_198428.3	BBS9	MANE Select
ENST00000296861.2	NM_014452.5	TNFRSF21	MANE Select
ENST00000312547.7	NM_014453.4	CHMP2A	MANE Select
ENST00000436639.7	NM_014454.3	SESN1	MANE Select
ENST00000673934.1	NM_001371928.1	AHDC1	MANE Select
ENST00000582693.5	NM_014455.4	RNF115	MANE Select
ENST00000410022.7	NM_001002755.4	NFU1	MANE Select
ENST00000185150.9	NM_015701.5	ERLEC1	MANE Select
ENST00000303319.10	NM_015702.3	MMADHC	MANE Select
ENST00000280154.12	NM_014456.5	PDCD4	MANE Select
ENST00000209884.5	NM_014458.4	KLHL20	MANE Select
ENST00000377918.8	NM_001040429.3	PCDH17	MANE Select
ENST00000306149.12	NM_014460.4	CSDC2	MANE Select
ENST00000446702.7	NM_001289080.2	CNTN6	MANE Select
ENST00000311351.9	NM_014462.3	LSM1	MANE Select
ENST00000306024.4	NM_014463.3	LSM3	MANE Select
ENST00000259782.9	NM_014464.4	TINAG	MANE Select
ENST00000310613.8	NM_014465.4	SULT1B1	MANE Select
ENST00000207457.8	NM_014466.3	TEKT2	MANE Select
ENST00000373004.5	NM_014467.3	SRPX2	MANE Select
ENST00000325980.10	NM_014468.4	VENTX	MANE Select
ENST00000306904.7	NM_014469.5	RBMXL2	MANE Select
ENST00000309739.6	NM_014470.4	RND1	MANE Select
ENST00000379721.4	NM_014471.3	SPINK4	MANE Select
ENST00000298999.8	NM_001351015.2	R3HCC1L	MANE Select
ENST00000199320.9	NM_014473.4	DIMT1	MANE Select
ENST00000373894.8	NM_014474.4	SMPDL3B	MANE Select
ENST00000221403.7	NM_014475.4	DHDH	MANE Select
ENST00000284767.12	NM_014476.6	PDLIM3	MANE Select
ENST00000372726.5	NM_014477.3	TP53TG5	MANE Select
ENST00000395326.8	NM_014478.5	CRCP	MANE Select
ENST00000256412.8	NM_014479.3	ADAMDEC1	MANE Select
ENST00000687789.1	NM_014480.4	ZNF544	MANE Select
ENST00000374987.4	NM_014481.4	APEX2	MANE Select
ENST00000295379.2	NM_014482.3	BMP10	MANE Select
ENST00000383767.7	NM_001003793.3	RBMS3	MANE Select
ENST00000244051.3	NM_014484.5	MOCS3	MANE Select
ENST00000295256.10	NM_014485.3	HPGDS	MANE Select
ENST00000262990.9	NM_014487.6	ZNF330	MANE Select
ENST00000527633.6	NM_001286060.2	RAB30	MANE Select
ENST00000278243.9	NM_014489.4	PGAP2	MANE Select
ENST00000320676.11	NM_002139.4	RBMX	MANE Select
ENST00000321870.3	NM_152414.5	BHLHE22	MANE Select
ENST00000219746.14	NM_001080430.4	TOX3	MANE Select
ENST00000395799.8	NM_014494.4	TNRC6A	MANE Select
ENST00000682573.1	NM_032968.5	PCDH11X	MANE Select
ENST00000371129.4	NM_014495.4	ANGPTL3	MANE Select
ENST00000262752.5	NM_014496.5	RPS6KA6	MANE Select
ENST00000264447.9	NM_014497.5	ZNF638	MANE Select
ENST00000470487.6	NM_014498.5	GOLIM4	MANE Select
ENST00000171757.3	NM_014499.4	P2RY10	MANE Select
ENST00000248342.9	NM_013234.4	EIF3K	MANE Select
ENST00000218364.5	NM_014500.5	HTATSF1	MANE Select
ENST00000264552.14	NM_014501.3	UBE2S	MANE Select
ENST00000227524.9	NM_014502.5	PRPF19	MANE Select
ENST00000261637.5	NM_014503.3	UTP20	MANE Select
ENST00000323013.7	NM_015703.5	RRP7A	MANE Select
ENST00000284957.9	NM_014504.3	RABGEF1	MANE Select
ENST00000370162.8	NM_001174084.2	POLL	MANE Select
ENST00000218230.6	NM_013271.5	PCSK1N	MANE Select
ENST00000258111.5	NM_014505.6	KCNMB4	MANE Select
ENST00000226230.8	NM_014573.3	TMEM97	MANE Select
ENST00000355999.5	NM_013233.3	STK39	MANE Select
ENST00000259339.7	NM_014506.3	TOR1B	MANE Select
ENST00000290429.11	NM_173467.5	MCAT	MANE Select
ENST00000361441.5	NM_014508.3	APOBEC3C	MANE Select
ENST00000263256.7	NM_015704.3	DESI1	MANE Select
ENST00000248929.14	NM_015705.6	SGSM3	MANE Select
ENST00000258080.8	NM_013247.5	HTRA2	MANE Select
ENST00000321757.11	NM_013283.5	MAT2B	MANE Select
ENST00000373284.10	NM_001085347.3	TOR2A	MANE Select
ENST00000242248.10	NM_013284.4	POLM	MANE Select
ENST00000318522.10	NM_019063.5	EML4	MANE Select
ENST00000331437.4	NM_031890.4	TMEM121B	MANE Select
ENST00000336737.8	NM_033070.3	HDHD5	MANE Select
ENST00000262608.13	NM_001290047.2	CECR2	MANE Select
ENST00000333891.14	NM_033026.6	PCLO	MANE Select
ENST00000390665.9	NM_013239.5	PPP2R3B	MANE Select
ENST00000217159.6	NM_016354.4	SLCO4A1	MANE Select
ENST00000318445.11	NM_013272.4	SLCO3A1	MANE Select
ENST00000381545.8	NM_019844.4	SLCO1B3	MANE Select
ENST00000262717.9	NM_031891.4	CDH20	MANE Select
ENST00000393885.9	NM_017595.6	NKIRAS2	MANE Select
ENST00000425478.7	NM_020345.4	NKIRAS1	MANE Select
ENST00000262150.7	NM_021153.4	CDH19	MANE Select
ENST00000366756.4	NM_005618.4	DLL1	MANE Select
ENST00000155926.9	NM_021643.4	TRIB2	MANE Select
ENST00000376227.4	NM_014008.5	CCDC22	MANE Select
ENST00000201979.3	NM_014012.6	REM1	MANE Select
ENST00000331808.5	NM_014015.4	DEXI	MANE Select
ENST00000368305.9	NM_014017.4	LAMTOR2	MANE Select
ENST00000276585.9	NM_014018.3	MRPS28	MANE Select
ENST00000328434.8	NM_001040431.3	COA3	MANE Select
ENST00000326442.10	NM_001101312.2	TMEM176B	MANE Select
ENST00000263579.5	NM_014026.6	DCPS	MANE Select
ENST00000193322.8	NM_014028.4	OSTM1	MANE Select
ENST00000225394.8	NM_014030.4	GIT1	MANE Select
ENST00000262462.9	NM_001017372.3	SLC27A6	MANE Select
ENST00000261369.9	NM_014035.4	SNX24	MANE Select
ENST00000335875.9	NM_014037.3	SLC6A16	MANE Select
ENST00000258761.8	NM_014038.3	BZW2	MANE Select
ENST00000354421.8	NM_001286069.2	C11orf54	MANE Select
ENST00000393427.7	NM_024684.4	AAMDC	MANE Select
ENST00000619898.5	NM_014041.5	SPCS1	MANE Select
ENST00000259873.5	NM_014046.4	MRPS18B	MANE Select
ENST00000588234.6	NM_014047.3	C19orf53	MANE Select
ENST00000308982.12	NM_014049.5	ACAD9	MANE Select
ENST00000549982.6	NM_014050.4	MRPL42	MANE Select
ENST00000211314.5	NM_014051.4	TMEM14A	MANE Select
ENST00000242591.10	NM_014055.4	IFT81	MANE Select
ENST00000366971.9	NM_014053.4	FLVCR1	MANE Select
ENST00000305363.9	NM_014058.4	TMPRSS11E	MANE Select
ENST00000379359.4	NM_014059.3	RGCC	MANE Select
ENST00000371317.10	NM_014060.3	MCTS1	MANE Select
ENST00000342972.3	NM_014061.5	MAGEH1	MANE Select
ENST00000268802.10	NM_014062.3	NOB1	MANE Select
ENST00000448521.6	NM_001014436.3	DBNL	MANE Select
ENST00000372483.9	NM_014064.4	NTMT1	MANE Select
ENST00000264992.8	NM_014065.4	ASTE1	MANE Select
ENST00000305103.4	NM_014066.4	COMMD5	MANE Select
ENST00000255681.7	NM_014067.4	MACROD1	MANE Select
ENST00000406875.8	NM_022740.5	HIPK2	MANE Select
ENST00000306185.8	NM_014078.6	MRPL13	MANE Select
ENST00000296233.4	NM_014079.4	KLF15	MANE Select
ENST00000395124.6	NM_199329.3	SLC43A3	MANE Select
ENST00000287394.10	NM_014109.4	ATAD2	MANE Select
ENST00000327827.12	NM_014117.3	HAPSTR1	MANE Select
ENST00000622447.5	NM_001387706.1	FAM156A	MANE Select
ENST00000202834.12	NM_001009925.2	TMEM230	MANE Select
ENST00000354475.5	NM_014149.4	WDR91	MANE Select
ENST00000302874.9	NM_024936.3	ZCCHC4	MANE Select
ENST00000355758.9	NM_014153.4	ZC3H7A	MANE Select
ENST00000357899.9	NM_001301098.2	ZBTB44	MANE Select
ENST00000219299.8	NM_014157.4	CFAP263	MANE Select
ENST00000304661.6	NM_001011551.3	C1GALT1C1	MANE Select
ENST00000409792.4	NM_014159.7	SETD2	MANE Select
ENST00000367034.5	NM_014161.5	MRPL18	MANE Select
ENST00000316149.8	NM_014165.4	NDUFAF4	MANE Select
ENST00000258648.7	NM_014166.4	MED4	MANE Select
ENST00000256151.8	NM_014167.5	CCDC59	MANE Select
ENST00000260953.10	NM_014168.4	METTL5	MANE Select
ENST00000347519.12	NM_014169.5	CHMP4A	MANE Select
ENST00000383678.8	NM_014170.4	GTPBP8	MANE Select
ENST00000247665.12	NM_014172.6	PHPT1	MANE Select
ENST00000598188.6	NM_014173.4	BABAM1	MANE Select
ENST00000341541.8	NM_014174.3	THYN1	MANE Select
ENST00000260102.9	NM_014175.4	MRPL15	MANE Select
ENST00000646651.1	NM_014176.4	UBE2T	MANE Select
ENST00000169551.11	NM_014177.3	TIMM21	MANE Select
ENST00000323944.10	NM_001394410.1	STXBP6	MANE Select
ENST00000523037.6	NM_014180.4	MRPL22	MANE Select
ENST00000238875.10	NM_014181.3	LGALSL	MANE Select
ENST00000243045.10	NM_014182.5	ORMDL2	MANE Select
ENST00000465271.6	NM_014184.4	CNIH4	MANE Select
ENST00000226105.11	NM_016492.5	RANGRF	MANE Select
ENST00000263401.10	NM_014186.4	COMMD9	MANE Select
ENST00000304800.14	NM_014187.4	TMEM208	MANE Select
ENST00000291386.4	NM_014188.3	SSU72	MANE Select
ENST00000344624.8	NM_001382508.1	DROSHA	MANE Select
ENST00000379221.4	NM_013238.3	DNAJC15	MANE Select
ENST00000303775.10	NM_013240.6	HEMK2	MANE Select
ENST00000262498.8	NM_013242.3	CFAP20	MANE Select
ENST00000220478.8	NM_013243.4	SCG3	MANE Select
ENST00000254998.3	NM_013248.3	NXT1	MANE Select
ENST00000247470.10	NM_013258.5	PYCARD	MANE Select
ENST00000258201.9	NM_013241.3	FHOD1	MANE Select
ENST00000331710.10	NM_013254.4	TBK1	MANE Select
ENST00000259870.4	NM_014070.3	C6orf15	MANE Select
ENST00000478951.6	NM_001008272.2	TAGLN3	MANE Select
ENST00000584667.6	NM_013260.8	SAP30BP	MANE Select
ENST00000356840.8	NM_013262.4	MYLIP	MANE Select
ENST00000394688.8	NM_013263.5	BRD7	MANE Select
ENST00000263576.11	NM_013264.5	DDX25	MANE Select
ENST00000433211.7	NM_013266.4	CTNNA3	MANE Select
ENST00000290855.11	NM_013269.6	CLEC2D	MANE Select
ENST00000315170.13	NM_013270.5	PRSS50	MANE Select
ENST00000301030.10	NM_013275.6	ANKRD11	MANE Select
ENST00000221797.5	NM_013268.3	LGALS13	MANE Select
ENST00000381153.8	NM_001329958.2	C11orf21	MANE Select
ENST00000381577.4	NM_014143.4	CD274	MANE Select
ENST00000312377.10	NM_001319999.2	RACGAP1	MANE Select
ENST00000650932.1	NM_001048201.3	UHRF1	MANE Select
ENST00000224337.10	NM_013314.4	BLNK	MANE Select
ENST00000400183.7	NM_001283041.3	USP25	MANE Select
ENST00000298838.11	NM_016223.5	PACSIN3	MANE Select
ENST00000295314.9	NM_013353.3	TMOD4	MANE Select
ENST00000308580.12	NM_014547.5	TMOD3	MANE Select
ENST00000249700.9	NM_014548.4	TMOD2	MANE Select
ENST00000251973.10	NM_014550.4	CARD10	MANE Select
ENST00000274849.3	NM_013375.4	ABT1	MANE Select
ENST00000338758.12	NM_013327.5	PARVB	MANE Select
ENST00000420993.7	NM_152299.4	NCAPH2	MANE Select
ENST00000310054.9	NM_030622.8	CYP2S1	MANE Select
ENST00000284719.8	NM_013341.5	OLA1	MANE Select
ENST00000330029.6	NM_013387.4	UQCR10	MANE Select
ENST00000339468.8	NM_013313.5	YPEL1	MANE Select
ENST00000565726.3	NM_001323627.2	ZDHHC1	MANE Select
ENST00000334554.12	NM_013373.4	ZDHHC8	MANE Select
ENST00000248948.4	NM_013378.3	VPREB3	MANE Select
ENST00000489432.7	NM_001099695.2	REPIN1	MANE Select
ENST00000324907.14	NM_198182.3	GRHL1	MANE Select
ENST00000263707.6	NM_014553.3	TFCP2L1	MANE Select
ENST00000549518.6	NM_001267594.2	SENP1	MANE Select
ENST00000391759.6	NM_013342.4	TFPT	MANE Select
ENST00000696290.1	NM_014555.4	TRPM5	MANE Select
ENST00000316386.11	NM_012092.4	ICOS	MANE Select
ENST00000262376.11	NM_001079514.3	UBN1	MANE Select
ENST00000239891.4	NM_013338.5	ALG5	MANE Select
ENST00000381160.8	NM_001101648.2	NPC1L1	MANE Select
ENST00000323927.3	NM_013366.4	ANAPC2	MANE Select
ENST00000361272.9	NM_013354.7	CNOT7	MANE Select
ENST00000222990.8	NM_013321.4	SNX8	MANE Select
ENST00000338523.9	NM_013322.3	SNX10	MANE Select
ENST00000263280.11	NM_013403.3	STRN4	MANE Select
ENST00000373062.8	NM_013285.3	GNL2	MANE Select
ENST00000563281.2	NM_013286.5	RBM15B	MANE Select
ENST00000393795.8	NM_016556.4	PSMC3IP	MANE Select
ENST00000616140.2	NM_013291.3	CPSF1	MANE Select
ENST00000322861.12	NM_013292.5	MYL11	MANE Select
ENST00000297071.9	NM_013293.5	TRA2A	MANE Select
ENST00000264126.9	NM_013296.5	GPSM2	MANE Select
ENST00000652489.1	NM_013299.4	SAC3D1	MANE Select
ENST00000377673.10	NM_013300.3	FAM216A	MANE Select
ENST00000586790.6	NM_001370470.1	CCDC106	MANE Select
ENST00000263026.10	NM_013302.5	EEF2K	MANE Select
ENST00000315087.12	NM_013305.6	ST8SIA5	MANE Select
ENST00000377244.8	NM_013306.5	SNX15	MANE Select
ENST00000309180.6	NM_013308.4	GPR171	MANE Select
ENST00000397668.8	NM_013312.3	HOOK2	MANE Select
ENST00000376810.6	NM_013319.3	UBIAD1	MANE Select
ENST00000229330.9	NM_013320.3	HCFC2	MANE Select
ENST00000359238.7	NM_013323.3	SNX11	MANE Select
ENST00000269221.8	NM_013326.5	RMC1	MANE Select
ENST00000343818.11	NM_013328.4	PYCR2	MANE Select
ENST00000367811.8	NM_013330.5	NME7	MANE Select
ENST00000257696.5	NM_013332.4	HILPDA	MANE Select
ENST00000270460.11	NM_001130072.2	EPN1	MANE Select
ENST00000308388.7	NM_021971.4	GMPPB	MANE Select
ENST00000313597.10	NM_013335.4	GMPPA	MANE Select
ENST00000243253.8	NM_013336.4	SEC61A1	MANE Select
ENST00000327158.5	NM_013337.4	TIMM22	MANE Select
ENST00000263440.6	NM_013339.4	ALG6	MANE Select
ENST00000306549.6	NM_013340.4	PCDHB1	MANE Select
ENST00000329797.8	NM_013345.4	GPR132	MANE Select
ENST00000374274.8	NM_013346.4	SNX12	MANE Select
ENST00000373040.4	NM_013347.4	RPA4	MANE Select
ENST00000366988.5	NM_013349.5	NENF	MANE Select
ENST00000644252.3	NM_013352.4	DSE	MANE Select
ENST00000291906.5	NM_013355.5	PKN3	MANE Select
ENST00000523392.2	NM_001323311.2	PURG	MANE Select
ENST00000375471.5	NM_013358.3	PADI1	MANE Select
ENST00000593810.3	NM_013364.6	PNMA3	MANE Select
ENST00000315368.8	NM_013367.3	ANAPC4	MANE Select
ENST00000322354.4	NM_203344.3	SERTAD3	MANE Select
ENST00000628202.3	NM_175867.3	DNMT3L	MANE Select
ENST00000393306.6	NM_182981.3	OSGIN1	MANE Select
ENST00000659997.3	NM_153758.5	IL19	MANE Select
ENST00000357949.5	NM_013376.4	SERTAD1	MANE Select
ENST00000402685.7	NM_001164595.2	PDZRN4	MANE Select
ENST00000371579.7	NM_013379.3	DPP7	MANE Select
ENST00000261180.10	NM_013381.3	TRHDE	MANE Select
ENST00000261534.9	NM_013382.7	POMT2	MANE Select
ENST00000368954.10	NM_022075.5	CERS2	MANE Select
ENST00000565488.6	NM_013386.5	SLC25A24	MANE Select
ENST00000255189.8	NM_013391.3	DMGDH	MANE Select
ENST00000379852.8	NM_013392.4	NRBP1	MANE Select
ENST00000242257.14	NM_013393.3	MRM2	MANE Select
ENST00000458694.6	NM_013397.6	PRICKLE4	MANE Select
ENST00000567695.6	NM_013399.3	CDIP1	MANE Select
ENST00000357479.10	NM_001083893.2	STRN3	MANE Select
ENST00000276654.10	NM_013437.5	LRP12	MANE Select
ENST00000376588.4	NM_058179.4	PSAT1	MANE Select
ENST00000393486.6	NM_001166345.3	MDFIC	MANE Select
ENST00000638749.2	NM_014575.4	SCHIP1	MANE Select
ENST00000373997.8	NM_014576.4	A1CF	MANE Select
ENST00000338222.7	NM_013444.4	UBQLN2	MANE Select
ENST00000376395.9	NM_013438.5	UBQLN1	MANE Select
ENST00000303071.10	NM_017613.4	DONSON	MANE Select
ENST00000277746.11	NM_030759.5	NRBF2	MANE Select
ENST00000308831.7	NM_014578.4	RHOD	MANE Select
ENST00000269740.9	NM_144564.5	SLC39A3	MANE Select
ENST00000298681.5	NM_014579.4	SLC39A2	MANE Select
ENST00000373371.8	NM_014580.5	SLC2A8	MANE Select
ENST00000372034.8	NM_014581.4	OBP2B	MANE Select
ENST00000609309.3	NM_178238.4	PILRB	MANE Select
ENST00000371776.6	NM_014582.3	OBP2A	MANE Select
ENST00000198536.7	NM_013439.3	PILRA	MANE Select
ENST00000244458.7	NM_020804.5	PACSIN1	MANE Select
ENST00000392783.7	NM_013450.4	BAZ2B	MANE Select
ENST00000157600.8	NM_014583.4	LMCD1	MANE Select
ENST00000246802.10	NM_015710.5	NOP53	MANE Select
ENST00000594866.3	NM_001394372.1	BICRA	MANE Select
ENST00000265825.6	NM_020369.3	FSCN3	MANE Select
ENST00000425528.6	NM_001382241.1	TNPO2	MANE Select
ENST00000395686.8	NM_014584.3	ERO1A	MANE Select
ENST00000307998.11	NM_016938.5	EFEMP2	MANE Select
ENST00000177694.2	NM_013351.2	TBX21	MANE Select
ENST00000405863.6	NM_152745.3	NXPH1	MANE Select
ENST00000397821.8	NM_031892.3	SH3KBP1	MANE Select
ENST00000296921.6	NM_021025.4	TLX3	MANE Select
ENST00000370519.4	NM_013453.3	SPANXA1	MANE Select
ENST00000261024.7	NM_014585.6	SLC40A1	MANE Select
ENST00000334889.4	NM_013435.3	RAX	MANE Select
ENST00000270112.7	NM_014586.2	HUNK	MANE Select
ENST00000293894.4	NM_014587.5	SOX8	MANE Select
ENST00000376709.9	NM_014588.6	VSX1	MANE Select
ENST00000375116.3	NM_014589.3	PLA2G2E	MANE Select
ENST00000373146.6	NM_013443.5	ST6GALNAC6	MANE Select
ENST00000603053.2	NM_001130925.2	ERVW-1	MANE Select
ENST00000315576.8	NM_013447.4	ADGRE2	MANE Select
ENST00000295225.10	NM_013434.5	KCNIP3	MANE Select
ENST00000356640.7	NM_173191.3	KCNIP2	MANE Select
ENST00000328939.9	NM_014592.4	KCNIP1	MANE Select
ENST00000285106.11	NM_014593.4	CXXC1	MANE Select
ENST00000315475.7	NM_014594.3	ZNF354C	MANE Select
ENST00000245552.7	NM_014595.3	NT5C	MANE Select
ENST00000332435.10	NM_170783.4	POLR1H	MANE Select
ENST00000315599.12	NM_021155.4	CD209	MANE Select
ENST00000436063.7	NM_014597.5	DNTTIP2	MANE Select
ENST00000612932.6	NM_014598.4	SOCS7	MANE Select
ENST00000220325.9	NM_139265.4	EHD4	MANE Select
ENST00000322054.10	NM_014600.3	EHD3	MANE Select
ENST00000263277.8	NM_014601.4	EHD2	MANE Select
ENST00000369585.4	NM_172377.5	CTAG2	MANE Select
ENST00000356763.8	NM_014602.3	PIK3R4	MANE Select
ENST00000337231.5	NM_014603.3	CDR2L	MANE Select
ENST00000225525.4	NM_014604.4	TAX1BP3	MANE Select
ENST00000356493.10	NM_013442.3	STOML2	MANE Select
ENST00000650543.2	NM_001369775.2	KLK14	MANE Select
ENST00000684732.1	NM_001370125.1	KLK12	MANE Select
ENST00000310826.10	NM_001098402.2	ZBTB21	MANE Select
ENST00000563290.6	NM_020843.4	SCAPER	MANE Select
ENST00000270708.12	NM_017818.4	WRAP73	MANE Select
ENST00000271835.3	NM_016190.3	CRNN	MANE Select
ENST00000367165.3	NM_001001346.3	CLDN20	MANE Select
ENST00000251810.8	NM_015713.5	RRM2B	MANE Select
ENST00000357276.9	NM_014140.4	SMARCAL1	MANE Select
ENST00000367029.5	NM_015714.4	G0S2	MANE Select
ENST00000215885.4	NM_015715.5	PLA2G3	MANE Select
ENST00000355280.11	NM_153827.5	MINK1	MANE Select
ENST00000410009.5	NM_015717.5	CD207	MANE Select
ENST00000389039.11	NM_001363711.2	DUOX2	MANE Select
ENST00000263317.9	NM_016931.5	NOX4	MANE Select
ENST00000159060.3	NM_015718.3	NOX3	MANE Select
ENST00000264828.4	NM_015719.4	COL5A3	MANE Select
ENST00000392924.2	NM_001177949.2	SYCP3	MANE Select
ENST00000342480.7	NM_015720.4	PODXL2	MANE Select
ENST00000303694.6	NM_018413.6	CHST11	MANE Select
ENST00000367098.6	NM_018724.4	IL20	MANE Select
ENST00000311659.5	NM_017481.4	UBQLN3	MANE Select
ENST00000328957.13	NM_001122636.2	GALNT9	MANE Select
ENST00000337929.8	NM_181078.3	IL21R	MANE Select
ENST00000538666.6	NM_020525.5	IL22	MANE Select
ENST00000310018.7	NM_020632.3	ATP6V0A4	MANE Select
ENST00000355123.9	NM_006277.3	ITSN2	MANE Select
ENST00000316637.7	NM_022047.4	DEF6	MANE Select
ENST00000392790.6	NM_022034.6	CUZD1	MANE Select
ENST00000530374.6	NM_001330618.2	ZFTRAF1	MANE Select
ENST00000319004.6	NM_015721.3	GEMIN4	MANE Select
ENST00000252939.9	NM_015722.4	CALY	MANE Select
ENST00000674324.2	NM_001370694.2	ANO7	MANE Select
ENST00000257694.13	NM_001256007.3	PNPLA8	MANE Select
ENST00000409359.7	NM_001367493.1	ARHGEF4	MANE Select
ENST00000296315.8	NM_019555.3	ARHGEF3	MANE Select
ENST00000471889.7	NM_001080397.3	SLC45A1	MANE Select
ENST00000412654.2	NR_132312.2	PCA3	MANE Select
ENST00000242462.5	NM_020999.4	NEUROG3	MANE Select
ENST00000591589.3	NM_015725.4	RDH8	MANE Select
ENST00000368074.6	NM_015726.4	DCAF8	MANE Select
ENST00000422670.7	NM_033310.3	KCNK4	MANE Select
ENST00000324324.12	NM_016132.5	MYEF2	MANE Select
ENST00000231357.7	NM_016358.3	IRX4	MANE Select
ENST00000518721.6	NM_018482.4	ASAP1	MANE Select
ENST00000381809.8	NM_016282.4	AK3	MANE Select
ENST00000438032.6	NM_001372052.1	HP1BP3	MANE Select
ENST00000299633.7	NM_016073.4	HDGFL3	MANE Select
ENST00000543155.6	NM_001164094.2	COPS7A	MANE Select
ENST00000370274.8	NM_015922.3	NSDHL	MANE Select
ENST00000247879.2	NM_016943.2	TAS2R3	MANE Select
ENST00000247881.4	NM_016944.2	TAS2R4	MANE Select
ENST00000249284.3	NM_016945.3	TAS2R16	MANE Select
ENST00000382492.4	NM_019599.3	TAS2R1	MANE Select
ENST00000240691.4	NM_023917.2	TAS2R9	MANE Select
ENST00000240615.3	NM_023918.3	TAS2R8	MANE Select
ENST00000240687.2	NM_023919.2	TAS2R7	MANE Select
ENST00000390677.2	NM_023920.2	TAS2R13	MANE Select
ENST00000240619.3	NM_023921.2	TAS2R10	MANE Select
ENST00000537503.2	NM_023922.2	TAS2R14	MANE Select
ENST00000649637.2	NM_021044.4	DHH	MANE Select
ENST00000368026.11	NM_016946.6	F11R	MANE Select
ENST00000295756.11	NM_016388.4	TRAT1	MANE Select
ENST00000383759.7	NM_015873.4	VILL	MANE Select
ENST00000458121.7	NM_001037281.2	PARD6A	MANE Select
ENST00000229332.12	NM_016184.4	CLEC4A	MANE Select
ENST00000357545.9	NM_001040159.2	SPOCK3	MANE Select
ENST00000370053.3	NM_015894.4	STMN3	MANE Select
ENST00000265981.7	NM_016422.4	RNF141	MANE Select
ENST00000683400.1	NM_001352005.2	NTM	MANE Select
ENST00000014930.9	NM_015987.5	HEBP1	MANE Select
ENST00000531738.6	NM_001378964.1	CDON	MANE Select
ENST00000193391.8	NM_016247.4	IMPG2	MANE Select
ENST00000286063.11	NM_016953.4	PDE11A	MANE Select
ENST00000376207.10	NM_014009.4	FOXP3	MANE Select
ENST00000293441.6	NM_016148.5	SHANK1	MANE Select
ENST00000373296.8	NM_001109878.2	TBX22	MANE Select
ENST00000301691.3	NM_025237.3	SOST	MANE Select
ENST00000370282.8	NM_016040.5	TMED5	MANE Select
ENST00000710437.1	NM_001370479.2	SLC35B3	MANE Select
ENST00000287025.4	NM_015942.5	MTERF3	MANE Select
ENST00000272424.11	NM_016058.5	TPRKB	MANE Select
ENST00000225728.8	NM_016060.3	MED31	MANE Select
ENST00000334571.7	NM_182476.3	COQ6	MANE Select
ENST00000293971.11	NM_001330449.2	AMDHD2	MANE Select
ENST00000372230.10	NM_015945.12	SLC35H1	MANE Select
ENST00000672957.1	NM_001198800.3	ASCC1	MANE Select
ENST00000158771.9	NM_016041.5	DERL2	MANE Select
ENST00000327304.10	NM_016042.4	EXOSC3	MANE Select
ENST00000233379.9	NM_016044.3	FAHD2A	MANE Select
ENST00000355937.9	NM_016045.3	PRELID3B	MANE Select
ENST00000370902.8	NM_016046.5	EXOSC1	MANE Select
ENST00000456936.4	NM_181836.6	TMED7	MANE Select
ENST00000173527.6	NM_016048.2	ISOC1	MANE Select
ENST00000216799.9	NM_016049.4	EMC9	MANE Select
ENST00000366932.4	NM_016052.4	RRP15	MANE Select
ENST00000240079.11	NM_016053.4	WASHC3	MANE Select
ENST00000398153.7	NM_016063.3	HDDC2	MANE Select
ENST00000372945.8	NM_016065.4	MRPS16	MANE Select
ENST00000367439.8	NM_197962.3	GLRX2	MANE Select
ENST00000295491.9	NM_016067.4	MRPS18C	MANE Select
ENST00000223136.5	NM_016068.3	FIS1	MANE Select
ENST00000318059.8	NM_016069.11	PAM16	MANE Select
ENST00000229314.10	NM_016072.5	GOLT1B	MANE Select
ENST00000369152.6	NM_016074.5	BOLA1	MANE Select
ENST00000378060.9	NM_016075.4	VPS36	MANE Select
ENST00000302550.16	NM_016076.5	DESI2	MANE Select
ENST00000307767.13	NM_016078.6	TVP23B	MANE Select
ENST00000301329.11	NM_016080.4	GLOD4	MANE Select
ENST00000375910.8	NM_015849.3	CELA2B	MANE Select
ENST00000301935.10	NM_001286077.2	UBXN1	MANE Select
ENST00000374266.7	NM_015871.5	ZNF593	MANE Select
ENST00000535420.6	NM_001256455.2	ZBTB7B	MANE Select
ENST00000324000.4	NM_015879.3	ST8SIA3	MANE Select
ENST00000260113.7	NM_015886.5	PI15	MANE Select
ENST00000165524.1	NM_015893.1	PRLH	MANE Select
ENST00000230056.8	NM_015895.5	GMNN	MANE Select
ENST00000226299.9	NM_015907.3	LAP3	MANE Select
ENST00000272321.12	NM_015910.7	WDPCP	MANE Select
ENST00000651192.1	NM_001242739.2	ZNF691	MANE Select
ENST00000395297.6	NM_015912.4	FAM135B	MANE Select
ENST00000371626.9	NM_015913.4	TXNDC12	MANE Select
ENST00000283033.10	NM_015914.7	TXNDC11	MANE Select
ENST00000358385.12	NM_015915.5	ATL1	MANE Select
ENST00000260743.10	NM_015916.5	CALHM2	MANE Select
ENST00000330964.10	NM_015920.4	RPS27L	MANE Select
ENST00000544814.7	NM_001256748.3	SSUH2	MANE Select
ENST00000324868.13	NM_001040436.3	YARS2	MANE Select
ENST00000351193.7	NM_015938.5	NMD3	MANE Select
ENST00000388752.8	NM_015950.5	MRPL2	MANE Select
ENST00000596358.6	NM_001270960.2	NOSIP	MANE Select
ENST00000428559.7	NM_015954.4	DERA	MANE Select
ENST00000404530.6	NM_001301833.4	MEMO1	MANE Select
ENST00000253099.11	NM_015956.3	MRPL4	MANE Select
ENST00000395787.4	NM_015957.4	APIP	MANE Select
ENST00000278422.9	NM_015959.4	TMX2	MANE Select
ENST00000370476.10	NM_015960.3	CUTC	MANE Select
ENST00000341162.8	NM_015962.5	FCF1	MANE Select
ENST00000407315.6	NM_015963.6	THAP4	MANE Select
ENST00000507754.9	NM_015965.7	NDUFA13	MANE Select
ENST00000245539.11	NM_015971.4	MRPS7	MANE Select
ENST00000302979.5	NM_015972.4	POLR1D	MANE Select
ENST00000265643.4	NM_015973.5	GAL	MANE Select
ENST00000298248.12	NM_015974.3	CRYL1	MANE Select
ENST00000313375.8	NM_032951.3	MLXIPL	MANE Select
ENST00000326637.8	NM_015978.3	TNNI3K	MANE Select
ENST00000007699.10	NM_015982.4	YBX2	MANE Select
ENST00000504108.7	NM_015990.5	KLHL5	MANE Select
ENST00000219207.10	NM_015993.3	PLLP	MANE Select
ENST00000382103.7	NM_016955.4	SEPSECS	MANE Select
ENST00000324225.9	NM_001040455.2	SIDT2	MANE Select
ENST00000368216.9	NM_015997.4	METTL25B	MANE Select
ENST00000340990.10	NM_015999.6	ADIPOR1	MANE Select
ENST00000251607.11	NM_182916.3	TRNT1	MANE Select
ENST00000225298.12	NM_016001.3	UTP18	MANE Select
ENST00000366510.4	NM_016002.3	SCCPDH	MANE Select
ENST00000373030.8	NM_016004.5	IFT52	MANE Select
ENST00000644371.2	NM_016006.6	ABHD5	MANE Select
ENST00000370558.8	NM_016009.5	SH3GLB1	MANE Select
ENST00000263849.9	NM_016010.3	ZC2HC1A	MANE Select
ENST00000263702.11	NM_016011.5	MECR	MANE Select
ENST00000260361.9	NM_016013.4	NDUFAF1	MANE Select
ENST00000333421.7	NM_001025780.3	ABHD17B	MANE Select
ENST00000395386.7	NM_016018.5	PHF20L1	MANE Select
ENST00000367166.5	NM_016020.4	TFB1M	MANE Select
ENST00000369109.8	NM_001077628.3	APH1A	MANE Select
ENST00000358154.8	NM_016025.5	METTL9	MANE Select
ENST00000381346.9	NM_016026.4	RDH11	MANE Select
ENST00000276590.5	NM_016027.3	LACTB2	MANE Select
ENST00000304363.9	NM_017635.5	KMT5B	MANE Select
ENST00000324266.10	NM_016030.6	TRAPPC12	MANE Select
ENST00000357166.11	NM_016032.4	ZDHHC9	MANE Select
ENST00000406452.8	NM_016033.3	RMDN1	MANE Select
ENST00000241600.10	NM_016034.5	MRPS2	MANE Select
ENST00000300452.8	NM_016035.5	COQ4	MANE Select
ENST00000373014.5	NM_016037.4	UTP11	MANE Select
ENST00000246868.7	NM_016038.4	SBDS	MANE Select
ENST00000265100.6	NM_016093.4	RPL26L1	MANE Select
ENST00000473414.6	NM_016094.4	COMMD2	MANE Select
ENST00000311212.9	NM_016096.5	ZNF706	MANE Select
ENST00000256433.6	NM_016097.5	IER3IP1	MANE Select
ENST00000357743.9	NM_001002296.2	GOLGA7	MANE Select
ENST00000334982.9	NM_016100.5	NAA20	MANE Select
ENST00000366698.7	NM_016102.4	TRIM17	MANE Select
ENST00000402673.7	NM_016103.4	SAR1B	MANE Select
ENST00000301455.7	NM_139314.3	ANGPTL4	MANE Select
ENST00000263634.8	NM_016115.5	ASB3	MANE Select
ENST00000378319.8	NM_001040443.3	PHF11	MANE Select
ENST00000332687.11	NM_016120.4	RLIM	MANE Select
ENST00000259154.9	NM_016121.5	KCTD3	MANE Select
ENST00000397809.10	NM_016122.3	CEP83	MANE Select
ENST00000613694.5	NM_016123.4	IRAK4	MANE Select
ENST00000305783.13	NM_016125.4	RNFT1	MANE Select
ENST00000264389.7	NM_016129.3	COPS4	MANE Select
ENST00000245787.9	NM_016133.4	INSIG2	MANE Select
ENST00000395422.4	NM_016139.4	CHCHD2	MANE Select
ENST00000273130.9	NM_016141.4	DYNC1LI1	MANE Select
ENST00000278353.10	NM_016142.3	HSD17B12	MANE Select
ENST00000236709.4	NM_016161.3	A4GNT	MANE Select
ENST00000341550.9	NM_016162.4	ING4	MANE Select
ENST00000372838.9	NM_016174.5	CERCAM	MANE Select
ENST00000292586.11	NM_016175.4	MRNIP	MANE Select
ENST00000360001.12	NM_016176.6	SDF4	MANE Select
ENST00000296589.9	NM_016180.5	SLC45A2	MANE Select
ENST00000330263.5	NM_016183.4	MRTO4	MANE Select
ENST00000409753.8	NM_016185.4	JPT1	MANE Select
ENST00000261994.9	NM_001100607.3	SERPINA10	MANE Select
ENST00000325333.10	NM_207115.2	ZNF580	MANE Select
ENST00000292510.6	NM_016208.4	VPS28	MANE Select
ENST00000357203.8	NM_016210.5	C3orf18	MANE Select
ENST00000308874.12	NM_016215.5	EGFL7	MANE Select
ENST00000260803.9	NM_016216.4	DBR1	MANE Select
ENST00000447998.7	NM_016221.4	DCTN4	MANE Select
ENST00000337664.9	NM_016228.4	AADAT	MANE Select
ENST00000369681.10	NM_016230.4	CYB5R4	MANE Select
ENST00000647165.2	NM_016239.4	MYO15A	MANE Select
ENST00000358290.9	NM_016245.5	HSD17B11	MANE Select
ENST00000263278.9	NM_016246.3	HSD17B14	MANE Select
ENST00000312251.8	NM_016256.4	NAGPA	MANE Select
ENST00000325752.8	NM_016261.4	TUBD1	MANE Select
ENST00000368662.10	NM_016262.5	TUBE1	MANE Select
ENST00000265165.6	NM_016269.5	LEF1	MANE Select
ENST00000369124.5	NM_016274.6	PLEKHO1	MANE Select
ENST00000325945.4	NM_016527.4	HAO2	MANE Select
ENST00000306869.7	NM_016286.4	DCXR	MANE Select
ENST00000378372.8	NM_016299.4	HSPA14	MANE Select
ENST00000228827.8	NM_016301.4	GPN3	MANE Select
ENST00000231948.9	NM_016302.4	CRBN	MANE Select
ENST00000372661.6	NM_016303.3	TCEAL9	MANE Select
ENST00000260443.9	NM_016304.3	RSL24D1	MANE Select
ENST00000011691.6	NM_001370300.1	SS18L2	MANE Select
ENST00000264350.8	NM_016323.4	HERC5	MANE Select
ENST00000264001.9	NM_016951.4	CKLF	MANE Select
ENST00000496856.6	NM_001303426.2	ZNF639	MANE Select
ENST00000325324.11	NM_016338.5	IPO11	MANE Select
ENST00000620260.6	NM_016339.6	RAPGEFL1	MANE Select
ENST00000371380.8	NM_016341.4	PLCE1	MANE Select
ENST00000530997.7	NM_020921.4	NIN	MANE Select
ENST00000222482.10	NM_016352.4	CPA4	MANE Select
ENST00000262096.13	NM_016353.5	ZDHHC2	MANE Select
ENST00000358007.7	NM_016355.4	DDX47	MANE Select
ENST00000559596.6	NM_016359.5	NUSAP1	MANE Select
ENST00000258975.7	NM_016360.4	TACO1	MANE Select
ENST00000583509.7	NM_016361.5	ACP6	MANE Select
ENST00000417454.5	NM_016363.5	GP6	MANE Select
ENST00000478873.7	NM_001363514.2	DUSP13B	MANE Select
ENST00000183605.10	NM_016369.4	CLDN18	MANE Select
ENST00000243298.3	NM_016370.4	RAB9B	MANE Select
ENST00000371920.4	NM_016383.5	LUZP4	MANE Select
ENST00000331334.5	NM_016417.3	GLRX5	MANE Select
ENST00000360947.8	NM_016423.3	ZNF219	MANE Select
ENST00000332567.6	NM_016427.3	ELOA2	MANE Select
ENST00000225941.6	NM_016428.3	ABI3	MANE Select
ENST00000621465.5	NM_016429.4	COPZ2	MANE Select
ENST00000360525.9	NM_153682.3	PIGP	MANE Select
ENST00000318348.9	NM_016433.4	GLTP	MANE Select
ENST00000374012.8	NM_016436.5	PHF20	MANE Select
ENST00000316763.8	NM_016440.4	VRK3	MANE Select
ENST00000280527.7	NM_016441.3	CRIM1	MANE Select
ENST00000317749.9	NM_016449.4	DRICH1	MANE Select
ENST00000267750.9	NM_016454.4	EMC4	MANE Select
ENST00000347708.5	NM_016458.4	HGH1	MANE Select
ENST00000302125.9	NM_016459.4	MZB1	MANE Select
ENST00000393537.5	NM_016466.6	ANKRD39	MANE Select
ENST00000389912.7	NM_016468.7	COX16	MANE Select
ENST00000383794.7	NM_016474.5	CCDC174	MANE Select
ENST00000296444.7	NM_016479.6	SHISA5	MANE Select
ENST00000265192.9	NM_016480.5	PAIP2	MANE Select
ENST00000239666.9	NM_016484.5	PDZD11	MANE Select
ENST00000372025.5	NM_016486.4	TMEM69	MANE Select
ENST00000311381.8	NM_016487.5	MTRES1	MANE Select
ENST00000610140.7	NM_001002010.5	NT5C3A	MANE Select
ENST00000490605.3	NM_001122646.3	FAM178B	MANE Select
ENST00000360840.9	NM_016491.4	MRPL37	MANE Select
ENST00000306368.9	NM_016494.4	RNF181	MANE Select
ENST00000379300.8	NM_016495.6	TBC1D7	MANE Select
ENST00000215555.7	NM_001005415.2	MARCHF2	MANE Select
ENST00000229238.5	NM_016497.4	MRPL51	MANE Select
ENST00000515837.7	NM_001173990.3	TMEM216	MANE Select
ENST00000373358.8	NM_016500.5	PBDC1	MANE Select
ENST00000338148.8	NM_145212.4	MRPL30	MANE Select
ENST00000225969.9	NM_016504.3	MRPL27	MANE Select
ENST00000265334.9	NM_001113575.2	CDKL3	MANE Select
ENST00000298527.11	NM_016509.4	CLEC1B	MANE Select
ENST00000315330.8	NM_016511.4	CLEC1A	MANE Select
ENST00000323372.9	NM_016518.3	PIPOX	MANE Select
ENST00000310125.5	NM_016521.3	TFDP3	MANE Select
ENST00000297661.9	NM_016525.5	UBAP1	MANE Select
ENST00000382762.8	NM_001098787.2	BET1L	MANE Select
ENST00000261438.10	NM_016531.6	KLF3	MANE Select
ENST00000451802.7	NM_016536.5	ZNF571	MANE Select
ENST00000264711.7	NM_016544.3	DNAJC27	MANE Select
ENST00000367577.7	NM_016545.5	IER5	MANE Select
ENST00000266542.9	NM_016546.4	C1RL	MANE Select
ENST00000388712.7	NM_016548.4	GOLM1	MANE Select
ENST00000401804.6	NM_001282771.3	ANKMY1	MANE Select
ENST00000305978.7	NM_033630.3	SCAND1	MANE Select
ENST00000261658.7	NM_016561.3	BFAR	MANE Select
ENST00000380659.4	NM_016562.4	TLR7	MANE Select
ENST00000220062.9	NM_016563.4	RASL12	MANE Select
ENST00000330106.5	NM_016564.4	CEND1	MANE Select
ENST00000355693.5	NM_016565.3	COA4	MANE Select
ENST00000330120.5	NM_016568.3	RXFP3	MANE Select
ENST00000360150.9	NM_016570.3	ERGIC2	MANE Select
ENST00000203556.9	NM_016573.4	GMIP	MANE Select
ENST00000399440.7	NM_001002002.3	GMPR2	MANE Select
ENST00000301458.10	NM_016579.4	CD320	MANE Select
ENST00000231484.4	NM_016580.4	PCDH12	MANE Select
ENST00000270517.12	NM_016581.5	ECSIT	MANE Select
ENST00000227880.8	NM_016582.3	SLC15A3	MANE Select
ENST00000354297.9	NM_130852.3	BPIFA1	MANE Select
ENST00000342640.9	NM_016585.5	SPMAP2	MANE Select
ENST00000244766.7	NM_016588.3	NRN1	MANE Select
ENST00000494664.6	NM_016589.4	TIMMDC1	MANE Select
ENST00000652361.2	NM_001366737.1	GCNT4	MANE Select
ENST00000275016.3	NM_016593.5	CYP39A1	MANE Select
ENST00000550765.6	NM_016594.3	FKBP11	MANE Select
ENST00000424952.7	NM_001135179.2	ZDHHC3	MANE Select
ENST00000520439.3	NM_001282534.2	KCNK9	MANE Select
ENST00000689681.1	NM_001385994.1	FAM13B	MANE Select
ENST00000239906.10	NM_016605.3	FAM53C	MANE Select
ENST00000378339.7	NM_001271803.2	REEP2	MANE Select
ENST00000372829.8	NM_016608.2	ARMCX1	MANE Select
ENST00000354772.10	NM_016609.7	SLC22A17	MANE Select
ENST00000218032.7	NM_138636.5	TLR8	MANE Select
ENST00000519973.6	NM_016612.4	SLC25A37	MANE Select
ENST00000585682.6	NM_001128424.2	GASK1B	MANE Select
ENST00000199447.9	NM_016616.5	NME8	MANE Select
ENST00000347055.4	NM_016618.3	KRCC1	MANE Select
ENST00000311507.9	NM_016619.3	PLAC8	MANE Select
ENST00000676320.1	NM_001352027.3	PHF21A	MANE Select
ENST00000337109.9	NM_016622.4	MRPL35	MANE Select
ENST00000611884.5	NM_001271838.2	RSRC1	MANE Select
ENST00000406189.4	NM_016626.5	MEX3C	MANE Select
ENST00000359904.8	NM_016627.5	AMZ2	MANE Select
ENST00000354911.9	NM_016628.5	WAC	MANE Select
ENST00000204566.7	NM_016630.7	SPG21	MANE Select
ENST00000336125.6	NM_001113738.2	ARL17A	MANE Select
ENST00000302312.9	NM_016633.4	AHSP	MANE Select
ENST00000315580.10	NM_018694.4	ARL6IP4	MANE Select
ENST00000326577.9	NM_016639.3	TNFRSF12A	MANE Select
ENST00000320955.8	NM_016642.4	SPTBN5	MANE Select
ENST00000319296.10	NM_001142305.2	ZNF771	MANE Select
ENST00000407149.7	NM_001300783.2	PRR16	MANE Select
ENST00000379095.5	NM_001033088.3	NGRN	MANE Select
ENST00000336138.4	NM_016647.3	THEM6	MANE Select
ENST00000337908.5	NM_148975.3	MS4A4A	MANE Select
ENST00000395153.8	NM_001079520.2	DACT1	MANE Select
ENST00000536226.2	NM_001278628.2	CRNKL1	MANE Select
ENST00000322357.9	NM_015898.4	ZBTB7A	MANE Select
ENST00000441788.7	NM_016263.4	FZR1	MANE Select
ENST00000392533.8	NM_016281.4	TAOK3	MANE Select
ENST00000617889.5	NM_016523.3	KLRF1	MANE Select
ENST00000332411.2	NM_015848.4	KRT76	MANE Select
ENST00000282869.11	NM_015852.5	ZNF117	MANE Select
ENST00000379484.10	NM_015884.4	MBTPS2	MANE Select
ENST00000371208.5	NM_015888.6	HOOK1	MANE Select
ENST00000307731.2	NM_015891.3	CDC40	MANE Select
ENST00000435907.6	NM_001270764.2	CHST15	MANE Select
ENST00000231749.8	NM_015896.4	ZMYND10	MANE Select
ENST00000273371.9	NM_015900.4	PLA1A	MANE Select
ENST00000520539.6	NM_015902.6	UBR5	MANE Select
ENST00000357500.5	NM_015918.4	POP5	MANE Select
ENST00000341333.10	NM_015926.6	TEX264	MANE Select
ENST00000380842.5	NM_015932.6	POMP	MANE Select
ENST00000438607.2	NM_015933.6	TMA7	MANE Select
ENST00000285298.9	NM_015969.3	MRPS17	MANE Select
ENST00000380171.9	NM_001170795.4	ATRAID	MANE Select
ENST00000306121.8	NM_015976.5	SNX7	MANE Select
ENST00000367454.6	NM_001199261.3	UCHL5	MANE Select
ENST00000381922.5	NM_015985.4	ANGPT4	MANE Select
ENST00000324238.7	NM_015986.4	CRLF3	MANE Select
ENST00000444623.6	NM_001244705.2	CSAD	MANE Select
ENST00000216442.12	NM_015994.4	ATP6V1D	MANE Select
ENST00000222462.3	NM_057168.2	WNT16	MANE Select
ENST00000354698.8	NM_016089.3	ZNF589	MANE Select
ENST00000652021.1	NM_016091.4	EIF3L	MANE Select
ENST00000254940.10	NM_016101.5	NIP7	MANE Select
ENST00000466444.7	NM_015952.4	RWDD1	MANE Select
ENST00000357847.9	NM_016108.4	AIG1	MANE Select
ENST00000338560.12	NM_016113.5	TRPV2	MANE Select
ENST00000274458.9	NM_016144.4	COMMD10	MANE Select
ENST00000596731.7	NM_016145.4	WDR83OS	MANE Select
ENST00000533632.6	NM_016146.6	TRAPPC4	MANE Select
ENST00000328257.13	NM_016147.3	PPME1	MANE Select
ENST00000451315.7	NM_016167.5	NOL7	MANE Select
ENST00000232854.9	NM_016173.5	HEMK1	MANE Select
ENST00000615107.6	NM_016293.4	BIN2	MANE Select
ENST00000160382.10	NM_016188.5	ACTL6B	MANE Select
ENST00000249883.10	NM_016201.4	AMOTL2	MANE Select
ENST00000287878.9	NM_016203.4	PRKAG2	MANE Select
ENST00000241436.9	NM_016218.6	POLK	MANE Select
ENST00000620827.6	NM_001282359.2	ZNF107	MANE Select
ENST00000330503.12	NM_016222.4	DDX41	MANE Select
ENST00000392185.8	NM_016224.5	SNX9	MANE Select
ENST00000263688.4	NM_014283.5	SUCO	MANE Select
ENST00000261819.8	NM_016237.5	ANAPC5	MANE Select
ENST00000455511.9	NM_016238.3	ANAPC7	MANE Select
ENST00000301904.4	NM_016240.3	SCARA3	MANE Select
ENST00000247452.4	NM_016249.4	MAGEC2	MANE Select
ENST00000259963.4	NM_016255.3	FAM8A1	MANE Select
ENST00000372844.8	NM_016257.4	HPCAL4	MANE Select
ENST00000373812.8	NM_016258.3	YTHDF2	MANE Select
ENST00000370634.8	NM_016267.4	VGLL1	MANE Select
ENST00000261593.8	NM_016271.5	RNF138	MANE Select
ENST00000328631.10	NM_016291.4	IP6K2	MANE Select
ENST00000433351.7	NM_016297.4	PCYOX1	MANE Select
ENST00000372469.6	NM_016307.4	PRRX2	MANE Select
ENST00000399069.8	NM_016309.3	LCMT1	MANE Select
ENST00000409830.6	NM_016315.4	GULP1	MANE Select
ENST00000258428.8	NM_016316.4	REV1	MANE Select
ENST00000268122.9	NM_016321.3	RHCG	MANE Select
ENST00000394752.8	NM_016329.4	SFMBT1	MANE Select
ENST00000314163.12	NM_016334.5	GPR89B	MANE Select
ENST00000435041.3	NM_016021.3	UBE2J1	MANE Select
ENST00000392920.8	NM_016337.3	EVL	MANE Select
ENST00000378454.8	NM_016356.5	DCDC2	MANE Select
ENST00000341247.9	NM_016357.5	LIMA1	MANE Select
ENST00000294288.5	NM_016366.3	CABP2	MANE Select
ENST00000338128.13	NM_016368.5	ISYNA1	MANE Select
ENST00000254521.8	NM_016371.4	HSD17B7	MANE Select
ENST00000341657.9	NM_001330063.2	ANKFY1	MANE Select
ENST00000317103.5	NM_016378.3	VCX2	MANE Select
ENST00000381089.7	NM_016379.4	VCX3A	MANE Select
ENST00000361256.10	NM_016390.4	SPOUT1	MANE Select
ENST00000614830.5	NM_016391.8	NOP16	MANE Select
ENST00000216038.6	NM_014306.5	RTCB	MANE Select
ENST00000261875.10	NM_016395.4	HACD3	MANE Select
ENST00000260327.9	NM_016396.3	CTDSPL2	MANE Select
ENST00000652272.2	NM_198976.4	NELFCD	MANE Select
ENST00000546954.2	NM_016399.3	TRIAP1	MANE Select
ENST00000278483.8	NM_016401.4	HIKESHI	MANE Select
ENST00000279839.8	NM_016403.4	CWC15	MANE Select
ENST00000544844.6	NM_016404.3	TRMT112	MANE Select
ENST00000368003.6	NM_016406.4	UFC1	MANE Select
ENST00000357348.10	NM_016407.5	RTF2	MANE Select
ENST00000223500.9	NM_016410.6	CHMP5	MANE Select
ENST00000454366.2	NM_016426.7	GTSE1	MANE Select
ENST00000340181.9	NM_016135.4	ETV7	MANE Select
ENST00000366991.5	NM_016448.4	DTL	MANE Select
ENST00000294129.7	NM_016453.4	NCKIPSD	MANE Select
ENST00000394434.7	NM_020117.11	LARS1	MANE Select
ENST00000229563.6	NM_016462.4	TMEM14C	MANE Select
ENST00000302517.8	NM_016463.9	CXXC5	MANE Select
ENST00000278826.11	NM_016464.5	TMEM138	MANE Select
ENST00000255174.3	NM_016470.8	OSER1	MANE Select
ENST00000555181.6	NM_016472.5	GSKIP	MANE Select
ENST00000616435.5	NM_016475.5	JKAMP	MANE Select
ENST00000344877.10	NM_001002248.3	ANAPC11	MANE Select
ENST00000358303.9	NM_016478.5	ZC3HC1	MANE Select
ENST00000375119.8	NM_016481.5	TRMO	MANE Select
ENST00000327906.8	NM_016483.7	PHF7	MANE Select
ENST00000367630.9	NM_016485.5	VTA1	MANE Select
ENST00000358314.12	NM_201439.2	PPHLN1	MANE Select
ENST00000266263.10	NM_016498.5	MTFP1	MANE Select
ENST00000344147.10	NM_016505.4	ZCCHC17	MANE Select
ENST00000254663.12	NM_016510.7	SCLY	MANE Select
ENST00000272322.9	NM_016516.3	VPS54	MANE Select
ENST00000270451.6	NM_016535.4	ZNF581	MANE Select
ENST00000328666.11	NM_016538.3	SIRT7	MANE Select
ENST00000337491.7	NM_016539.4	SIRT6	MANE Select
ENST00000216756.11	NM_032630.3	CINP	MANE Select
ENST00000373840.9	NM_016322.4	RAB14	MANE Select
ENST00000249887.3	NM_016557.4	ACKR4	MANE Select
ENST00000467460.6	NM_016559.3	PEX5L	MANE Select
ENST00000370657.9	NM_016571.3	LGSN	MANE Select
ENST00000392876.8	NM_001031701.3	NT5DC3	MANE Select
ENST00000285208.9	NM_016577.4	RAB6B	MANE Select
ENST00000228534.6	NM_016584.3	IL23A	MANE Select
ENST00000416007.9	NM_016586.3	MBIP	MANE Select
ENST00000080059.12	NM_015401.5	HDAC7	MANE Select
ENST00000471229.7	NM_177947.3	ARMCX3	MANE Select
ENST00000378198.9	NM_016614.3	TDP2	MANE Select
ENST00000239878.9	NM_016617.4	UFM1	MANE Select
ENST00000694912.1	NM_001353258.2	CYRIB	MANE Select
ENST00000353258.8	NM_016641.4	GDE1	MANE Select
ENST00000344442.10	NM_016648.4	LARP7	MANE Select
ENST00000617257.2	NM_001276380.2	ESF1	MANE Select
ENST00000337198.10	NM_148174.4	AZIN1	MANE Select
ENST00000690938.1	NM_001346413.3	PCF11	MANE Select
ENST00000263205.11	NM_001003891.3	MED15	MANE Select
ENST00000262971.3	NM_015897.4	PIAS4	MANE Select
ENST00000358465.7	NM_015906.4	TRIM33	MANE Select
ENST00000611405.5	NM_015908.6	SRRT	MANE Select
ENST00000281513.10	NM_015909.4	NBAS	MANE Select
ENST00000488034.6	NM_001014840.2	CUTA	MANE Select
ENST00000605618.6	NM_205834.4	LSR	MANE Select
ENST00000651691.1	NM_145199.3	LIPT1	MANE Select
ENST00000264279.10	NM_015934.5	NOP58	MANE Select
ENST00000361735.4	NM_015935.5	METTL13	MANE Select
ENST00000279036.12	NM_015937.6	PIGT	MANE Select
ENST00000203001.7	NM_015939.5	TRMT6	MANE Select
ENST00000359530.7	NM_015941.4	ATP6V1H	MANE Select
ENST00000265857.8	NM_015949.3	GET4	MANE Select
ENST00000370109.8	NM_015958.3	DPH5	MANE Select
ENST00000348547.7	NM_015966.3	ERGIC3	MANE Select
ENST00000341864.6	NM_015975.5	TAF9B	MANE Select
ENST00000303177.8	NM_015980.5	NSG2	MANE Select
ENST00000222402.8	NM_015983.4	UBE2D4	MANE Select
ENST00000307145.4	NM_015995.4	KLF13	MANE Select
ENST00000325974.9	NM_015622.6	CCZ1	MANE Select
ENST00000260605.12	NM_016008.4	DYNC2LI1	MANE Select
ENST00000377095.10	NM_001143780.3	SLC25A39	MANE Select
ENST00000354926.9	NM_016019.5	LUC7L2	MANE Select
ENST00000404789.8	NM_016023.5	OTUD6B	MANE Select
ENST00000305536.11	NM_016024.4	RBMX2	MANE Select
ENST00000557185.6	NM_016029.4	DHRS7	MANE Select
ENST00000261700.8	NM_016039.3	RTRAF	MANE Select
ENST00000233468.5	NM_016047.4	SF3B6	MANE Select
ENST00000310614.12	NM_016055.6	MRPL48	MANE Select
ENST00000358230.8	NM_016056.4	TMBIM4	MANE Select
ENST00000373699.6	NM_016059.5	PPIL1	MANE Select
ENST00000261353.9	NM_016061.3	YPEL5	MANE Select
ENST00000422424.7	NM_016062.4	CIAO2B	MANE Select
ENST00000313608.13	NM_016070.4	MRPS23	MANE Select
ENST00000324787.10	NM_053035.3	MRPS33	MANE Select
ENST00000393038.3	NM_016077.5	PTRH2	MANE Select
ENST00000263856.9	NM_016079.4	CHMP3	MANE Select
ENST00000346416.7	NM_016408.4	CDK5RAP1	MANE Select
ENST00000225688.4	NM_016084.5	RASD1	MANE Select
ENST00000359697.8	NM_001317785.2	STYXL1	MANE Select
ENST00000253462.8	NM_016095.3	GINS2	MANE Select
ENST00000360961.11	NM_016098.4	MPC1	MANE Select
ENST00000424785.7	NM_181342.3	FKBP7	MANE Select
ENST00000265069.13	NM_016107.5	ZFR	MANE Select
ENST00000264607.9	NM_001040445.3	ASB1	MANE Select
ENST00000325885.6	NM_016116.3	ASB4	MANE Select
ENST00000568733.6	NM_001243351.2	NUB1	MANE Select
ENST00000194214.10	NM_016126.4	IFT25	MANE Select
ENST00000256255.11	NM_016127.6	SARAF	MANE Select
ENST00000393957.7	NM_015964.4	TPPP3	MANE Select
ENST00000555019.6	NM_001202429.2	ASB2	MANE Select
ENST00000222644.10	NM_001303037.2	PALS2	MANE Select
ENST00000369902.8	NM_016169.4	SUFU	MANE Select
ENST00000252622.15	NM_016199.3	LSM7	MANE Select
ENST00000249299.7	NM_016200.5	LSM8	MANE Select
ENST00000238112.8	NM_016207.4	CPSF3	MANE Select
ENST00000696289.1	NM_001318525.2	TRAPPC2L	MANE Select
ENST00000367658.3	NM_016217.3	HECA	MANE Select
ENST00000549578.6	NM_016226.5	VPS29	MANE Select
ENST00000299498.11	NM_016229.5	CYB5R2	MANE Select
ENST00000407008.8	NM_016231.5	NLK	MANE Select
ENST00000375460.3	NM_016233.2	PADI3	MANE Select
ENST00000354655.9	NM_203379.2	ACSL5	MANE Select
ENST00000300571.7	NM_016235.3	GPRC5B	MANE Select
ENST00000296420.9	NM_016242.4	EMCN	MANE Select
ENST00000367249.9	NM_016243.3	CYB5R1	MANE Select
ENST00000355684.6	NM_016264.4	ZNF44	MANE Select
ENST00000471696.6	NM_016275.5	SELENOT	MANE Select
ENST00000468148.6	NM_016277.5	RAB23	MANE Select
ENST00000258418.10	NM_016289.4	CAB39	MANE Select
ENST00000511320.6	NM_001199298.2	UIMC1	MANE Select
ENST00000338040.6	NM_016298.4	FBXO40	MANE Select
ENST00000265028.8	NM_016306.6	DNAJB11	MANE Select
ENST00000371873.10	NM_016308.3	CMPK1	MANE Select
ENST00000293860.6	NM_016310.5	POLR3K	MANE Select
ENST00000261167.7	NM_016312.3	WBP11	MANE Select
ENST00000326010.10	NM_016327.3	UPB1	MANE Select
ENST00000361871.8	NM_016332.4	MSRB1	MANE Select
ENST00000509018.6	NM_016340.6	RAPGEF6	MANE Select
ENST00000335542.13	NM_016362.5	GHRL	MANE Select
ENST00000566780.6	NM_016373.4	WWOX	MANE Select
ENST00000264183.9	NM_016374.6	ARID4B	MANE Select
ENST00000368034.9	NM_016382.4	CD244	MANE Select
ENST00000505658.6	NM_016424.5	LUC7L3	MANE Select
ENST00000360203.11	NM_001283009.2	RTEL1	MANE Select
ENST00000253410.3	NM_016438.4	HIGD1B	MANE Select
ENST00000443439.7	NM_001040458.3	ERAP1	MANE Select
ENST00000643932.2	NM_001042590.4	TMEM8B	MANE Select
ENST00000447079.6	NM_016507.4	CDK12	MANE Select
ENST00000372447.7	NM_016520.3	C9orf78	MANE Select
ENST00000355377.7	NM_016524.4	SYT17	MANE Select
ENST00000381655.7	NM_016529.6	ATP8A2	MANE Select
ENST00000321437.9	NM_016530.3	RAB8B	MANE Select
ENST00000421807.7	NM_016532.4	INPP5K	MANE Select
ENST00000248150.5	NM_016541.3	GNG13	MANE Select
ENST00000394334.7	NM_016542.4	STK26	MANE Select
ENST00000343028.9	NM_016551.3	TM7SF3	MANE Select
ENST00000308488.11	NM_016578.4	RSF1	MANE Select
ENST00000375213.8	NM_016653.3	MAP3K20	MANE Select
ENST00000307128.6	NM_016599.5	MYOZ2	MANE Select
ENST00000314358.10	NM_016604.4	KDM3B	MANE Select
ENST00000537611.3	NM_017419.3	ASIC5	MANE Select
ENST00000216513.5	NM_017420.5	SIX4	MANE Select
ENST00000254759.8	NM_017421.4	COQ3	MANE Select
ENST00000380332.5	NM_017422.5	CALML5	MANE Select
ENST00000330423.8	NM_018943.3	TUBA8	MANE Select
ENST00000297540.5	NM_032177.4	PHAX	MANE Select
ENST00000265000.9	NM_017423.3	GALNT7	MANE Select
ENST00000399837.8	NM_001282225.2	ADA2	MANE Select
ENST00000642384.2	NM_022893.4	BCL11A	MANE Select
ENST00000276127.9	NM_033048.6	CPXCR1	MANE Select
ENST00000261721.9	NM_025238.4	BTBD1	MANE Select
ENST00000227135.7	NM_017425.4	SPA17	MANE Select
ENST00000682841.1	NM_001385224.1	IL17D	MANE Select
ENST00000302174.9	NM_024047.5	NUDT9	MANE Select
ENST00000373502.10	NM_001039840.4	CHIC1	MANE Select
ENST00000389363.5	NM_001001524.3	TM6SF2	MANE Select
ENST00000322019.14	NM_023003.5	TM6SF1	MANE Select
ENST00000319294.11	NM_018961.4	UBASH3A	MANE Select
ENST00000556143.6	NM_021260.4	ZFYVE1	MANE Select
ENST00000389484.8	NM_018557.3	LRP1B	MANE Select
ENST00000307534.10	NM_148977.3	PANK1	MANE Select
ENST00000375835.9	NM_016848.6	SHC3	MANE Select
ENST00000264883.8	NM_017426.4	NUP54	MANE Select
ENST00000335509.11	NM_017901.6	TPCN1	MANE Select
ENST00000339561.12	NM_016929.5	CLIC5	MANE Select
ENST00000306200.7	NM_016930.4	STX18	MANE Select
ENST00000434436.8	NM_001281453.2	MBD3	MANE Select
ENST00000413139.2	NM_001324418.2	ADAM22	MANE Select
ENST00000258168.7	NM_017429.3	BCO1	MANE Select
ENST00000439262.7	NM_017431.4	PRKAG3	MANE Select
ENST00000391842.6	NM_001394010.1	PTOV1	MANE Select
ENST00000333430.6	NM_030760.5	S1PR5	MANE Select
ENST00000329553.3	NM_018962.3	RIPPLY3	MANE Select
ENST00000270310.7	NM_022006.2	FXYD7	MANE Select
ENST00000526014.6	NM_022003.4	FXYD6	MANE Select
ENST00000392219.7	NM_014164.6	FXYD5	MANE Select
ENST00000476166.6	NM_173160.3	FXYD4	MANE Select
ENST00000325602.6	NM_176894.3	P2RY13	MANE Select
ENST00000267015.4	NM_020370.3	GPR84	MANE Select
ENST00000316649.10	NM_014432.4	IL20RA	MANE Select
ENST00000329582.9	NM_144717.4	IL20RB	MANE Select
ENST00000510644.6	NM_001004356.3	FGFRL1	MANE Select
ENST00000260843.5	NM_023915.4	GPR87	MANE Select
ENST00000304271.11	NM_022338.4	C11orf24	MANE Select
ENST00000429814.3	NM_021616.6	TRIM34	MANE Select
ENST00000397542.7	NM_021924.5	CDHR5	MANE Select
ENST00000323319.7	NM_001111319.3	CLDN22	MANE Select
ENST00000642920.2	NM_017433.5	MYO3A	MANE Select
ENST00000389037.7	NM_175940.3	DUOX1	MANE Select
ENST00000357052.8	NM_016154.5	RAB4B	MANE Select
ENST00000303251.11	NM_001031677.4	RAB24	MANE Select
ENST00000274311.3	NM_015946.5	PELO	MANE Select
ENST00000266509.7	NM_017435.5	SLCO1C1	MANE Select
ENST00000392283.9	NM_130906.3	PPIL3	MANE Select
ENST00000359202.5	NM_031894.3	FTHL17	MANE Select
ENST00000524871.6	NM_014361.4	CNTN5	MANE Select
ENST00000303052.13	NM_022048.5	CSNK1G1	MANE Select
ENST00000642412.2	NM_017436.7	A4GALT	MANE Select
ENST00000298875.9	NM_017437.3	CPSF2	MANE Select
ENST00000342449.8	NM_033656.4	BRWD1	MANE Select
ENST00000352133.3	NM_001320537.2	SLC37A1	MANE Select
ENST00000400577.4	NM_144770.5	RBM11	MANE Select
ENST00000681687.1	NM_001384156.1	PCBP3	MANE Select
ENST00000291691.12	NM_058180.5	C21orf58	MANE Select
ENST00000397701.9	NM_001314025.2	YBEY	MANE Select
ENST00000399292.8	NM_058182.5	SMIM11	MANE Select
ENST00000290130.4	NM_018944.3	MIS18A	MANE Select
ENST00000323084.9	NM_144991.3	TSPEAR	MANE Select
ENST00000332131.9	NM_017438.5	SETD4	MANE Select
ENST00000357985.7	NM_058186.4	FAM3B	MANE Select
ENST00000332512.8	NM_020639.3	RIPK4	MANE Select
ENST00000349499.3	NM_053277.3	CLIC6	MANE Select
ENST00000257626.12	NM_017439.4	GSAP	MANE Select
ENST00000360658.3	NM_017442.4	TLR9	MANE Select
ENST00000374171.5	NM_017443.5	POLE3	MANE Select
ENST00000220913.10	NM_017444.6	CHRAC1	MANE Select
ENST00000315033.5	NM_022049.3	GPR88	MANE Select
ENST00000599962.2	NM_017445.3	H2BC12L	MANE Select
ENST00000352957.9	NM_017446.4	MRPL39	MANE Select
ENST00000284881.9	NM_001100420.2	C21orf91	MANE Select
ENST00000292782.9	NM_020640.4	DCUN1D1	MANE Select
ENST00000210444.6	NM_018946.4	NANS	MANE Select
ENST00000305786.7	NM_018947.6	CYCS	MANE Select
ENST00000377482.10	NM_018948.4	ERRFI1	MANE Select
ENST00000319231.10	NM_138317.3	KCNK10	MANE Select
ENST00000373113.8	NM_018965.4	TREM2	MANE Select
ENST00000244709.9	NM_018643.5	TREM1	MANE Select
ENST00000642720.2	NM_018967.5	SNTG1	MANE Select
ENST00000308624.10	NM_018968.4	SNTG2	MANE Select
ENST00000332582.5	NM_018969.6	GPR173	MANE Select
ENST00000424100.2	NM_001146267.2	GPR85	MANE Select
ENST00000556766.6	NM_053064.5	GNG2	MANE Select
ENST00000220822.12	NM_018972.4	GDAP1	MANE Select
ENST00000368400.5	NM_153741.2	DPM3	MANE Select
ENST00000340356.9	NM_018419.3	SOX18	MANE Select
ENST00000230256.8	NM_018974.4	UNC93A	MANE Select
ENST00000307746.9	NM_018659.3	CYTL1	MANE Select
ENST00000290167.11	NM_030761.5	WNT4	MANE Select
ENST00000378789.4	NM_017545.3	HAO1	MANE Select
ENST00000300086.5	NM_018975.4	TERF2IP	MANE Select
ENST00000256689.10	NM_018976.5	SLC38A2	MANE Select
ENST00000358741.4	NM_181303.2	NLGN3	MANE Select
ENST00000263593.8	NM_170601.5	SIAE	MANE Select
ENST00000247883.5	NM_018980.3	TAS2R5	MANE Select
ENST00000264065.12	NM_018981.4	DNAJC10	MANE Select
ENST00000072644.7	NM_018982.5	YIPF1	MANE Select
ENST00000226796.7	NM_018983.4	GAR1	MANE Select
ENST00000326495.10	NM_018984.4	SSH1	MANE Select
ENST00000245105.8	NM_018986.5	SH3TC1	MANE Select
ENST00000357599.8	NM_001031702.4	SEMA5B	MANE Select
ENST00000379287.4	NM_018988.4	GFOD1	MANE Select
ENST00000265271.7	NM_018989.2	RBM27	MANE Select
ENST00000356892.4	NM_018990.4	SASH3	MANE Select
ENST00000301738.9	NM_018992.4	KCTD5	MANE Select
ENST00000265748.7	NM_018685.5	ANLN	MANE Select
ENST00000255006.12	NM_018993.4	RIN2	MANE Select
ENST00000238789.10	NM_017552.4	ATAD2B	MANE Select
ENST00000375592.8	NM_018994.3	FBXO42	MANE Select
ENST00000262794.10	NM_018995.3	MOV10L1	MANE Select
ENST00000356784.2	NM_001168474.2	TAF7L	MANE Select
ENST00000429243.7	NM_018457.4	PRR13	MANE Select
ENST00000614145.5	NM_031901.6	MRPS21	MANE Select
ENST00000325285.8	NM_018998.4	FBXW5	MANE Select
ENST00000372088.8	NM_001284240.2	CCSER2	MANE Select
ENST00000306320.10	NM_001034850.3	RETREG1	MANE Select
ENST00000392981.7	NM_001282857.2	XRN1	MANE Select
ENST00000272342.6	NM_019002.4	ETAA1	MANE Select
ENST00000374906.4	NM_019003.5	SPIN2A	MANE Select
ENST00000265742.8	NM_019004.2	ANKIB1	MANE Select
ENST00000340080.9	NM_019005.4	MIOS	MANE Select
ENST00000261749.11	NM_019006.4	ZFAND6	MANE Select
ENST00000361910.9	NM_019007.4	ARMCX6	MANE Select
ENST00000325301.7	NM_019008.6	MIEF1	MANE Select
ENST00000317204.11	NM_019009.4	TOLLIP	MANE Select
ENST00000167588.4	NM_019010.3	KRT20	MANE Select
ENST00000442241.9	NM_018096.5	NLE1	MANE Select
ENST00000389902.8	NM_207111.4	RNF216	MANE Select
ENST00000429027.7	NM_001256470.2	PLEKHA5	MANE Select
ENST00000572447.6	NM_019013.3	PIMREG	MANE Select
ENST00000035307.7	NM_019015.3	CHPF2	MANE Select
ENST00000370141.8	NM_019083.3	TRMT13	MANE Select
ENST00000351989.8	NM_022720.7	DGCR8	MANE Select
ENST00000335568.10	NM_053039.2	UGT2B28	MANE Select
ENST00000274217.4	NM_019018.3	OTULINL	MANE Select
ENST00000369800.6	NM_001142651.3	NEURL1B	MANE Select
ENST00000623205.2	NM_001271562.2	C11orf71	MANE Select
ENST00000299608.7	NM_019022.5	TMX3	MANE Select
ENST00000441236.3	NM_019023.5	PRMT7	MANE Select
ENST00000233099.6	NM_019024.3	HEATR5B	MANE Select
ENST00000305958.9	NM_175839.3	SMOX	MANE Select
ENST00000367881.11	NM_019026.6	TMCO1	MANE Select
ENST00000295971.12	NM_001098634.2	RBM47	MANE Select
ENST00000446113.7	NM_019028.3	ZDHHC13	MANE Select
ENST00000265394.10	NM_031311.5	CPVL	MANE Select
ENST00000251636.10	NM_019030.4	DHX29	MANE Select
ENST00000271643.9	NM_019032.6	ADAMTSL4	MANE Select
ENST00000267205.7	NM_019034.3	RHOF	MANE Select
ENST00000344876.9	NM_019035.5	PCDH18	MANE Select
ENST00000274901.9	NM_001042406.2	HMGCLL1	MANE Select
ENST00000316052.6	NM_019037.3	EXOSC4	MANE Select
ENST00000505374.6	NM_024415.3	DDX4	MANE Select
ENST00000367233.10	NM_019041.7	MTRF1L	MANE Select
ENST00000469408.6	NM_019042.5	PUS7	MANE Select
ENST00000376236.9	NM_019043.4	APBB1IP	MANE Select
ENST00000376300.7	NM_019044.5	CCDC93	MANE Select
ENST00000254029.8	NM_019045.5	WDR44	MANE Select
ENST00000380094.10	NM_019046.3	ANKRD16	MANE Select
ENST00000260952.9	NM_019048.4	ASNSD1	MANE Select
ENST00000264819.7	NM_017550.3	MIER2	MANE Select
ENST00000692078.1	NM_001371395.1	USP53	MANE Select
ENST00000374865.5	NM_019051.3	MRPL50	MANE Select
ENST00000396268.8	NM_001105564.2	CCHCR1	MANE Select
ENST00000260762.10	NM_019053.6	EXOC6	MANE Select
ENST00000298786.5	NM_001330112.2	SHLD2	MANE Select
ENST00000306534.8	NM_019055.6	ROBO4	MANE Select
ENST00000377811.4	NM_001135998.3	NDUFB11	MANE Select
ENST00000514747.6	NM_001190946.3	FAM193B	MANE Select
ENST00000307365.4	NM_019058.4	DDIT4	MANE Select
ENST00000357244.7	NM_001100588.3	RC3H2	MANE Select
ENST00000358435.9	NM_019059.5	TOMM7	MANE Select
ENST00000368790.4	NM_019060.3	CRCT1	MANE Select
ENST00000382142.8	NM_001040446.3	MTMR12	MANE Select
ENST00000375121.4	NM_019062.2	RNF186	MANE Select
ENST00000392650.8	NM_001144952.2	SDK2	MANE Select
ENST00000305202.9	NM_019065.3	NECAB2	MANE Select
ENST00000650528.1	NM_019066.5	MAGEL2	MANE Select
ENST00000360845.3	NM_001184819.2	GNL3L	MANE Select
ENST00000330689.6	NM_019069.4	WDR5B	MANE Select
ENST00000247003.9	NM_019070.5	DDX49	MANE Select
ENST00000315870.10	NM_019071.3	ING3	MANE Select
ENST00000381007.9	NM_019072.3	SGTB	MANE Select
ENST00000371847.8	NM_019073.4	SPATA6	MANE Select
ENST00000374566.8	NM_019114.5	EPB41L4B	MANE Select
ENST00000249749.7	NM_019074.4	DLL4	MANE Select
ENST00000344644.10	NM_019075.4	UGT1A10	MANE Select
ENST00000373450.5	NM_019076.5	UGT1A8	MANE Select
ENST00000373426.4	NM_019077.3	UGT1A7	MANE Select
ENST00000305139.11	NM_001072.4	UGT1A6	MANE Select
ENST00000373414.4	NM_019078.2	UGT1A5	MANE Select
ENST00000366641.4	NM_022051.3	EGLN1	MANE Select
ENST00000329517.11	NM_053004.3	GNB1L	MANE Select
ENST00000296135.11	NM_020347.4	LZTFL1	MANE Select
ENST00000380032.8	NM_020641.3	EQTN	MANE Select
ENST00000309212.11	NM_032348.4	MXRA8	MANE Select
ENST00000498273.2	NM_019079.5	L1TD1	MANE Select
ENST00000354728.5	NM_021027.3	UGT1A9	MANE Select
ENST00000218652.12	NM_019080.3	NDFIP2	MANE Select
ENST00000258772.10	NM_019082.4	DDX56	MANE Select
ENST00000648947.1	NM_017553.3	INO80	MANE Select
ENST00000465148.3	NM_001134375.2	CCNJ	MANE Select
ENST00000338343.10	NM_001382779.1	FBXL19	MANE Select
ENST00000359236.10	NM_019086.6	VSIG10	MANE Select
ENST00000504924.6	NM_019087.3	ARL15	MANE Select
ENST00000221265.8	NM_019088.4	PAF1	MANE Select
ENST00000474629.7	NM_017554.3	PARP14	MANE Select
ENST00000377834.8	NM_019089.5	HES2	MANE Select
ENST00000418460.4	NM_019090.3	MAP10	MANE Select
ENST00000559228.6	NM_001040450.3	MINDY2	MANE Select
ENST00000373409.8	NM_007120.3	UGT1A4	MANE Select
ENST00000305208.10	NM_000463.3	UGT1A1	MANE Select
ENST00000482026.6	NM_019093.4	UGT1A3	MANE Select
ENST00000372648.10	NM_018201.5	TBC1D13	MANE Select
ENST00000278856.9	NM_001369450.1	WDR74	MANE Select
ENST00000396668.8	NM_001134232.2	TMEM106B	MANE Select
ENST00000261441.9	NM_018364.5	RSBN1	MANE Select
ENST00000308478.10	NM_001099658.2	LRRN3	MANE Select
ENST00000378863.9	NM_019095.6	CRLS1	MANE Select
ENST00000307126.10	NM_019096.5	GTPBP2	MANE Select
ENST00000331536.8	NM_021151.4	CROT	MANE Select
ENST00000370574.4	NM_017953.4	ZNHIT6	MANE Select
ENST00000383729.9	NM_177939.3	P4HTM	MANE Select
ENST00000535902.6	NM_018050.4	MANSC1	MANE Select
ENST00000198767.11	NM_018427.5	RRN3	MANE Select
ENST00000297598.5	NM_018444.4	PDP1	MANE Select
ENST00000374135.9	NM_018066.4	GPN2	MANE Select
ENST00000358935.3	NM_017824.5	MARCHF5	MANE Select
ENST00000320005.6	NM_019098.5	CNGB3	MANE Select
ENST00000355637.9	NM_145893.3	RBFOX1	MANE Plus Clinical
ENST00000550418.6	NM_018723.4	RBFOX1	MANE Select
ENST00000358525.9	NM_020208.4	SLC6A20	MANE Select
ENST00000447906.8	NM_001366057.1	OTUD4	MANE Select
ENST00000422806.2	NM_001290079.1	NKX1-1	MANE Select
ENST00000332598.7	NM_017510.6	TMED9	MANE Select
ENST00000525815.6	NM_017515.5	SLC35F2	MANE Select
ENST00000320578.3	NM_017516.3	RAB39A	MANE Select
ENST00000361479.10	NM_017520.4	MPHOSPH8	MANE Select
ENST00000295727.2	NM_017521.3	FEV	MANE Select
ENST00000361842.8	NM_017523.5	XAF1	MANE Select
ENST00000371065.9	NM_017526.5	LEPROT	MANE Select
ENST00000292430.10	NM_017527.4	LY6K	MANE Select
ENST00000199448.9	NM_017549.5	EPDR1	MANE Select
ENST00000375766.8	NM_017556.4	FBLIM1	MANE Select
ENST00000158009.6	NM_017559.4	FNDC8	MANE Select
ENST00000457543.4	NM_017560.3	ZNF853	MANE Select
ENST00000253262.9	NM_017561.2	NUTM2F	MANE Select
ENST00000296318.12	NM_017563.5	IL17RD	MANE Select
ENST00000592554.2	NM_017565.4	FAM20A	MANE Select
ENST00000270583.10	NM_017566.4	KLHDC4	MANE Select
ENST00000300954.10	NM_017573.5	PCSK4	MANE Select
ENST00000358160.9	NM_017577.5	GRAMD1C	MANE Select
ENST00000405845.8	NM_001317774.2	ROPN1	MANE Select
ENST00000359653.4	NM_017580.3	ZRANB1	MANE Select
ENST00000299413.7	NM_017583.6	TRIM44	MANE Select
ENST00000692032.1	NM_001367975.1	BTG4	MANE Select
ENST00000393567.7	NM_001270974.2	HYDIN	MANE Select
ENST00000375765.5	NM_017594.5	DIRAS2	MANE Select
ENST00000263433.8	NM_017607.4	PPP1R12C	MANE Select
ENST00000368586.10	NM_001200049.3	CFAP46	MANE Select
ENST00000348370.9	NM_017610.8	RNF111	MANE Select
ENST00000369023.8	NM_017615.3	NSMCE4A	MANE Select
ENST00000292566.4	NM_017621.4	ALKBH4	MANE Select
ENST00000389017.6	NM_017622.3	BORCS6	MANE Select
ENST00000444643.8	NM_017626.7	DNAJB12	MANE Select
ENST00000380013.9	NM_001127208.3	TET2	MANE Select
ENST00000221200.9	NM_017634.4	KCTD9	MANE Select
ENST00000252826.10	NM_017636.4	TRPM4	MANE Select
ENST00000380672.9	NM_017637.6	BNC2	MANE Select
ENST00000373842.9	NM_017638.3	MED18	MANE Select
ENST00000357232.10	NM_001358235.2	DCHS2	MANE Select
ENST00000586178.6	NM_017643.3	MBTD1	MANE Select
ENST00000242810.11	NM_017644.3	KLHL24	MANE Select
ENST00000380502.8	NM_017645.5	HAUS6	MANE Select
ENST00000316891.10	NM_017646.6	TRIT1	MANE Select
ENST00000369878.9	NM_017649.5	CNNM2	MANE Select
ENST00000265602.11	NM_001134831.2	AHI1	MANE Select
ENST00000396154.7	NM_017652.4	ZNF586	MANE Select
ENST00000675505.1	NM_001353214.3	DYM	MANE Select
ENST00000379958.3	NM_017654.4	SAMD9	MANE Select
ENST00000370759.4	NM_017655.6	GIPC2	MANE Select
ENST00000453372.7	NM_001130031.2	ZNF562	MANE Select
ENST00000409933.6	NM_203437.4	AFTPH	MANE Select
ENST00000396128.9	NM_017658.5	KLHL28	MANE Select
ENST00000012049.10	NM_017659.4	QPCTL	MANE Select
ENST00000683918.1	NM_001384528.1	GATAD2A	MANE Select
ENST00000267807.12	NM_017661.4	ZNF280D	MANE Select
ENST00000509437.6	NM_001300816.3	ZCCHC10	MANE Select
ENST00000396354.6	NM_017668.3	NDE1	MANE Select
ENST00000334463.4	NM_017669.4	ERCC6L	MANE Select
ENST00000646667.1	NM_017672.6	TRPM7	MANE Select
ENST00000367500.9	NM_017673.7	SWT1	MANE Select
ENST00000261944.10	NM_017675.6	CDHR2	MANE Select
ENST00000399004.7	NM_017676.2	GIN1	MANE Select
ENST00000375478.4	NM_001077639.2	NXPE4	MANE Select
ENST00000407086.8	NM_017679.5	BCAS3	MANE Select
ENST00000710274.1	NM_017680.6	ASPN	MANE Select
ENST00000372466.8	NM_017681.3	NUP62CL	MANE Select
ENST00000553030.6	NM_017682.3	BEST2	MANE Select
ENST00000644861.2	NM_020821.3	VPS13C	MANE Select
ENST00000369443.10	NM_017686.4	GDAP2	MANE Select
ENST00000374183.5	NM_017688.3	BSPRY	MANE Select
ENST00000448841.7	NM_001083913.2	WBP1L	MANE Select
ENST00000260382.10	NM_017691.5	LRRC49	MANE Select
ENST00000379817.7	NM_001195248.2	APTX	MANE Select
ENST00000257336.6	NM_017693.4	BIVM	MANE Select
ENST00000392328.6	NM_017694.4	MFSD6	MANE Select
ENST00000359152.10	NM_206927.4	SYTL2	MANE Select
ENST00000433389.8	NM_017697.4	ESRP1	MANE Select
ENST00000264852.9	NM_017699.3	SIDT1	MANE Select
ENST00000420470.3	NM_001242729.2	ARHGEF38	MANE Select
ENST00000563594.6	NM_001242818.2	DEF8	MANE Select
ENST00000247977.9	NM_017703.3	FBXL12	MANE Select
ENST00000544612.6	NM_017704.3	ANKRD49	MANE Select
ENST00000395407.7	NM_017705.4	PAQR5	MANE Select
ENST00000358337.10	NM_017706.5	WDR55	MANE Select
ENST00000263266.4	NM_017708.4	FAM83E	MANE Select
ENST00000369448.4	NM_017709.4	TENT5C	MANE Select
ENST00000368331.6	NM_001282860.2	GON4L	MANE Select
ENST00000374382.4	NM_017711.4	GDPD2	MANE Select
ENST00000269919.11	NM_017712.4	PGPEP1	MANE Select
ENST00000296149.9	NM_001031703.3	ELP6	MANE Select
ENST00000016913.8	NM_017716.3	MS4A12	MANE Select
ENST00000296088.12	NM_017719.5	SNRK	MANE Select
ENST00000318003.11	NM_017721.5	CC2D1A	MANE Select
ENST00000357503.3	NM_017723.3	TOR4A	MANE Select
ENST00000710324.2	NM_001396855.1	GPATCH4	MANE Select
ENST00000299174.10	NM_017726.8	PPP1R14D	MANE Select
ENST00000238788.14	NM_017727.5	TMEM214	MANE Select
ENST00000335464.10	NM_017728.4	SLC38A12	MANE Select
ENST00000201647.11	NM_133180.3	EPS8L1	MANE Select
ENST00000395443.7	NM_198880.3	QRICH1	MANE Select
ENST00000453061.7	NM_001127178.3	PIGG	MANE Select
ENST00000263174.9	NM_017734.5	PALMD	MANE Select
ENST00000271234.13	NM_001164473.3	FNBP1L	MANE Select
ENST00000380647.8	NM_017738.4	CNTLN	MANE Select
ENST00000382247.6	NM_017741.4	DCAF16	MANE Select
ENST00000269499.10	NM_017742.6	ZCCHC2	MANE Select
ENST00000300141.11	NM_130434.5	DPP8	MANE Select
ENST00000358039.9	NM_017744.5	ST7L	MANE Select
ENST00000378444.9	NM_001123385.2	BCOR	MANE Select
ENST00000374902.9	NM_017746.4	TEX10	MANE Select
ENST00000360839.7	NM_017747.3	ANKHD1	MANE Select
ENST00000614790.5	NM_017748.5	CWC25	MANE Select
ENST00000295802.9	NM_017750.4	RETSAT	MANE Select
ENST00000357242.10	NM_017752.3	TBC1D8B	MANE Select
ENST00000374874.8	NM_207299.2	PLPPR1	MANE Select
ENST00000192788.6	NM_017754.4	BLTP3A	MANE Select
ENST00000264670.11	NM_017755.6	NSUN2	MANE Select
ENST00000399138.5	NM_017758.4	ALKBH5	MANE Select
ENST00000403263.6	NM_017759.5	INO80D	MANE Select
ENST00000356309.8	NM_017760.7	NCAPG2	MANE Select
ENST00000435680.6	NM_017762.3	MTMR10	MANE Select
ENST00000407977.7	NM_017763.6	RNF43	MANE Select
ENST00000375153.8	NM_001040125.2	SLC66A1	MANE Select
ENST00000377022.8	NM_001079843.3	CASZ1	MANE Select
ENST00000354666.4	NM_017770.4	ELOVL2	MANE Select
ENST00000356151.7	NM_017771.5	PXK	MANE Select
ENST00000442561.7	NM_017773.4	LAX1	MANE Select
ENST00000274695.8	NM_017774.3	CDKAL1	MANE Select
ENST00000261647.10	NM_017775.4	TTC19	MANE Select
ENST00000393119.7	NM_017777.4	MKS1	MANE Select
ENST00000317025.13	NM_023034.2	NSD3	MANE Select
ENST00000308919.12	NM_017781.3	CYP2W1	MANE Select
ENST00000695737.1	NM_001321783.2	TASOR2	MANE Select
ENST00000265295.9	NM_017785.5	SPDL1	MANE Select
ENST00000305476.10	NM_017789.5	SEMA4C	MANE Select
ENST00000322177.6	NM_017793.3	RPP25	MANE Select
ENST00000338382.11	NM_001375567.1	FOCAD	MANE Select
ENST00000370339.8	NM_017798.4	YTHDF1	MANE Select
ENST00000261556.11	NM_017799.4	TMEM260	MANE Select
ENST00000205636.4	NM_017801.3	CMTM6	MANE Select
ENST00000297440.11	NM_017802.4	DNAAF5	MANE Select
ENST00000565263.6	NM_017803.5	DUS2	MANE Select
ENST00000448552.7	NM_001039690.5	CHTF8	MANE Select
ENST00000222145.9	NM_017805.3	RASIP1	MANE Select
ENST00000309546.8	NM_017806.4	LIME1	MANE Select
ENST00000396852.9	NM_001284527.2	ZSCAN32	MANE Select
ENST00000263228.4	NM_017811.4	UBE2R2	MANE Select
ENST00000262570.10	NM_017812.4	CHCHD3	MANE Select
ENST00000262644.9	NM_017813.5	BPNT2	MANE Select
ENST00000162044.14	NM_017814.3	TMEM161A	MANE Select
ENST00000541587.6	NM_001166269.2	HAUS4	MANE Select
ENST00000309922.7	NM_017819.4	TRMT10C	MANE Select
ENST00000340951.9	NM_017820.5	EXD3	MANE Select
ENST00000372990.6	NM_017821.5	RHBDL2	MANE Select
ENST00000420613.7	NM_017822.4	KANSL2	MANE Select
ENST00000368107.2	NM_001319658.2	DUSP23	MANE Select
ENST00000373178.5	NM_017825.3	ADPRS	MANE Select
ENST00000379881.8	NM_017826.3	SOHLH2	MANE Select
ENST00000221431.11	NM_017827.4	SARS2	MANE Select
ENST00000267935.13	NM_017828.5	COMMD4	MANE Select
ENST00000264312.12	NM_017830.4	OCIAD1	MANE Select
ENST00000217740.4	NM_017831.4	RNF125	MANE Select
ENST00000322940.11	NM_017832.4	ABITRAM	MANE Select
ENST00000381947.4	NM_001040192.3	DNAJC28	MANE Select
ENST00000360370.9	NM_017836.4	SLC41A3	MANE Select
ENST00000262134.10	NM_017839.5	LPCAT2	MANE Select
ENST00000300151.5	NM_017840.4	MRPL16	MANE Select
ENST00000301761.7	NM_017841.4	SDHAF2	MANE Select
ENST00000381571.6	NM_017845.5	COMMD8	MANE Select
ENST00000373830.4	NM_017846.5	TRNAU1AP	MANE Select
ENST00000287859.11	NM_017847.6	ODR4	MANE Select
ENST00000375180.7	NM_017848.6	FAM120C	MANE Select
ENST00000486637.2	NM_001350770.2	AIRIM	MANE Select
ENST00000649807.2	NM_001316943.2	PARP16	MANE Select
ENST00000268483.8	NM_017853.3	TXNL4B	MANE Select
ENST00000253047.7	NM_017854.2	TMEM160	MANE Select
ENST00000683306.1	NM_017855.4	ODAM	MANE Select
ENST00000680255.1	NM_001042479.2	GEMIN8	MANE Select
ENST00000308127.9	NM_017857.4	SSH3	MANE Select
ENST00000261881.9	NM_017858.3	TIPIN	MANE Select
ENST00000354216.11	NM_017859.4	UCKL1	MANE Select
ENST00000368926.6	NM_017860.5	C1orf56	MANE Select
ENST00000392391.9	NM_017861.4	PIGX	MANE Select
ENST00000276241.11	NM_001031705.3	CT55	MANE Select
ENST00000312184.6	NM_017866.6	TMEM70	MANE Select
ENST00000393381.3	NM_017867.3	HPF1	MANE Select
ENST00000529221.6	NM_017868.4	TTC12	MANE Select
ENST00000682872.1	NM_001386991.1	BANP	MANE Select
ENST00000453848.7	NM_178031.3	TMEM132A	MANE Select
ENST00000435064.6	NM_017871.6	INTS11	MANE Select
ENST00000231198.12	NM_017872.5	THG1L	MANE Select
ENST00000379772.4	NM_001258429.2	ADISSP	MANE Select
ENST00000650617.1	NM_017875.4	SLC25A38	MANE Select
ENST00000344420.10	NM_017877.4	SLC35F6	MANE Select
ENST00000255695.2	NM_017878.2	PLAAT2	MANE Select
ENST00000264434.7	NM_017880.3	C2orf42	MANE Select
ENST00000361092.9	NM_017881.3	NMRK1	MANE Select
ENST00000249806.11	NM_017882.3	CLN6	MANE Select
ENST00000314787.8	NM_017884.6	PINX1	MANE Select
ENST00000248089.8	NM_017885.4	HCFC1R1	MANE Select
ENST00000301831.9	NM_017886.4	ULK4	MANE Select
ENST00000294360.5	NM_017887.3	CZIB	MANE Select
ENST00000331849.8	NM_017888.3	ACSM5	MANE Select
ENST00000356321.4	NM_014106.4	ZNF770	MANE Select
ENST00000421241.7	NM_017891.5	C1orf159	MANE Select
ENST00000546148.6	NM_181877.4	ZSCAN2	MANE Select
ENST00000266069.5	NM_017896.3	GID8	MANE Select
ENST00000280701.8	NM_017897.3	OXSM	MANE Select
ENST00000366913.8	NM_017898.5	MTARC2	MANE Select
ENST00000335209.12	NM_017899.4	TESC	MANE Select
ENST00000338338.10	NM_017900.3	AURKAIP1	MANE Select
ENST00000644773.3	NM_001396518.1	TUG1	MANE Select
ENST00000371276.9	NM_001114108.2	TTC22	MANE Select
ENST00000434316.7	NM_017905.6	SLC9D1	MANE Select
ENST00000379568.4	NM_017906.3	PAK1IP1	MANE Select
ENST00000278671.10	NM_017907.3	LAMTOR1	MANE Select
ENST00000444024.3	NM_017909.4	RMND1	MANE Select
ENST00000306108.10	NM_017910.4	TRMT61B	MANE Select
ENST00000441876.7	NM_017911.4	FAM118A	MANE Select
ENST00000264346.12	NM_017912.4	HERC6	MANE Select
ENST00000409293.6	NM_017914.4	FAM174C	MANE Select
ENST00000327680.7	NM_017915.5	PARPBP	MANE Select
ENST00000262265.10	NM_017916.3	PIH1D1	MANE Select
ENST00000261475.10	NM_017917.4	PPP2R3C	MANE Select
ENST00000394650.7	NM_017918.5	MCUB	MANE Select
ENST00000259400.11	NM_017919.3	STX17	MANE Select
ENST00000355765.11	NM_017922.4	PRPF39	MANE Select
ENST00000514618.6	NM_001394959.1	MARCHF1	MANE Select
ENST00000319074.6	NM_017924.4	C14orf119	MANE Select
ENST00000450727.6	NM_001358683.3	ANKRD40CL	MANE Select
ENST00000381031.8	NM_017931.4	TTC38	MANE Select
ENST00000392055.8	NM_001100818.2	PID1	MANE Select
ENST00000275034.5	NM_017934.7	PHIP	MANE Select
ENST00000322953.9	NM_017935.5	BANK1	MANE Select
ENST00000371369.9	NM_001104544.3	TMEM255A	MANE Select
ENST00000299192.8	NM_182922.4	HEATR3	MANE Select
ENST00000535032.7	NM_001351264.2	MTNAP1	MANE Select
ENST00000313833.5	NM_017943.4	FBXO34	MANE Select
ENST00000527733.7	NM_001282659.2	USP47	MANE Select
ENST00000492406.6	NM_017945.5	SLC35A5	MANE Select
ENST00000222803.10	NM_017946.4	FKBP14	MANE Select
ENST00000261326.6	NM_017947.4	MOCOS	MANE Select
ENST00000442668.7	NM_017948.6	NOL8	MANE Select
ENST00000397545.9	NM_017950.4	CCDC40	MANE Select
ENST00000254630.12	NM_017952.6	PTCD3	MANE Select
ENST00000336219.4	NM_017955.4	CDCA4	MANE Select
ENST00000328599.4	NM_017956.4	TYW2	MANE Select
ENST00000268933.8	NM_017957.3	EPN3	MANE Select
ENST00000693505.1	NM_001100623.2	PLEKHB2	MANE Select
ENST00000301765.10	NM_017966.5	VPS37C	MANE Select
ENST00000358607.11	NM_001100418.2	REX1BD	MANE Select
ENST00000354366.8	NM_017970.4	NRDE2	MANE Select
ENST00000344843.12	NM_017971.4	MRPL20	MANE Select
ENST00000392017.9	NM_030803.7	ATG16L1	MANE Select
ENST00000307897.10	NM_017975.5	ZWILCH	MANE Select
ENST00000308182.10	NM_001039775.4	CRYBG2	MANE Select
ENST00000366878.9	NM_017982.4	SUSD4	MANE Select
ENST00000262139.10	NM_017983.7	WIPI1	MANE Select
ENST00000684423.1	NM_001386010.1	ZCWPW1	MANE Select
ENST00000682582.1	NM_001353486.2	SPATA6L	MANE Select
ENST00000254853.10	NM_017986.4	SLC52A1	MANE Select
ENST00000288050.9	NM_017990.5	PDPR	MANE Select
ENST00000690772.1	NM_001347969.2	ENOX1	MANE Select
ENST00000341567.8	NM_017994.5	TMEM248	MANE Select
ENST00000268148.13	NM_001144074.3	DET1	MANE Select
ENST00000376854.6	NM_017998.3	C9orf40	MANE Select
ENST00000324103.11	NM_017999.5	RNF31	MANE Select
ENST00000517566.7	NM_001198533.2	OXR1	MANE Select
ENST00000322954.11	NM_018003.4	UACA	MANE Select
ENST00000323523.8	NM_018004.3	TMEM45A	MANE Select
ENST00000283268.8	NM_018008.4	FEZF2	MANE Select
ENST00000266556.8	NM_018009.5	TAPBPL	MANE Select
ENST00000264538.4	NM_018010.4	IFT57	MANE Select
ENST00000400198.8	NM_018011.4	ARGLU1	MANE Select
ENST00000407071.7	NM_018012.4	KIF26B	MANE Select
ENST00000317357.10	NM_018013.4	SOBP	MANE Select
ENST00000372548.9	NM_018015.6	RADX	MANE Select
ENST00000369287.8	NM_018017.4	CCDC186	MANE Select
ENST00000266579.9	NM_018018.5	SLC38A4	MANE Select
ENST00000268711.4	NM_018019.3	MED9	MANE Select
ENST00000376008.3	NM_001136218.2	TMEM51	MANE Select
ENST00000287387.7	NM_018024.3	NTAQ1	MANE Select
ENST00000170564.7	NM_018025.3	GPATCH1	MANE Select
ENST00000610417.5	NM_001384574.2	SAMD4B	MANE Select
ENST00000533473.1	NM_018029.4	EBLN2	MANE Select
ENST00000265107.9	NM_018034.4	WDR70	MANE Select
ENST00000221943.14	NM_018035.3	DMAC2	MANE Select
ENST00000359933.6	NM_018036.7	ATG2B	MANE Select
ENST00000367635.8	NM_152663.5	RALGPS2	MANE Select
ENST00000366935.8	NM_018040.5	GPATCH2	MANE Select
ENST00000304905.10	NM_018042.5	SLFN12	MANE Select
ENST00000355303.10	NM_018043.7	ANO1	MANE Select
ENST00000455895.7	NM_018045.8	BSDC1	MANE Select
ENST00000312916.12	NM_018046.5	AGGF1	MANE Select
ENST00000320756.7	NM_018048.5	MAGOHB	MANE Select
ENST00000326631.7	NM_018049.3	PLEKHJ1	MANE Select
ENST00000407559.8	NM_018051.5	DYNC2I1	MANE Select
ENST00000373884.6	NM_018053.4	XKR8	MANE Select
ENST00000289968.11	NM_001006634.3	ARHGAP17	MANE Select
ENST00000336294.10	NM_018056.4	TMEM39B	MANE Select
ENST00000266682.10	NM_182767.6	SLC6A15	MANE Select
ENST00000370597.8	NM_018058.7	CRTAC1	MANE Select
ENST00000370025.9	NM_018061.4	PRPF38B	MANE Select
ENST00000233741.9	NM_018062.4	FANCL	MANE Select
ENST00000257787.6	NM_018064.4	AKIRIN2	MANE Select
ENST00000356766.11	NM_018068.5	PIWIL2	MANE Select
ENST00000506447.5	NM_032142.4	CEP192	MANE Select
ENST00000366582.8	NM_018072.6	HEATR1	MANE Select
ENST00000300747.10	NM_018073.8	TRIM68	MANE Select
ENST00000292246.8	NM_018075.5	ANO10	MANE Select
ENST00000305242.10	NM_018076.5	ODAD2	MANE Select
ENST00000223073.6	NM_018077.3	RBM28	MANE Select
ENST00000326639.11	NM_018078.4	LARP1B	MANE Select
ENST00000263736.5	NM_018079.5	SRBD1	MANE Select
ENST00000396463.7	NM_001143992.2	WRAP53	MANE Select
ENST00000333129.4	NM_018086.4	FIGN	MANE Select
ENST00000538603.6	NM_018088.3	FAM90A1	MANE Select
ENST00000323348.10	NM_018089.3	ANKZF1	MANE Select
ENST00000256398.13	NM_018091.6	ELP3	MANE Select
ENST00000260372.8	NM_018097.3	HAUS2	MANE Select
ENST00000373055.6	NM_001256875.2	CDCA8	MANE Select
ENST00000337338.9	NM_001134479.2	LRRC8D	MANE Select
ENST00000254250.7	NM_018105.3	THAP1	MANE Select
ENST00000335965.11	NM_001134389.2	ZDHHC4	MANE Select
ENST00000359890.8	NM_001077351.2	RBM23	MANE Select
ENST00000013070.11	NM_175748.4	UBR7	MANE Select
ENST00000263063.9	NM_018109.4	MTPAP	MANE Select
ENST00000408991.4	NM_018111.3	C19orf73	MANE Select
ENST00000374692.8	NM_018112.3	TMEM38B	MANE Select
ENST00000341949.9	NM_001009996.3	DALRD3	MANE Select
ENST00000356260.10	NM_018115.4	SDAD1	MANE Select
ENST00000245564.8	NM_018116.4	MSTO1	MANE Select
ENST00000276569.8	NM_018120.6	ARMC1	MANE Select
ENST00000649689.2	NM_018122.5	DARS2	MANE Select
ENST00000361070.9	NM_018124.4	RFWD3	MANE Select
ENST00000361221.8	NM_018125.4	ARHGEF10L	MANE Select
ENST00000504986.6	NM_018126.3	TMEM33	MANE Select
ENST00000642017.2	NM_018129.4	PNPO	MANE Select
ENST00000325599.13	NM_018130.3	SHQ1	MANE Select
ENST00000371485.8	NM_018131.5	CEP55	MANE Select
ENST00000335783.4	NM_018132.4	CENPQ	MANE Select
ENST00000309993.3	NM_018133.4	MSL2	MANE Select
ENST00000372133.8	NM_018135.4	MRPS18A	MANE Select
ENST00000370078.2	NM_018137.3	PRMT6	MANE Select
ENST00000338733.10	NM_018138.5	TBCCD1	MANE Select
ENST00000298292.13	NM_018139.3	DNAAF2	MANE Select
ENST00000053468.4	NM_018141.4	MRPS10	MANE Select
ENST00000397977.8	NM_018142.4	INTS10	MANE Select
ENST00000319121.4	NM_018143.3	KLHL11	MANE Select
ENST00000298428.14	NM_018144.4	SEC61A2	MANE Select
ENST00000338376.8	NM_018145.3	RMDN3	MANE Select
ENST00000304478.9	NM_018146.4	MRM3	MANE Select
ENST00000360570.8	NM_001033031.2	FAIM	MANE Select
ENST00000314742.13	NM_001040616.3	LINS1	MANE Select
ENST00000300917.10	NM_018149.7	SMG8	MANE Select
ENST00000361799.7	NM_018150.4	RNF220	MANE Select
ENST00000444746.7	NM_018151.5	RIF1	MANE Select
ENST00000699568.1	NM_001367614.1	DZANK1	MANE Select
ENST00000324194.12	NM_001104647.3	SLC25A36	MANE Select
ENST00000620676.6	NM_015378.4	VPS13D	MANE Select
ENST00000392837.9	NM_001330145.2	RIC8B	MANE Select
ENST00000375992.4	NM_018159.4	NUDT11	MANE Select
ENST00000319023.7	NM_018161.5	NADSYN1	MANE Select
ENST00000220496.9	NM_018163.3	DNAJC17	MANE Select
ENST00000707071.1	NM_001405607.1	PBRM1	MANE Select
ENST00000490466.2	NM_001304762.2	EVA1B	MANE Select
ENST00000216445.8	NM_018168.4	CCDC198	MANE Select
ENST00000312561.9	NM_018169.4	RESF1	MANE Select
ENST00000399022.9	NM_018170.5	RPRD1A	MANE Select
ENST00000258530.8	NM_018171.5	APPL2	MANE Select
ENST00000684764.1	NM_001384598.1	PLEKHG6	MANE Select
ENST00000324096.9	NM_018174.6	MAP1S	MANE Select
ENST00000382114.9	NM_018176.4	LGI2	MANE Select
ENST00000271732.8	NM_018178.6	GOLPH3L	MANE Select
ENST00000591808.6	NM_001375912.1	ZNF532	MANE Select
ENST00000602398.3	NM_001167856.3	SBNO1	MANE Select
ENST00000256496.8	NM_018184.3	ARL8B	MANE Select
ENST00000478244.6	NM_001014283.2	DCUN1D2	MANE Select
ENST00000402198.7	NM_001080517.3	SETD5	MANE Select
ENST00000378756.8	NM_001170535.3	ATAD3A	MANE Select
ENST00000335658.7	NM_018189.4	DPPA4	MANE Select
ENST00000264499.9	NM_176824.3	BBS7	MANE Select
ENST00000378302.7	NM_018191.4	RCBTB1	MANE Select
ENST00000319332.10	NM_018192.4	P3H2	MANE Select
ENST00000310775.12	NM_001113378.2	FANCI	MANE Select
ENST00000393047.8	NM_018195.4	NKAPD1	MANE Select
ENST00000334398.8	NM_018196.4	TMLHE	MANE Select
ENST00000685843.1	NM_001193360.2	EXD2	MANE Select
ENST00000374343.5	NM_018202.6	MACO1	MANE Select
ENST00000367155.8	NM_018203.3	KLHDC8A	MANE Select
ENST00000446961.4	NM_001278212.2	LRRC20	MANE Select
ENST00000291416.10	NM_018207.3	TRIM62	MANE Select
ENST00000367202.9	NM_018208.4	ETNK2	MANE Select
ENST00000294428.8	NM_001366165.2	RAVER2	MANE Select
ENST00000257829.8	NM_024662.3	NAT10	MANE Select
ENST00000370888.6	NM_018214.5	LRRC1	MANE Select
ENST00000313683.15	NM_018215.4	PNMA8A	MANE Select
ENST00000378466.9	NM_018216.4	PANK4	MANE Select
ENST00000678225.2	NM_001365479.2	USP40	MANE Select
ENST00000333861.5	NM_018219.3	CCDC87	MANE Select
ENST00000396049.5	NM_018221.5	MOB1A	MANE Select
ENST00000397149.4	NM_018225.3	SMU1	MANE Select
ENST00000322244.10	NM_018227.6	UBA6	MANE Select
ENST00000256362.5	NM_018228.3	VRTN	MANE Select
ENST00000219320.9	NM_018231.3	SLC38A7	MANE Select
ENST00000566157.6	NM_018233.4	OGFOD1	MANE Select
ENST00000393110.7	NM_182915.3	STEAP3	MANE Select
ENST00000359209.11	NM_018240.7	KIRREL1	MANE Select
ENST00000270570.8	NM_018242.3	SLC47A1	MANE Select
ENST00000374385.10	NM_018244.5	UQCC1	MANE Select
ENST00000356537.9	NM_018246.3	CCDC25	MANE Select
ENST00000264596.4	NM_018248.3	NEIL3	MANE Select
ENST00000261455.9	NM_018252.3	PACC1	MANE Select
ENST00000355499.9	NM_139119.3	YY1AP1	MANE Select
ENST00000358232.11	NM_018255.4	ELP2	MANE Select
ENST00000308824.11	NM_018257.3	PCMTD2	MANE Select
ENST00000435504.9	NM_018263.6	ASXL2	MANE Select
ENST00000359626.10	NM_018264.4	TYW1	MANE Select
ENST00000319172.10	NM_018266.3	TMEM39A	MANE Select
ENST00000296679.9	NM_018268.4	WDR41	MANE Select
ENST00000327435.11	NM_018269.4	ADI1	MANE Select
ENST00000370487.5	NM_018270.6	MRGBP	MANE Select
ENST00000674334.2	NM_018271.5	THNSL2	MANE Select
ENST00000395987.8	NM_018272.5	DNAI7	MANE Select
ENST00000293261.8	NM_018273.4	TMEM143	MANE Select
ENST00000316937.8	NM_018275.5	TRAPPC14	MANE Select
ENST00000266673.10	NM_018279.4	TMEM19	MANE Select
ENST00000371522.9	NM_001198961.2	ECHDC2	MANE Select
ENST00000338910.9	NM_001354909.2	PSPC1	MANE Select
ENST00000258662.3	NM_018283.4	NUDT15	MANE Select
ENST00000403490.3	NM_018285.4	IMP3	MANE Select
ENST00000424486.3	NM_018286.3	TMEM100	MANE Select
ENST00000339209.9	NM_018288.4	PHF10	MANE Select
ENST00000437048.7	NM_001128159.3	VPS53	MANE Select
ENST00000381967.9	NM_018290.4	PGM2	MANE Select
ENST00000303721.12	NM_018291.5	FGGY	MANE Select
ENST00000369046.8	NM_018292.5	QRSL1	MANE Select
ENST00000636215.2	NM_001350134.2	ZNF654	MANE Select
ENST00000354105.10	NM_018294.6	CWF19L1	MANE Select
ENST00000275767.3	NM_018295.5	TMEM140	MANE Select
ENST00000329956.11	NM_018296.6	LRRC36	MANE Select
ENST00000370589.7	NM_018298.11	MCOLN3	MANE Select
ENST00000602593.6	NM_018299.6	UBE2W	MANE Select
ENST00000685964.1	NM_001324242.2	RBM41	MANE Select
ENST00000381980.9	NM_001104629.2	PGCKA1	MANE Select
ENST00000314124.12	NM_018306.4	TMEM40	MANE Select
ENST00000545287.7	NM_001033566.3	RHOT1	MANE Select
ENST00000439055.6	NM_001142807.4	ACOXL	MANE Select
ENST00000220659.11	NM_018310.4	BRF2	MANE Select
ENST00000393800.7	NM_001164161.2	PPP6R3	MANE Select
ENST00000396197.8	NM_001040697.4	UEVLD	MANE Select
ENST00000281708.10	NM_001349798.2	FBXW7	MANE Select
ENST00000300976.9	NM_018316.3	KLHL26	MANE Select
ENST00000264866.9	NM_018317.4	TBC1D19	MANE Select
ENST00000536442.6	NM_018318.5	CCDC91	MANE Select
ENST00000361756.8	NM_018320.5	RNF121	MANE Select
ENST00000336767.6	NM_018321.4	BRIX1	MANE Select
ENST00000264864.8	NM_018323.4	PI4K2B	MANE Select
ENST00000378228.8	NM_001039702.3	OLAH	MANE Select
ENST00000255945.4	NM_018326.3	GIMAP4	MANE Select
ENST00000399002.7	NM_018327.4	SPTLC3	MANE Select
ENST00000302243.12	NM_018332.5	DDX19A	MANE Select
ENST00000337080.8	NM_018337.4	ZNF444	MANE Select
ENST00000376736.6	NM_018339.6	RFK	MANE Select
ENST00000381774.9	NM_018340.3	CPPED1	MANE Select
ENST00000296529.11	NM_018342.5	TMEM144	MANE Select
ENST00000373189.6	NM_018344.6	SLC29A3	MANE Select
ENST00000258955.7	NM_018346.3	RSAD1	MANE Select
ENST00000615891.2	NM_018347.3	AP5S1	MANE Select
ENST00000358572.10	NM_018352.3	TMA16	MANE Select
ENST00000310806.9	NM_018353.5	MIS18BP1	MANE Select
ENST00000429036.2	NM_001304748.2	TMEM74B	MANE Select
ENST00000325366.14	NM_018356.3	C5orf22	MANE Select
ENST00000299213.10	NM_018357.4	LARP6	MANE Select
ENST00000429586.7	NM_018358.3	ABCF3	MANE Select
ENST00000264689.11	NM_018359.5	UFSP2	MANE Select
ENST00000285518.11	NM_018361.5	AGPAT5	MANE Select
ENST00000278193.7	NM_018362.4	LIN7C	MANE Select
ENST00000331772.9	NM_001031709.3	RNLS	MANE Select
ENST00000260453.4	NM_018365.4	MNS1	MANE Select
ENST00000320776.5	NM_018366.3	BLOC1S4	MANE Select
ENST00000532485.6	NM_018367.7	ACER3	MANE Select
ENST00000258534.13	NM_018370.3	DRAM1	MANE Select
ENST00000256366.6	NM_018373.3	SYNJ2BP	MANE Select
ENST00000336643.10	NM_018375.5	SLC39A9	MANE Select
ENST00000374762.4	NM_018376.4	NIPSNAP3B	MANE Select
ENST00000258200.8	NM_018378.3	FBXL8	MANE Select
ENST00000253110.16	NM_018381.4	SHFL	MANE Select
ENST00000322313.9	NM_018383.5	WDR33	MANE Select
ENST00000358647.5	NM_018384.5	GIMAP5	MANE Select
ENST00000265245.10	NM_018385.3	LSG1	MANE Select
ENST00000348403.10	NM_018387.5	STRBP	MANE Select
ENST00000314134.4	NM_018389.5	SLC35C1	MANE Select
ENST00000381657.8	NM_018390.4	PLCXD1	MANE Select
ENST00000505019.6	NM_018392.5	ZGRF1	MANE Select
ENST00000334274.9	NM_018393.4	TCP11L1	MANE Select
ENST00000273359.8	NM_018394.4	ABHD10	MANE Select
ENST00000315251.11	NM_018397.5	CHDH	MANE Select
ENST00000282908.10	NM_018401.3	STK32B	MANE Select
ENST00000302362.11	NM_018405.4	COPRS	MANE Select
ENST00000521545.7	NM_018407.6	LAPTM4B	MANE Select
ENST00000411486.7	NM_018410.5	HJURP	MANE Select
ENST00000369503.9	NM_018420.3	SLC22A15	MANE Select
ENST00000465784.7	NM_001267571.2	TBC1D2	MANE Select
ENST00000075503.8	NM_018423.3	STYK1	MANE Select
ENST00000370631.4	NM_018425.4	PI4K2A	MANE Select
ENST00000323267.11	NM_018426.3	TMEM63B	MANE Select
ENST00000616898.2	NM_197978.3	HEMGN	MANE Select
ENST00000284202.9	NM_018439.4	IMPACT	MANE Select
ENST00000004103.8	NM_018487.3	TMEM176A	MANE Select
ENST00000379214.9	NM_018490.5	LGR4	MANE Select
ENST00000347755.10	NM_145886.4	PIDD1	MANE Select
ENST00000394671.8	NM_018502.5	TMCO6	MANE Select
ENST00000225972.8	NM_018509.4	LRRC59	MANE Select
ENST00000649261.2	NR_190993.1	MEG3	MANE Select
ENST00000378714.8	NM_018518.5	MCM10	MANE Select
ENST00000389005.6	NM_001114118.3	NCBP3	MANE Select
ENST00000449416.6	NM_001079906.2	ZNF331	MANE Select
ENST00000303415.7	NM_018556.4	SIRPG	MANE Select
ENST00000379151.9	NM_018559.5	GPALPP1	MANE Select
ENST00000315927.9	NM_018566.4	YOD1	MANE Select
ENST00000274000.10	NM_018569.6	AP1AR	MANE Select
ENST00000194530.8	NM_018571.6	STRADB	MANE Select
ENST00000375078.4	NM_018584.6	CAMK2N1	MANE Select
ENST00000374466.4	NM_018590.5	CSGALNACT2	MANE Select
ENST00000394852.8	NM_001130182.2	DNAJA4	MANE Select
ENST00000002125.9	NM_144736.5	NDUFAF7	MANE Select
ENST00000317096.9	NM_018622.7	PARL	MANE Select
ENST00000266517.9	NM_018638.5	ETNK1	MANE Select
ENST00000618655.2	NM_018641.5	CHST12	MANE Select
ENST00000272937.10	NM_018645.6	HES6	MANE Select
ENST00000359396.9	NM_018646.6	TRPV6	MANE Select
ENST00000248484.9	NM_148957.4	TNFRSF19	MANE Select
ENST00000328848.6	NM_018648.4	NOP10	MANE Select
ENST00000373255.9	NM_018649.3	MACROH2A2	MANE Select
ENST00000228887.6	NM_018654.2	GPRC5D	MANE Select
ENST00000398004.4	NM_018656.5	SLC35E3	MANE Select
ENST00000243440.2	NM_018664.3	BATF3	MANE Select
ENST00000370336.5	NM_018665.3	DDX43	MANE Select
ENST00000370709.4	NM_001381902.1	SAGE1	MANE Select
ENST00000219334.10	NM_018667.4	SMPD3	MANE Select
ENST00000358078.5	NM_018674.6	ASIC4	MANE Select
ENST00000269466.8	NM_018696.3	ELAC1	MANE Select
ENST00000513154.6	NM_001300759.2	TRIM36	MANE Select
ENST00000263035.9	NM_018706.7	DHTKD1	MANE Select
ENST00000269856.5	NM_018708.3	FEM1A	MANE Select
ENST00000285419.8	NM_018710.3	PIP4P2	MANE Select
ENST00000610966.5	NM_018711.5	SVOP	MANE Select
ENST00000265840.12	NM_018712.4	ELMOD1	MANE Select
ENST00000366926.4	NM_018713.3	SLC30A10	MANE Select
ENST00000509479.6	NM_018717.5	MAML3	MANE Select
ENST00000406877.8	NM_018719.5	CDCA7L	MANE Select
ENST00000288167.8	NM_018725.4	IL17RB	MANE Select
ENST00000356208.10	NM_017495.6	RBM38	MANE Select
ENST00000341191.11	NM_001080493.4	ZNF823	MANE Select
ENST00000683767.1	NM_001367873.1	SOX6	MANE Select
ENST00000598239.6	NM_017509.4	KLK15	MANE Select
ENST00000647584.2	NM_017512.7	ENOSF1	MANE Select
ENST00000369682.4	NM_017514.5	PLXNA3	MANE Select
ENST00000370211.10	NM_001385482.1	HAUS7	MANE Select
ENST00000342711.6	NM_017525.3	CDC42BPG	MANE Select
ENST00000425432.6	NM_001201552.2	ZNF821	MANE Select
ENST00000698260.1	NM_001347886.2	DNAH3	MANE Select
ENST00000297107.11	NM_198321.4	GALNT10	MANE Select
ENST00000289382.8	NM_017546.5	CNOT11	MANE Select
ENST00000263578.10	NM_017547.4	FOXRED1	MANE Select
ENST00000264993.8	NM_017548.5	CDV3	MANE Select
ENST00000388887.7	NM_017564.10	STAB2	MANE Select
ENST00000244204.11	NM_017567.6	NAGK	MANE Select
ENST00000350612.11	NM_001014286.3	SUPT20H	MANE Select
ENST00000297814.7	NM_017576.4	KIF27	MANE Select
ENST00000310169.3	NM_017581.4	CHRNA9	MANE Select
ENST00000292211.5	NM_017582.7	UBE2Q1	MANE Select
ENST00000216075.11	NM_017584.6	MIOX	MANE Select
ENST00000315588.11	NM_017592.4	MED29	MANE Select
ENST00000502613.3	NM_198892.2	BMP2K	MANE Select
ENST00000436874.6	NM_017599.4	VEZT	MANE Select
ENST00000376488.8	NM_001136157.2	OTUD5	MANE Select
ENST00000633063.3	NM_017612.5	ZCCHC8	MANE Select
ENST00000423855.7	NM_017619.4	RNPC3	MANE Select
ENST00000326245.4	NM_017625.3	ITLN1	MANE Select
ENST00000393743.8	NM_017631.6	DDX60	MANE Select
ENST00000504169.2	NM_017632.4	CDKN2AIP	MANE Select
ENST00000320172.11	NM_017633.3	TENT5A	MANE Select
ENST00000329474.7	NM_017640.6	CARMIL1	MANE Select
ENST00000361418.10	NM_001173464.2	KIF21A	MANE Select
ENST00000433360.6	NM_001166160.2	PPP1R9A	MANE Select
ENST00000267339.6	NM_017664.4	ANKRD10	MANE Select
ENST00000370978.9	NM_017666.5	ZNF280C	MANE Select
ENST00000305866.10	NM_017667.4	VPS50	MANE Select
ENST00000538426.6	NM_017670.3	OTUB1	MANE Select
ENST00000217289.9	NM_017671.5	FERMT1	MANE Select
ENST00000374852.4	NM_017677.4	MTMR8	MANE Select
ENST00000354981.7	NM_024704.5	KIF16B	MANE Select
ENST00000336985.11	NM_181333.4	PRR5	MANE Select
ENST00000336689.8	NM_017707.4	ASAP3	MANE Select
ENST00000337743.9	NM_017714.3	TASP1	MANE Select
ENST00000258390.12	NM_014689.3	DOCK10	MANE Select
ENST00000594605.6	NM_001013841.2	STAP2	MANE Select
ENST00000357720.9	NM_001136035.4	TRMT1	MANE Select
ENST00000317907.9	NM_017735.5	TTC27	MANE Select
ENST00000396083.7	NM_017736.5	THUMPD1	MANE Select
ENST00000371984.8	NM_017739.4	POMGNT1	MANE Select
ENST00000313732.9	NM_017740.3	ZDHHC7	MANE Select
ENST00000683756.1	NM_001387011.1	AMBRA1	MANE Select
ENST00000680298.1	NM_017951.5	SMPD4	MANE Select
ENST00000299687.10	NM_017757.3	ZNF407	MANE Select
ENST00000334351.8	NM_017761.4	PNRC2	MANE Select
ENST00000301305.8	NM_130849.4	SLC39A4	MANE Select
ENST00000370952.4	NM_017768.5	LRRC40	MANE Select
ENST00000206595.11	NM_017769.5	G2E3	MANE Select
ENST00000373491.3	NM_017772.4	TBC1D22B	MANE Select
ENST00000344302.9	NM_001129898.2	KRABD4	MANE Select
ENST00000456315.7	NM_001114120.3	DEPDC1	MANE Select
ENST00000423902.7	NM_017780.4	CHD7	MANE Select
ENST00000276646.14	NM_001099754.2	SYBU	MANE Select
ENST00000238667.9	NM_017791.3	FLVCR2	MANE Select
ENST00000255608.9	NM_017797.4	BTBD2	MANE Select
ENST00000206542.9	NM_017807.4	OSGEP	MANE Select
ENST00000343470.9	NM_017816.3	LYAR	MANE Select
ENST00000267328.5	NM_017817.3	RAB20	MANE Select
ENST00000674202.1	NM_017837.4	PIGV	MANE Select
ENST00000274606.8	NM_017838.4	NHP2	MANE Select
ENST00000442218.3	NM_017842.3	SLC48A1	MANE Select
ENST00000371608.8	NM_198799.4	BCAS4	MANE Select
ENST00000258439.8	NM_017849.4	TMEM127	MANE Select
ENST00000448584.7	NM_017852.5	NLRP2	MANE Select
ENST00000523731.6	NM_017864.4	INTS8	MANE Select
ENST00000306601.9	NM_017865.4	ZNF692	MANE Select
ENST00000292363.10	NM_194460.3	RNF126	MANE Select
ENST00000196489.4	NM_017879.3	ZNF416	MANE Select
ENST00000545856.8	NM_001365597.4	PRPF40A	MANE Select
ENST00000618172.5	NM_017895.8	DDX27	MANE Select
ENST00000299163.7	NM_017902.3	HIF1AN	MANE Select
ENST00000594369.6	NM_017908.4	ZNF446	MANE Select
ENST00000381854.4	NM_017913.4	CDC37L1	MANE Select
ENST00000453200.6	NM_001077663.3	URGCP	MANE Select
ENST00000331134.11	NM_017921.4	NPLOC4	MANE Select
ENST00000434457.7	NM_001330640.2	DENND4C	MANE Select
ENST00000261530.12	NM_017926.4	GPATCH2L	MANE Select
ENST00000471841.6	NM_033540.3	MFN1	MANE Select
ENST00000399744.8	NM_001127649.3	PEX26	MANE Select
ENST00000554943.6	NM_001366432.2	PPP4R3A	MANE Select
ENST00000713538.1	NM_001405666.3	NBPF1	MANE Select
ENST00000282587.9	NM_017964.5	SLC30A6	MANE Select
ENST00000295321.9	NM_017969.3	IWS1	MANE Select
ENST00000355119.9	NM_001161403.3	LIMS2	MANE Select
ENST00000602465.6	NM_001330103.2	RUFY2	MANE Select
ENST00000360820.7	NM_017988.6	SCYL2	MANE Select
ENST00000431828.6	NM_001115016.3	KANSL3	MANE Select
ENST00000311502.12	NM_024718.5	RABL6	MANE Select
ENST00000263268.11	NM_018000.3	MREG	MANE Select
ENST00000645190.1	NM_018006.5	TRMU	MANE Select
ENST00000305135.10	NM_018023.5	YEATS2	MANE Select
ENST00000320580.9	NM_018026.4	PACS1	MANE Select
ENST00000357447.7	NM_018027.5	FRMD4A	MANE Select
ENST00000293872.13	NM_201412.3	LUC7L	MANE Select
ENST00000335080.6	NM_018039.3	KDM4D	MANE Select
ENST00000438747.7	NM_148956.4	NSUN5	MANE Select
ENST00000199814.9	NM_018047.3	RBM22	MANE Select
ENST00000261776.10	NM_018052.5	VAC14	MANE Select
ENST00000399583.4	NM_018059.5	RADIL	MANE Select
ENST00000366922.3	NM_018060.4	IARS2	MANE Select
ENST00000474796.2	NM_001388490.1	MAP7D1	MANE Select
ENST00000298694.9	NM_018071.5	ARHGEF40	MANE Select
ENST00000262962.12	NM_018074.6	YJU2	MANE Select
ENST00000228347.9	NM_018082.6	POLR3B	MANE Select
ENST00000436346.7	NM_001365480.1	CCDC88A	MANE Select
ENST00000361565.9	NM_018085.5	IPO9	MANE Select
ENST00000371429.4	NM_018087.5	NDC1	MANE Select
ENST00000337132.10	NM_018090.5	NECAP2	MANE Select
ENST00000430070.7	NM_018095.6	KBTBD4	MANE Select
ENST00000536681.8	NM_001271783.2	FAR2	MANE Select
ENST00000692313.1	NM_001353824.2	ZNF334	MANE Select
ENST00000511685.6	NM_001080477.4	TENM3	MANE Select
ENST00000340099.10	NM_018110.5	DOK4	MANE Select
ENST00000267102.13	NM_018113.4	LMBR1L	MANE Select
ENST00000263461.11	NM_018117.12	WDR11	MANE Select
ENST00000299853.10	NM_018119.4	POLR3E	MANE Select
ENST00000238961.9	NM_018121.4	SLF2	MANE Select
ENST00000301364.10	NM_018128.5	TSR1	MANE Select
ENST00000291358.11	NM_018134.3	IQCC	MANE Select
ENST00000264935.6	NM_018140.4	CEP72	MANE Select
ENST00000263382.8	NM_018154.3	ASF1B	MANE Select
ENST00000261191.12	NM_018164.3	INTS13	MANE Select
ENST00000334746.10	NM_001002860.4	BTBD7	MANE Select
ENST00000261435.11	NM_018177.6	N4BP2	MANE Select
ENST00000261168.9	NM_018179.5	ATF7IP	MANE Select
ENST00000581407.6	NM_001077498.3	FAM222B	MANE Select
ENST00000359326.9	NM_001320047.2	FIRRM	MANE Select
ENST00000261458.8	NM_018194.6	HHAT	MANE Select
ENST00000216923.5	NM_018197.3	ZFP64	MANE Select
ENST00000377577.10	NM_018198.4	DNAJC11	MANE Select
ENST00000299138.12	NM_018206.6	VPS35	MANE Select
ENST00000370283.9	NM_018209.4	ARFGAP1	MANE Select
ENST00000680254.1	NM_001242882.2	NAXD	MANE Select
ENST00000366843.7	NM_018212.6	ENAH	MANE Select
ENST00000374492.8	NM_018217.3	EDEM2	MANE Select
ENST00000334956.15	NM_018222.5	PARVA	MANE Select
ENST00000450056.7	NM_001161346.2	CHFR	MANE Select
ENST00000223336.11	NM_018224.4	COA1	MANE Select
ENST00000261558.8	NM_018229.4	AP5M1	MANE Select
ENST00000261396.6	NM_018230.3	NUP133	MANE Select
ENST00000324262.9	NM_018235.3	CNDP2	MANE Select
ENST00000265872.11	NM_018237.4	CCAR1	MANE Select
ENST00000649286.2	NM_018238.4	AGK	MANE Select
ENST00000296582.8	NM_018241.3	TMEM184C	MANE Select
ENST00000264893.11	NM_018243.4	SEPTIN11	MANE Select
ENST00000374103.9	NM_018245.3	OGDHL	MANE Select
ENST00000230461.11	NM_018247.4	TMEM30A	MANE Select
ENST00000349780.9	NM_018249.6	CDK5RAP2	MANE Select
ENST00000521022.6	NM_018250.4	INTS9	MANE Select
ENST00000376747.8	NM_020121.4	UGGT2	MANE Select
ENST00000419091.7	NM_001136223.3	RCOR3	MANE Select
ENST00000261015.5	NM_018256.4	WDR12	MANE Select
ENST00000284690.4	NM_018180.3	DHX32	MANE Select
ENST00000039989.9	NM_018259.6	TTC17	MANE Select
ENST00000391785.8	NM_018260.3	ZNF701	MANE Select
ENST00000381295.7	NM_001024924.2	EXOC1	MANE Select
ENST00000348417.7	NM_052989.3	IFT122	MANE Select
ENST00000413687.3	NM_001142569.3	INAVA	MANE Select
ENST00000544848.3	NM_177925.5	H2AJ	MANE Select
ENST00000280700.10	NM_018297.4	NGLY1	MANE Select
ENST00000301096.8	NM_018300.4	ZNF83	MANE Select
ENST00000230449.9	NM_018303.6	EXOC2	MANE Select
ENST00000262293.9	NM_018304.4	PRR11	MANE Select
ENST00000394144.9	NM_001199198.3	TBC1D23	MANE Select
ENST00000335725.9	NM_018319.4	TDP1	MANE Select
ENST00000229903.5	NM_018322.3	SAYSD1	MANE Select
ENST00000642680.2	NM_001378120.1	MBD5	MANE Select
ENST00000442396.7	NM_018335.6	ZNF839	MANE Select
ENST00000393845.9	NM_001164496.2	CFAP44	MANE Select
ENST00000366773.8	NM_018341.3	ERMARD	MANE Select
ENST00000283109.8	NM_018343.3	RIOK2	MANE Select
ENST00000434935.7	NM_018348.6	CMTR2	MANE Select
ENST00000357742.10	NM_001385001.1	MCTP2	MANE Select
ENST00000343958.9	NM_018351.4	FGD6	MANE Select
ENST00000243643.9	NM_018355.4	ZNF415	MANE Select
ENST00000380122.10	NM_018360.3	TXLNG	MANE Select
ENST00000649934.3	NM_018368.4	LMBRD1	MANE Select
ENST00000265036.10	NM_018369.3	DEPDC1B	MANE Select
ENST00000692225.2	NM_001354483.2	CSGALNACT1	MANE Select
ENST00000369763.5	NM_018372.4	LRIF1	MANE Select
ENST00000683666.2	NM_001376665.1	MINDY1	MANE Select
ENST00000332395.7	NM_018380.4	DDX28	MANE Select
ENST00000337344.9	NM_001127202.4	PCID2	MANE Select
ENST00000370853.8	NM_001386889.1	MBNL3	MANE Select
ENST00000262432.13	NM_018396.3	METTL2B	MANE Select
ENST00000474759.6	NM_018398.3	CACNA2D3	MANE Select
ENST00000299333.8	NM_001040151.2	SCN3B	MANE Select
ENST00000229134.5	NM_018402.2	IL26	MANE Select
ENST00000610213.6	NM_018403.7	DCP1A	MANE Select
ENST00000330889.8	NM_018404.3	ADAP2	MANE Select
ENST00000505916.6	NM_001377440.1	LRP2BP	MANE Select
ENST00000381418.9	NM_005144.5	HR	MANE Select
ENST00000156626.12	NM_018414.5	ST6GALNAC1	MANE Select
ENST00000695948.1	NM_001395490.1	TRERF1	MANE Select
ENST00000162391.8	NM_018416.3	FOXJ2	MANE Select
ENST00000367851.9	NM_018417.6	ADCY10	MANE Select
ENST00000393545.9	NM_018418.5	SPATA7	MANE Select
ENST00000261708.9	NM_018428.3	UTP6	MANE Select
ENST00000358731.9	NM_018429.3	BDP1	MANE Select
ENST00000561639.6	NM_001288990.3	TSNAXIP1	MANE Select
ENST00000262593.10	NM_018431.5	DOK5	MANE Select
ENST00000312912.10	NM_018433.6	KDM3A	MANE Select
ENST00000521389.6	NM_018434.6	RNF130	MANE Select
ENST00000252505.4	NM_018436.4	ALLC	MANE Select
ENST00000621676.5	NM_021729.6	VPS11	MANE Select
ENST00000220597.4	NM_018440.4	PAG1	MANE Select
ENST00000265322.8	NM_018441.6	PECR	MANE Select
ENST00000367840.4	NM_001198956.2	DCAF6	MANE Select
ENST00000526049.6	NM_018445.6	SELENOS	MANE Select
ENST00000266014.11	NM_018446.4	GLT8D1	MANE Select
ENST00000245046.7	NM_001394674.1	EMC3	MANE Select
ENST00000545606.6	NM_018448.5	CAND1	MANE Select
ENST00000379238.7	NM_001370062.2	UBAP2	MANE Select
ENST00000381884.9	NM_018451.5	CPAP	MANE Select
ENST00000250454.8	NM_018453.4	EAPP	MANE Select
ENST00000305850.10	NM_001100624.3	CENPN	MANE Select
ENST00000273668.7	NM_018456.6	EAF2	MANE Select
ENST00000295095.11	NM_018460.4	ARHGAP15	MANE Select
ENST00000455566.6	NM_018461.5	PPP2R2D	MANE Select
ENST00000530758.2	NM_018462.5	BRK1	MANE Select
ENST00000228799.7	NM_018463.4	ITFG2	MANE Select
ENST00000333926.6	NM_018464.5	CISD1	MANE Select
ENST00000223864.7	NM_018465.4	PLGRKT	MANE Select
ENST00000263897.10	NM_018467.4	USE1	MANE Select
ENST00000587708.7	NM_172341.4	PSENEN	MANE Select
ENST00000584379.6	NM_001288732.2	TEX2	MANE Select
ENST00000337859.11	NM_018471.3	ZC3H15	MANE Select
ENST00000230048.5	NM_018473.4	ACOT13	MANE Select
ENST00000619189.5	NM_018474.6	KIZ	MANE Select
ENST00000381334.10	NM_018475.5	TMEM165	MANE Select
ENST00000372728.4	NM_018476.4	BEX1	MANE Select
ENST00000254286.9	NM_018477.3	ACTR10	MANE Select
ENST00000372710.5	NM_001048225.4	DBNDD2	MANE Select
ENST00000454859.8	NM_001002030.2	ECHDC1	MANE Select
ENST00000358867.11	NM_018480.7	TMEM126B	MANE Select
ENST00000301891.9	NM_018484.4	SLC22A11	MANE Select
ENST00000373573.9	NM_018486.3	HDAC8	MANE Select
ENST00000392403.8	NM_018489.3	ASH1L	MANE Select
ENST00000356521.9	NM_018491.5	ZNG1A	MANE Select
ENST00000301905.9	NM_018492.4	PBK	MANE Select
ENST00000418519.6	NM_001165958.2	GSDMB	MANE Select
ENST00000598523.3	NM_018558.4	GABRQ	MANE Select
ENST00000315436.8	NM_018639.5	WSB2	MANE Select
ENST00000537304.6	NM_018640.5	LMO3	MANE Select
ENST00000426540.6	NM_001288590.2	ZKSCAN7	MANE Select
ENST00000421285.4	NM_018652.5	GOLGA6B	MANE Select
ENST00000392627.7	NM_022036.4	GPRC5C	MANE Select
ENST00000392487.2	NM_001394530.1	LENEP	MANE Select
ENST00000349841.10	NM_018657.5	MYNN	MANE Select
ENST00000344423.10	NM_018660.3	ZNF395	MANE Select
ENST00000318124.3	NM_018661.4	DEFB103B	MANE Select
ENST00000300057.5	NM_018670.4	MESP1	MANE Select
ENST00000418476.2	NM_018671.5	UNC45A	MANE Select
ENST00000505242.6	NM_001289187.2	ZNF302	MANE Select
ENST00000258613.5	NM_018676.4	THSD1	MANE Select
ENST00000360596.7	NM_018677.4	ACSS2	MANE Select
ENST00000311117.8	NM_182931.3	KMT2E	MANE Select
ENST00000244061.6	NM_018683.4	RNF114	MANE Select
ENST00000374839.8	NM_018684.4	ZC4H2	MANE Select
ENST00000229329.7	NM_018686.6	CMAS	MANE Select
ENST00000252453.12	NM_018687.7	ANGPTL8	MANE Select
ENST00000276416.11	NM_018688.6	BIN3	MANE Select
ENST00000564831.6	NM_018690.4	APOBR	MANE Select
ENST00000284037.10	NM_001253697.2	ERBIN	MANE Select
ENST00000254770.3	NM_018697.4	LANCL2	MANE Select
ENST00000372106.6	NM_001242617.2	NXT2	MANE Select
ENST00000271277.11	NM_018704.3	CTTNBP2NL	MANE Select
ENST00000375436.9	NM_018715.4	RCC2	MANE Select
ENST00000710306.2	NM_001417890.1	NKRF	MANE Select
ENST00000357260.6	NM_019099.5	INKA2	MANE Select
ENST00000372289.7	NM_019100.5	DMAP1	MANE Select
ENST00000261839.12	NM_018728.4	MYO5C	MANE Select
ENST00000375916.4	NM_019101.3	APOM	MANE Select
ENST00000344318.4	NM_001003692.2	ZMAT5	MANE Select
ENST00000301159.14	NM_019104.3	LIN37	MANE Select
ENST00000359039.5	NM_018847.4	KLHL9	MANE Select
ENST00000688720.1	NM_001387048.1	SULF2	MANE Select
ENST00000644076.2	NM_001363845.2	SEPTIN3	MANE Select
ENST00000378191.5	NM_018836.4	AJAP1	MANE Select
ENST00000327772.7	NM_018838.5	NDUFA12	MANE Select
ENST00000216879.9	NM_016143.5	NSFL1C	MANE Select
ENST00000344795.8	NM_018840.5	RAB5IF	MANE Select
ENST00000370982.4	NM_018841.6	GNG12	MANE Select
ENST00000005260.9	NM_018842.5	BAIAP2L1	MANE Select
ENST00000341119.10	NM_018843.4	SLC25A40	MANE Select
ENST00000005259.9	NM_018844.4	BCAP29	MANE Select
ENST00000368404.9	NM_018845.4	SLC50A1	MANE Select
ENST00000339077.10	NM_001031710.3	KLHL7	MANE Select
ENST00000259216.6	NM_032545.4	CFC1	MANE Select
ENST00000395065.8	NM_022052.2	NXF3	MANE Select
ENST00000625106.4	NM_022053.4	NXF2	MANE Select
ENST00000262947.8	NM_019107.4	MYDGF	MANE Select
ENST00000270066.11	NM_019108.4	SMG9	MANE Select
ENST00000253968.11	NM_021570.4	BARX1	MANE Select
ENST00000502773.6	NM_016205.3	PDGFC	MANE Select
ENST00000262374.10	NM_019109.5	ALG1	MANE Select
ENST00000395878.8	NM_019116.3	UBFD1	MANE Select
ENST00000373119.9	NM_019117.5	KLHL4	MANE Select
ENST00000309777.11	NM_019118.5	TMEM234	MANE Select
ENST00000252087.3	NM_018929.3	PCDHGC5	MANE Select
ENST00000306593.2	NM_018928.3	PCDHGC4	MANE Select
ENST00000398594.4	NM_018927.4	PCDHGB7	MANE Select
ENST00000520790.2	NM_018926.3	PCDHGB6	MANE Select
ENST00000617380.2	NM_018925.3	PCDHGB5	MANE Select
ENST00000576222.2	NM_018924.5	PCDHGB3	MANE Select
ENST00000522605.2	NM_018923.3	PCDHGB2	MANE Select
ENST00000523390.2	NM_018922.3	PCDHGB1	MANE Select
ENST00000398587.7	NM_018914.3	PCDHGA11	MANE Select
ENST00000398610.3	NM_018913.3	PCDHGA10	MANE Select
ENST00000573521.2	NM_018921.3	PCDHGA9	MANE Select
ENST00000518325.2	NM_018920.4	PCDHGA7	MANE Select
ENST00000517434.3	NM_018919.3	PCDHGA6	MANE Select
ENST00000518069.2	NM_018918.3	PCDHGA5	MANE Select
ENST00000571252.3	NM_018917.4	PCDHGA4	MANE Select
ENST00000253812.8	NM_018916.4	PCDHGA3	MANE Select
ENST00000394576.3	NM_018915.4	PCDHGA2	MANE Select
ENST00000517417.3	NM_018912.3	PCDHGA1	MANE Select
ENST00000231173.6	NM_018935.4	PCDHB15	MANE Select
ENST00000239449.7	NM_018934.4	PCDHB14	MANE Select
ENST00000341948.6	NM_018933.4	PCDHB13	MANE Select
ENST00000239450.4	NM_018932.4	PCDHB12	MANE Select
ENST00000354757.5	NM_018931.3	PCDHB11	MANE Select
ENST00000239446.6	NM_018930.4	PCDHB10	MANE Select
ENST00000316105.7	NM_019119.5	PCDHB9	MANE Select
ENST00000239444.4	NM_019120.5	PCDHB8	MANE Select
ENST00000231137.6	NM_018940.4	PCDHB7	MANE Select
ENST00000231136.4	NM_018939.4	PCDHB6	MANE Select
ENST00000194152.4	NM_018938.4	PCDHB4	MANE Select
ENST00000231130.3	NM_018937.5	PCDHB3	MANE Select
ENST00000194155.7	NM_018936.4	PCDHB2	MANE Select
ENST00000289269.7	NM_018899.6	PCDHAC2	MANE Select
ENST00000253807.3	NM_018898.5	PCDHAC1	MANE Select
ENST00000289272.3	NM_018904.3	PCDHA13	MANE Select
ENST00000398631.3	NM_018903.4	PCDHA12	MANE Select
ENST00000398640.7	NM_018902.5	PCDHA11	MANE Select
ENST00000307360.6	NM_018901.4	PCDHA10	MANE Select
ENST00000531613.2	NM_018911.3	PCDHA8	MANE Select
ENST00000525929.2	NM_018910.3	PCDHA7	MANE Select
ENST00000529310.6	NM_018909.4	PCDHA6	MANE Select
ENST00000529859.2	NM_018908.3	PCDHA5	MANE Select
ENST00000530339.2	NM_018907.4	PCDHA4	MANE Select
ENST00000522353.3	NM_018906.3	PCDHA3	MANE Select
ENST00000526136.2	NM_018905.3	PCDHA2	MANE Select
ENST00000504120.4	NM_018900.4	PCDHA1	MANE Select
ENST00000643185.2	NM_001350162.2	TEX15	MANE Select
ENST00000349033.10	NM_031272.5	TEX14	MANE Select
ENST00000302917.1	NM_031273.2	TEX13B	MANE Select
ENST00000600991.6	NM_031274.5	TEX13A	MANE Select
ENST00000280358.5	NM_031275.4	TEX12	MANE Select
ENST00000374333.7	NM_031276.3	TEX11	MANE Select
ENST00000332303.6	NM_138704.4	NSMCE3	MANE Select
ENST00000255324.10	NM_031277.3	RNF17	MANE Select
ENST00000355870.8	NM_031414.5	STK31	MANE Select
ENST00000695399.1	NM_001395205.1	TDRD1	MANE Select
ENST00000276708.9	NM_031415.3	GSDMC	MANE Select
ENST00000312428.11	NM_018897.3	DNAH7	MANE Select
ENST00000284268.8	NM_054027.6	ANKH	MANE Select
ENST00000370783.8	NM_019556.3	MOSPD1	MANE Select
ENST00000374303.7	NM_001099625.2	MTFR1L	MANE Select
ENST00000420581.7	NM_198271.5	LMOD3	MANE Select
ENST00000619572.5	NM_001385016.1	ATOSA	MANE Select
ENST00000358321.4	NM_019601.4	SUSD2	MANE Select
ENST00000589717.2	NM_021047.3	ZNF253	MANE Select
ENST00000376454.8	NM_019590.5	KIAA1217	MANE Select
ENST00000454136.8	NM_001304561.2	BTNL2	MANE Select
ENST00000479548.2	NM_001162495.3	EPCIP	MANE Select
ENST00000303645.10	NM_001379228.1	MRAP	MANE Select
ENST00000325680.12	NM_019589.3	YLPM1	MANE Select
ENST00000227348.9	NM_019604.4	CRTAM	MANE Select
ENST00000389120.8	NM_019592.7	RNF20	MANE Select
ENST00000246024.7	NM_021156.4	TMX4	MANE Select
ENST00000367012.4	NM_019605.5	SERTAD4	MANE Select
ENST00000310512.4	NM_019606.6	MEPCE	MANE Select
ENST00000361383.11	NM_030877.5	CTNNBL1	MANE Select
ENST00000379019.7	NM_019593.5	GPCPD1	MANE Select
ENST00000372600.9	NM_019594.4	LRRC8A	MANE Select
ENST00000380605.3	NM_019609.5	CPXM1	MANE Select
ENST00000260508.9	NM_001008661.3	KYAT3	MANE Select
ENST00000244314.6	NM_019612.4	IRGC	MANE Select
ENST00000392325.9	NM_019613.4	WDR45B	MANE Select
ENST00000372695.6	NM_001080425.4	BEX4	MANE Select
ENST00000377938.4	NM_019617.4	GKN1	MANE Select
ENST00000374788.8	NM_001184785.2	PARD3	MANE Select
ENST00000259205.5	NM_019618.4	IL36G	MANE Select
ENST00000253188.8	NM_019849.3	SLC7A10	MANE Select
ENST00000265310.6	NM_019841.7	TRPV5	MANE Select
ENST00000265224.9	NM_019644.4	ANKRD7	MANE Select
ENST00000298717.9	NM_019852.5	METTL3	MANE Select
ENST00000382622.4	NM_019854.5	PRMT8	MANE Select
ENST00000253107.12	NM_020230.7	PPAN	MANE Select
ENST00000293255.3	NM_019855.5	CABP5	MANE Select
ENST00000533293.2	NM_019839.5	LTB4R2	MANE Select
ENST00000359276.9	NM_175859.3	CTPS2	MANE Select
ENST00000325926.4	NM_019845.3	RPRM	MANE Select
ENST00000361115.4	NM_148672.3	CCL28	MANE Select
ENST00000330125.10	NM_019843.4	EIF4ENIF1	MANE Select
ENST00000370398.6	NM_019842.4	KCNQ5	MANE Select
ENST00000225171.7	NM_021800.3	DNAJC12	MANE Select
ENST00000380390.6	NM_021801.5	MMP26	MANE Select
ENST00000276055.4	NM_019886.4	CHST7	MANE Select
ENST00000001146.7	NM_019885.4	CYP26B1	MANE Select
ENST00000354619.10	NM_019891.4	ERO1B	MANE Select
ENST00000264784.8	NM_020041.3	SLC2A9	MANE Select
ENST00000464942.7	NM_001371333.1	DIABLO	MANE Select
ENST00000371712.4	NM_019892.6	INPP5E	MANE Select
ENST00000682911.1	NM_019893.4	ASAH2	MANE Select
ENST00000278100.11	NM_078468.3	BCCIP	MANE Select
ENST00000295822.7	NM_020390.6	EIF5A2	MANE Select
ENST00000437212.8	NM_019894.4	TMPRSS4	MANE Select
ENST00000341181.11	NM_001040181.2	CLDND1	MANE Select
ENST00000311916.8	NM_021830.5	TWNK	MANE Select
ENST00000371601.5	NM_015392.4	NPDC1	MANE Select
ENST00000483063.2	NM_019896.4	POLE4	MANE Select
ENST00000341959.2	NM_019897.2	OR2S2	MANE Select
ENST00000396551.9	NM_001369521.2	TRIM39	MANE Select
ENST00000282146.5	NM_022054.4	KCNK13	MANE Select
ENST00000327876.5	NM_022055.2	KCNK12	MANE Select
ENST00000395842.3	NM_052839.4	PANX2	MANE Select
ENST00000616727.4	NM_033049.4	MUC13	MANE Select
ENST00000362032.6	NM_033050.6	SUCNR1	MANE Select
ENST00000309377.9	NM_020642.4	AKIP1	MANE Select
ENST00000326053.10	NM_020643.3	C11orf16	MANE Select
ENST00000534025.6	NM_020644.3	TMEM9B	MANE Select
ENST00000309166.8	NM_020645.3	NRIP3	MANE Select
ENST00000531618.2	NM_020646.3	ASCL3	MANE Select
ENST00000373241.9	NM_020150.5	SAR1A	MANE Select
ENST00000290155.8	NM_021254.4	CFAP298	MANE Select
ENST00000342232.5	NM_020647.4	JPH1	MANE Select
ENST00000221515.6	NM_020415.4	RETN	MANE Select
ENST00000266077.5	NM_020062.4	SLC2A4RG	MANE Select
ENST00000263610.7	NM_020064.4	BARHL1	MANE Select
ENST00000319653.14	NM_020066.5	FMN2	MANE Select
ENST00000242351.10	NM_020119.4	ZC3HAV1	MANE Select
ENST00000276943.3	NM_020124.3	IFNK	MANE Select
ENST00000289707.10	NM_020125.3	SLAMF8	MANE Select
ENST00000438980.7	NM_001170880.2	GPR137	MANE Select
ENST00000245222.9	NM_020126.5	SPHK2	MANE Select
ENST00000332431.5	NM_152278.5	TCEAL7	MANE Select
ENST00000376423.8	NM_020137.5	GRIPAP1	MANE Select
ENST00000256545.9	NM_020154.3	EMC7	MANE Select
ENST00000264926.7	NM_020165.4	RAD18	MANE Select
ENST00000420428.7	NM_020180.4	CELF4	MANE Select
ENST00000357235.6	NM_020239.4	CDC42SE1	MANE Select
ENST00000306100.10	NM_020116.5	FSTL5	MANE Select
ENST00000259253.11	NM_020120.4	UGGT1	MANE Select
ENST00000409785.9	NM_020122.5	KCMF1	MANE Select
ENST00000371142.9	NM_020123.4	TM9SF3	MANE Select
ENST00000682720.1	NM_001354969.2	MDM1	MANE Select
ENST00000392052.8	NM_020129.3	LGALS14	MANE Select
ENST00000315792.5	NM_020130.5	TCIM	MANE Select
ENST00000368309.4	NM_020131.5	UBQLN4	MANE Select
ENST00000291572.13	NM_020132.5	AGPAT3	MANE Select
ENST00000320285.9	NM_020133.3	AGPAT4	MANE Select
ENST00000288699.11	NM_020134.4	DPYSL5	MANE Select
ENST00000380773.9	NM_020135.3	WRNIP1	MANE Select
ENST00000296424.9	NM_020139.4	BDH2	MANE Select
ENST00000683438.2	NM_001352186.2	ANKS1B	MANE Select
ENST00000338272.9	NM_020141.4	TMEM167B	MANE Select
ENST00000554503.6	NM_001394961.1	COXFA4L2	MANE Select
ENST00000263657.7	NM_020143.4	PNO1	MANE Select
ENST00000404991.2	NM_020144.5	PAPOLB	MANE Select
ENST00000372564.8	NM_020145.4	SH3GLB2	MANE Select
ENST00000394987.5	NM_015492.5	C15orf39	MANE Select
ENST00000249861.9	NM_020147.4	THAP10	MANE Select
ENST00000409402.9	NM_001128626.2	SPIRE1	MANE Select
ENST00000337288.10	NM_020151.4	STARD7	MANE Select
ENST00000399928.6	NM_001286620.2	MAP3K7CL	MANE Select
ENST00000264021.8	NM_001168618.2	IFT46	MANE Select
ENST00000436587.7	NM_020156.5	C1GALT1	MANE Select
ENST00000246081.3	NM_020157.4	OTOR	MANE Select
ENST00000221233.9	NM_020158.4	EXOSC5	MANE Select
ENST00000354268.9	NM_020159.5	SMARCAD1	MANE Select
ENST00000558555.6	NM_001301059.2	MEIS3	MANE Select
ENST00000225296.8	NM_020162.4	DHX33	MANE Select
ENST00000231721.7	NM_020163.3	SEMA3G	MANE Select
ENST00000265594.9	NM_020166.5	MCCC1	MANE Select
ENST00000255262.4	NM_020167.5	NMUR2	MANE Select
ENST00000560346.6	NM_001395430.1	PAK6	MANE Select
ENST00000264265.4	NM_020169.4	LXN	MANE Select
ENST00000246117.9	NM_020170.4	NCLN	MANE Select
ENST00000264080.12	NM_001080452.2	GPR108	MANE Select
ENST00000613503.5	NM_152988.3	SPPL2B	MANE Select
ENST00000274457.5	NM_020177.3	FEM1C	MANE Select
ENST00000309061.12	NM_020175.3	DUS3L	MANE Select
ENST00000451037.7	NM_020178.5	CA10	MANE Select
ENST00000298966.7	NM_020179.3	SMCO4	MANE Select
ENST00000599174.3	NM_001271507.2	CCDC177	MANE Select
ENST00000341744.8	NM_020182.5	PMEPA1	MANE Select
ENST00000266503.10	NM_020183.6	BMAL2	MANE Select
ENST00000419235.7	NM_001286555.3	DUSP22	MANE Select
ENST00000383463.9	NM_020187.3	HMCES	MANE Select
ENST00000219400.8	NM_020188.5	CMC2	MANE Select
ENST00000521688.6	NM_020189.6	ENY2	MANE Select
ENST00000320334.5	NM_020190.5	OLFML3	MANE Select
ENST00000680020.1	NM_020191.4	MRPS22	MANE Select
ENST00000695367.1	NM_001300942.2	EMSY	MANE Select
ENST00000304593.14	NM_001277062.2	MFF	MANE Select
ENST00000399395.8	NM_020195.3	SDR39U1	MANE Select
ENST00000358368.5	NM_020196.3	XAB2	MANE Select
ENST00000366957.10	NM_020197.3	SMYD2	MANE Select
ENST00000231512.5	NM_020199.3	C5orf15	MANE Select
ENST00000320152.11	NM_020200.7	PRTFDC1	MANE Select
ENST00000389022.9	NM_020201.4	NT5M	MANE Select
ENST00000394140.9	NM_020202.5	NIT2	MANE Select
ENST00000361056.4	NM_020203.6	MEPE	MANE Select
ENST00000367387.6	NM_020204.3	LHX9	MANE Select
ENST00000581312.6	NM_020205.4	OTUD7B	MANE Select
ENST00000543264.7	NM_020209.4	SHD	MANE Select
ENST00000329082.12	NM_020211.3	RGMA	MANE Select
ENST00000268130.12	NM_020212.2	WDR93	MANE Select
ENST00000569795.6	NM_001323532.2	PARP6	MANE Select
ENST00000555004.3	NM_001252507.3	C14orf132	MANE Select
ENST00000587097.6	NM_001382309.1	ATXN7L3	MANE Select
ENST00000358777.10	NM_001127893.3	CEACAM19	MANE Select
ENST00000313766.6	NM_020223.4	FAM20C	MANE Select
ENST00000308497.9	NM_020225.3	STOX2	MANE Select
ENST00000415738.3	NM_001099403.2	PRDM8	MANE Select
ENST00000296682.4	NM_020227.4	PRDM9	MANE Select
ENST00000360871.8	NM_199437.2	PRDM10	MANE Select
ENST00000683152.1	NM_001384648.1	PRDM11	MANE Select
ENST00000295588.9	NM_152305.3	POGLUT1	MANE Select
ENST00000317615.11	NM_020232.5	PSMG2	MANE Select
ENST00000379774.5	NM_020233.5	ADPRM	MANE Select
ENST00000403028.8	NM_001144955.2	DTWD1	MANE Select
ENST00000325805.13	NM_001142568.3	BBX	MANE Select
ENST00000505065.2	NM_001375635.1	CDC42SE2	MANE Select
ENST00000326047.9	NM_020242.3	KIF15	MANE Select
ENST00000216034.6	NM_020243.5	TOMM22	MANE Select
ENST00000229266.8	NM_020244.3	CHPT1	MANE Select
ENST00000367097.8	NM_020245.5	TULP4	MANE Select
ENST00000354161.8	NM_020246.4	SLC12A9	MANE Select
ENST00000366777.4	NM_020247.5	COQ8A	MANE Select
ENST00000377263.6	NM_020248.3	CTNNBIP1	MANE Select
ENST00000498707.5	NM_182920.2	ADAMTS9	MANE Select
ENST00000432641.3	NM_020186.3	SDHAF3	MANE Select
ENST00000223273.7	NM_020192.5	YAE1	MANE Select
ENST00000225726.10	NM_020198.3	CCDC47	MANE Select
ENST00000272928.4	NM_020311.3	ACKR3	MANE Select
ENST00000325656.7	NM_145200.5	CABP4	MANE Select
ENST00000359579.5	NM_020299.5	AKR1B10	MANE Select
ENST00000262507.11	NM_020312.4	COQ9	MANE Select
ENST00000295926.8	NM_020307.4	CCNL1	MANE Select
ENST00000394391.9	NM_020313.4	CIAPIN1	MANE Select
ENST00000417362.7	NM_020314.7	VPS35L	MANE Select
ENST00000215904.7	NM_020315.5	PDXP	MANE Select
ENST00000221485.8	NM_020309.4	SLC17A7	MANE Select
ENST00000243189.12	NM_020317.5	RSRP1	MANE Select
ENST00000306999.7	NM_020319.3	ANKMY2	MANE Select
ENST00000369536.10	NM_020320.5	RARS2	MANE Select
ENST00000262120.10	NM_020648.6	TWSG1	MANE Select
ENST00000696113.1	NM_001395437.1	PLSCR2	MANE Select
ENST00000619711.5	NM_020360.4	PLSCR3	MANE Select
ENST00000254803.4	NM_020368.3	UTP3	MANE Select
ENST00000250699.2	NM_020402.4	CHRNA10	MANE Select
ENST00000382365.7	NM_020364.4	DAZ3	MANE Select
ENST00000382440.6	NM_001389303.1	DAZ2	MANE Select
ENST00000408931.4	NM_001077653.2	TBX20	MANE Select
ENST00000461554.6	NM_001174100.2	PCBP4	MANE Select
ENST00000621632.5	NM_020414.4	DDX24	MANE Select
ENST00000399668.7	NM_144508.5	KNL1	MANE Select
ENST00000263160.4	NM_020346.3	SLC17A6	MANE Select
ENST00000314340.10	NM_020350.5	AGTRAP	MANE Select
ENST00000354952.7	NM_020353.3	PLSCR4	MANE Select
ENST00000370489.5	NM_020354.5	ENTPD7	MANE Select
ENST00000679887.1	NM_020356.4	CASS4	MANE Select
ENST00000265260.8	NM_020357.3	PCNP	MANE Select
ENST00000329758.5	NM_020358.2	TRIM49	MANE Select
ENST00000297770.10	NM_020361.5	CPA6	MANE Select
ENST00000246151.9	NM_020362.5	PITHD1	MANE Select
ENST00000400017.7	NM_020366.4	RPGRIP1	MANE Select
ENST00000228820.9	NM_020367.6	PARP11	MANE Select
ENST00000306730.8	NM_020371.3	AVEN	MANE Select
ENST00000682330.1	NM_001364791.2	ANO2	MANE Select
ENST00000261250.8	NM_020374.4	FERRY3	MANE Select
ENST00000179259.6	NM_020375.3	TIGAR	MANE Select
ENST00000336615.9	NM_020376.4	PNPLA2	MANE Select
ENST00000682523.1	NM_001308476.3	CYSLTR2	MANE Select
ENST00000205194.5	NM_020378.4	NAT14	MANE Select
ENST00000369037.9	NM_020381.4	PDSS2	MANE Select
ENST00000371942.8	NM_020385.4	REXO4	MANE Select
ENST00000264735.4	NM_020386.5	PLAAT1	MANE Select
ENST00000361084.10	NM_020387.4	RAB25	MANE Select
ENST00000513104.6	NM_020389.3	TRPC7	MANE Select
ENST00000359650.10	NM_020393.4	PGLYRP4	MANE Select
ENST00000339986.8	NM_020394.5	ZNF695	MANE Select
ENST00000340139.10	NM_020395.4	INTS12	MANE Select
ENST00000619168.5	NM_153498.4	CAMK1D	MANE Select
ENST00000354280.9	NM_020398.4	EPPIN	MANE Select
ENST00000368498.7	NM_020399.4	GOPC	MANE Select
ENST00000329858.9	NM_020400.6	LPAR5	MANE Select
ENST00000229179.9	NM_020401.4	NUP107	MANE Select
ENST00000311330.4	NM_020404.3	CD248	MANE Select
ENST00000315392.9	NM_020405.5	PLXDC1	MANE Select
ENST00000618265.5	NM_020406.4	CD177	MANE Select
ENST00000537040.6	NM_020407.5	RHBG	MANE Select
ENST00000330636.9	NM_020408.6	LYRM4	MANE Select
ENST00000476781.6	NM_020409.3	MRPL47	MANE Select
ENST00000357324.11	NM_020410.3	ATP13A1	MANE Select
ENST00000526991.3	NM_020412.5	CHMP1B	MANE Select
ENST00000374332.9	NM_020379.4	MAN1C1	MANE Select
ENST00000682740.1	NM_001388484.1	DAZ4	MANE Select
ENST00000217456.3	NM_020531.3	APMAP	MANE Select
ENST00000380456.8	NM_001035223.4	RGL3	MANE Select
ENST00000270357.10	NM_018226.6	RNPEPL1	MANE Select
ENST00000337526.11	NM_020532.5	RTN4	MANE Select
ENST00000238561.10	NM_020421.4	ADCK1	MANE Select
ENST00000353224.10	NM_177990.4	PAK5	MANE Select
ENST00000233047.9	NM_001301771.2	LDAF1	MANE Select
ENST00000367771.11	NM_020423.7	SCYL3	MANE Select
ENST00000262879.11	NM_020336.4	RALGAPB	MANE Select
ENST00000567954.6	NM_001128302.3	LYRM1	MANE Select
ENST00000392863.6	NM_001042493.3	SMIM8	MANE Select
ENST00000615905.5	NM_020426.4	LYZL6	MANE Select
ENST00000246515.2	NM_020427.3	SLURP1	MANE Select
ENST00000335757.10	NM_020428.4	SLC44A2	MANE Select
ENST00000361368.7	NM_181349.3	SMURF1	MANE Select
ENST00000298351.5	NM_020431.4	TMEM63C	MANE Select
ENST00000422959.8	NM_001395272.1	PHTF2	MANE Select
ENST00000372980.4	NM_020433.5	JPH2	MANE Select
ENST00000380075.7	NM_187841.3	TRIM54	MANE Select
ENST00000267460.9	NM_021255.3	PELI2	MANE Select
ENST00000358912.5	NM_020651.4	PELI1	MANE Select
ENST00000366714.3	NM_020435.4	GJC2	MANE Select
ENST00000217086.9	NM_020436.5	SALL4	MANE Select
ENST00000215906.6	NM_020437.5	ASPHD2	MANE Select
ENST00000396105.6	NM_021035.3	ZNFX1	MANE Select
ENST00000372546.9	NM_020438.5	DOLPP1	MANE Select
ENST00000361322.3	NM_020439.3	CAMK1G	MANE Select
ENST00000341356.10	NM_020441.3	CORO1B	MANE Select
ENST00000676266.1	NM_020442.6	VARS2	MANE Select
ENST00000334512.10	NM_020338.4	ZMIZ1	MANE Select
ENST00000298569.9	NM_020444.5	KIAA1191	MANE Select
ENST00000256001.13	NM_020445.6	ACTR3B	MANE Select
ENST00000359634.10	NM_020342.3	SLC39A10	MANE Select
ENST00000504087.6	NM_020337.3	ANKRD50	MANE Select
ENST00000357635.10	NM_020447.5	FAM219B	MANE Select
ENST00000374399.9	NM_020448.5	NIPAL3	MANE Select
ENST00000202677.12	NM_020343.4	RALGAPA2	MANE Select
ENST00000245838.13	NM_001081550.2	THOC2	MANE Select
ENST00000286744.10	NM_207517.3	ADAMTSL3	MANE Select
ENST00000536163.6	NM_001080392.2	DENND11	MANE Select
ENST00000374315.1	NM_206926.2	SELENON	MANE Select
ENST00000321039.5	NM_020633.4	VN1R1	MANE Select
ENST00000264079.11	NM_020533.3	MCOLN1	MANE Select
ENST00000555815.7	NM_024490.4	ATP10A	MANE Select
ENST00000368489.6	NM_001370597.1	ATP8B2	MANE Select
ENST00000273859.8	NM_020453.4	ATP10D	MANE Select
ENST00000395867.8	NM_021045.3	ZNF248	MANE Select
ENST00000517878.6	NM_001286646.2	SLC45A4	MANE Select
ENST00000367609.8	NM_198569.3	ADGRG6	MANE Select
ENST00000361840.8	NM_020456.4	SPRYD7	MANE Select
ENST00000394685.8	NM_001293298.2	CEMIP	MANE Select
ENST00000303596.3	NM_020457.3	THAP11	MANE Select
ENST00000368061.3	NM_020335.3	VANGL2	MANE Select
ENST00000319190.11	NM_020458.4	TTC7A	MANE Select
ENST00000251691.5	NM_020340.5	ARFGEF3	MANE Select
ENST00000393784.8	NM_001031711.3	ERGIC1	MANE Select
ENST00000616407.2	NM_001122964.3	PPP4R3B	MANE Select
ENST00000343505.10	NM_001144060.2	NHSL1	MANE Select
ENST00000523377.2	NM_020466.5	LYRM2	MANE Select
ENST00000603798.6	NM_001031628.2	SMAGP	MANE Select
ENST00000314673.8	NM_153816.6	SNX14	MANE Select
ENST00000276054.9	NM_001282201.2	ZNF630	MANE Select
ENST00000446997.6	NM_001178015.2	SLC4A10	MANE Select
ENST00000613155.1	NM_020535.3	KIR2DL5A	MANE Select
ENST00000688188.1	NM_001392073.1	KAT14	MANE Select
ENST00000368463.8	NM_020524.4	PBXIP1	MANE Select
ENST00000269385.9	NM_020649.3	CBX8	MANE Select
ENST00000270645.8	NM_020650.3	RCN3	MANE Select
ENST00000583566.6	NM_001130842.2	ZNF286A	MANE Select
ENST00000395825.4	NM_020653.4	ZNF287	MANE Select
ENST00000394095.7	NM_020654.5	SENP7	MANE Select
ENST00000284262.3	NM_020655.4	JPH3	MANE Select
ENST00000282286.6	NM_020657.4	ZNF304	MANE Select
ENST00000376530.8	NM_020659.4	TTYH1	MANE Select
ENST00000290374.5	NM_020660.3	GJD2	MANE Select
ENST00000229335.11	NM_020661.4	AICDA	MANE Select
ENST00000378386.8	NM_020662.4	MRS2	MANE Select
ENST00000316754.8	NM_020663.5	RHOJ	MANE Select
ENST00000380342.4	NM_020665.6	CLTRN	MANE Select
ENST00000316308.9	NM_020666.3	CLK4	MANE Select
ENST00000344616.4	NM_020672.3	S100A14	MANE Select
ENST00000244040.4	NM_020673.3	RAB22A	MANE Select
ENST00000356079.9	NM_177538.3	CYP20A1	MANE Select
ENST00000282074.7	NM_020675.4	SPC25	MANE Select
ENST00000478253.6	NM_001320126.2	ABHD6	MANE Select
ENST00000283429.11	NM_020677.6	NMRAL1	MANE Select
ENST00000273286.6	NM_020678.4	LRTM1	MANE Select
ENST00000325102.13	NM_001370592.1	MIF4GD	MANE Select
ENST00000270176.10	NM_020680.4	SCYL1	MANE Select
ENST00000369880.8	NM_020682.4	AS3MT	MANE Select
ENST00000369716.9	NM_020683.7	TMIGD3	MANE Select
ENST00000006777.11	NM_001040456.3	RHBDD2	MANE Select
ENST00000462069.6	NM_001291941.3	CEP15	MANE Select
ENST00000585809.6	NM_024100.4	WDR18	MANE Select
ENST00000328041.11	NM_020689.4	SLC24A3	MANE Select
ENST00000349004.6	NM_032013.4	NDRG3	MANE Select
ENST00000556147.6	NM_001320329.2	NDRG2	MANE Select
ENST00000421745.7	NM_016252.4	BIRC6	MANE Select
ENST00000377728.8	NM_020631.6	PLEKHG5	MANE Select
ENST00000518659.6	NM_001395460.1	TENM2	MANE Select
ENST00000448469.8	NM_001168368.2	GALNT16	MANE Select
ENST00000651296.2	NM_020693.4	DSCAML1	MANE Select
ENST00000170168.9	NM_020695.4	REXO1	MANE Select
ENST00000296121.6	NM_020696.4	KIAA1143	MANE Select
ENST00000261226.9	NM_020698.4	TMCC3	MANE Select
ENST00000368655.5	NM_020699.4	GATAD2B	MANE Select
ENST00000228705.7	NM_020700.2	PPM1H	MANE Select
ENST00000393295.8	NM_020701.4	ISY1	MANE Select
ENST00000297625.8	NM_020702.5	MYORG	MANE Select
ENST00000369864.5	NM_020703.4	AMIGO1	MANE Select
ENST00000249344.7	NM_020704.3	STRIP2	MANE Select
ENST00000646147.1	NM_001199107.2	TBC1D24	MANE Select
ENST00000286835.12	NM_020706.2	SCAF4	MANE Select
ENST00000441594.6	NM_020707.4	HHATL	MANE Select
ENST00000243964.7	NM_020708.5	SLC12A5	MANE Select
ENST00000599531.2	NM_020709.3	PNMA8B	MANE Select
ENST00000378251.3	NM_020710.3	LRRC47	MANE Select
ENST00000410096.6	NM_020711.3	ERMN	MANE Select
ENST00000261951.9	NM_001370472.1	CNOT6	MANE Select
ENST00000369888.6	NM_020713.3	ZNF512B	MANE Select
ENST00000311437.11	NM_020714.3	ZNF490	MANE Select
ENST00000329153.10	NM_020715.3	PLEKHH1	MANE Select
ENST00000635736.2	NM_001387025.1	GRAMD1B	MANE Select
ENST00000376020.9	NM_020717.5	SHROOM4	MANE Select
ENST00000219689.12	NM_020718.4	USP31	MANE Select
ENST00000418929.7	NM_020719.3	PRR12	MANE Select
ENST00000696526.1	NM_001029884.3	PLEKHG1	MANE Select
ENST00000691062.1	NM_001394962.1	KIAA1210	MANE Select
ENST00000682029.1	NM_001393381.1	CRACD	MANE Select
ENST00000515673.7	NM_020724.2	RNF150	MANE Select
ENST00000380985.10	NM_020726.5	NLN	MANE Select
ENST00000275418.13	NM_001367773.1	ESYT2	MANE Select
ENST00000460698.7	NM_001366781.1	ODF2L	MANE Select
ENST00000684583.1	NM_001377236.1	AHRR	MANE Select
ENST00000636930.2	NM_001374828.1	ARID1B	MANE Select
ENST00000311127.9	NM_020733.2	HEG1	MANE Select
ENST00000535829.6	NM_001297776.2	RIMKLB	MANE Select
ENST00000309447.6	NM_001144990.2	NWD2	MANE Select
ENST00000571589.6	NM_001308142.2	MRTFB	MANE Select
ENST00000338305.7	NM_020737.3	LRFN2	MANE Select
ENST00000256707.8	NM_020738.4	KIDINS220	MANE Select
ENST00000645291.3	NM_001394090.1	CFAP92	MANE Select
ENST00000381095.8	NM_181332.3	NLGN4X	MANE Select
ENST00000405094.2	NM_001330442.2	MTA3	MANE Select
ENST00000244571.5	NM_020745.4	AARS2	MANE Select
ENST00000428216.4	NM_020746.5	MAVS	MANE Select
ENST00000513986.2	NM_020747.3	ZNF608	MANE Select
ENST00000251334.7	NM_001351695.2	INTS2	MANE Select
ENST00000693296.1	NM_001363059.2	MTUS1	MANE Select
ENST00000265351.12	NM_020750.3	XPO5	MANE Select
ENST00000455146.8	NM_020751.3	COG6	MANE Select
ENST00000376351.4	NM_020752.3	GPR158	MANE Select
ENST00000321617.8	NM_020753.5	CASKIN2	MANE Select
ENST00000264245.9	NM_020754.4	ARHGAP31	MANE Select
ENST00000339697.5	NM_020755.4	SERINC1	MANE Select
ENST00000290607.12	NM_020759.3	STARD9	MANE Select
ENST00000644978.2	NM_001348768.2	HECW2	MANE Select
ENST00000306801.8	NM_020761.3	RPTOR	MANE Select
ENST00000355086.8	NM_020762.4	SRGAP1	MANE Select
ENST00000382554.4	NM_025081.3	NYNRIN	MANE Select
ENST00000343516.8	NM_020764.4	CASKIN1	MANE Select
ENST00000373034.8	NM_001184880.2	PCDH19	MANE Select
ENST00000512467.6	NM_020768.4	KCTD16	MANE Select
ENST00000520821.6	NM_001385449.1	RTL9	MANE Select
ENST00000271636.12	NM_020770.3	CGN	MANE Select
ENST00000262903.9	NM_020771.4	HACE1	MANE Select
ENST00000225388.9	NM_020772.3	NUFIP2	MANE Select
ENST00000409757.9	NM_020773.3	TBC1D14	MANE Select
ENST00000261537.7	NM_020774.4	MIB1	MANE Select
ENST00000369939.8	NM_020775.5	ELAPOR1	MANE Select
ENST00000280020.10	NM_020776.3	KIAA1328	MANE Select
ENST00000507866.6	NM_020777.3	SORCS2	MANE Select
ENST00000258888.6	NM_020778.5	ALPK3	MANE Select
ENST00000281405.9	NM_020779.4	WDR35	MANE Select
ENST00000345530.8	NM_001006657.2	WDR35	MANE Plus Clinical
ENST00000294484.7	NM_020780.2	DISP3	MANE Select
ENST00000475153.6	NM_170686.3	ZNF398	MANE Select
ENST00000381271.7	NM_020782.2	KLHL42	MANE Select
ENST00000281741.9	NM_020784.3	TXNDC16	MANE Select
ENST00000424120.6	NM_001378615.1	CC2D2A	MANE Select
ENST00000311765.4	NM_020786.4	PDP2	MANE Select
ENST00000311331.12	NM_020787.4	ZNF624	MANE Select
ENST00000368094.6	NM_001135050.2	IGSF9	MANE Select
ENST00000261716.8	NM_020791.4	TAOK1	MANE Select
ENST00000475381.7	NM_020792.6	NCEH1	MANE Select
ENST00000441493.7	NM_015241.3	MICAL3	MANE Select
ENST00000651989.2	NM_001370785.2	LRRC7	MANE Select
ENST00000302926.7	NM_020795.4	NLGN2	MANE Select
ENST00000343348.11	NM_020796.5	SEMA6A	MANE Select
ENST00000529308.6	NM_020798.4	USP35	MANE Select
ENST00000371926.8	NM_020799.4	STAMBPL1	MANE Select
ENST00000326448.12	NM_020800.3	IFT80	MANE Select
ENST00000265138.4	NM_020801.4	ARRDC3	MANE Select
ENST00000263468.13	NM_020802.4	CEP126	MANE Select
ENST00000273963.10	NM_020803.5	KLHL8	MANE Select
ENST00000359358.9	NM_020805.3	KLHL14	MANE Select
ENST00000299237.3	NM_020807.3	ZNF319	MANE Select
ENST00000674635.1	NM_020808.5	SIPA1L2	MANE Select
ENST00000683387.1	NM_001384657.1	ARHGAP20	MANE Select
ENST00000261249.7	NM_020810.3	TRMT5	MANE Select
ENST00000687366.1	NM_001166222.2	CARNS1	MANE Select
ENST00000294618.12	NM_020812.4	DOCK6	MANE Select
ENST00000308031.10	NM_020813.4	ZNF471	MANE Select
ENST00000273067.5	NM_020814.3	MARCHF4	MANE Select
ENST00000264360.7	NM_032961.3	PCDH10	MANE Select
ENST00000400463.8	NM_001122819.3	KIF17	MANE Select
ENST00000295878.8	NM_020817.2	CCDC191	MANE Select
ENST00000695012.1	NM_001395159.1	UNC79	MANE Select
ENST00000418814.7	NM_001162529.3	FAM135A	MANE Select
ENST00000371941.4	NM_020820.4	PREX1	MANE Select
ENST00000371757.7	NM_020822.3	KCNT1	MANE Select
ENST00000684151.1	NM_001376852.1	TMEM181	MANE Select
ENST00000396432.7	NM_020824.4	ARHGAP21	MANE Select
ENST00000397412.8	NM_020825.4	CRAMP1	MANE Select
ENST00000020926.8	NM_020826.3	SYT13	MANE Select
ENST00000458385.7	NM_020827.3	CFAP97	MANE Select
ENST00000414202.7	NM_020829.4	RIC1	MANE Select
ENST00000233055.9	NM_020830.5	WDFY1	MANE Select
ENST00000355630.10	NM_020831.6	MRTFA	MANE Select
ENST00000336715.11	NM_020832.3	ZNF687	MANE Select
ENST00000609451.6	NM_001395167.1	EBF4	MANE Select
ENST00000357460.7	NM_020834.3	HOMEZ	MANE Select
ENST00000393758.7	NM_001303512.2	PDZD4	MANE Select
ENST00000554140.3	NM_001385089.1	BEGAIN	MANE Select
ENST00000675386.2	NM_001377448.1	BAHCC1	MANE Select
ENST00000302313.10	NM_020839.4	WDR48	MANE Select
ENST00000264433.11	NM_020840.3	FNIP2	MANE Select
ENST00000449938.7	NM_001385174.1	USP36	MANE Select
ENST00000524591.7	NM_020844.3	TRMT9B	MANE Select
ENST00000320201.10	NM_020845.3	PITPNM2	MANE Select
ENST00000264313.11	NM_020846.2	SLAIN2	MANE Select
ENST00000375377.2	NM_020848.4	JCAD	MANE Select
ENST00000301180.10	NM_173602.3	DIP2B	MANE Select
ENST00000317506.8	NM_020850.3	RANBP10	MANE Select
ENST00000453268.3	NM_020851.3	ISLR2	MANE Select
ENST00000197268.13	NM_020853.2	FAM234B	MANE Select
ENST00000644646.2	NM_001346231.2	RELCH	MANE Select
ENST00000456783.3	NM_020855.3	ZNF492	MANE Select
ENST00000240587.5	NM_020856.4	TSHZ3	MANE Select
ENST00000220509.10	NM_020857.3	VPS18	MANE Select
ENST00000296043.7	NM_020859.4	SHROOM3	MANE Select
ENST00000467087.7	NM_020860.4	STIM2	MANE Select
ENST00000325144.5	NM_020861.3	ZBTB2	MANE Select
ENST00000248668.5	NM_020862.2	LRFN1	MANE Select
ENST00000377838.8	NM_020863.4	ZFAT	MANE Select
ENST00000272907.8	NM_001371273.1	NYAP2	MANE Select
ENST00000377844.9	NM_020866.3	KLHL1	MANE Select
ENST00000410059.6	NM_020868.6	DPP10	MANE Select
ENST00000284637.14	NM_020870.4	SH3RF1	MANE Select
ENST00000317135.13	NM_020871.4	LRCH2	MANE Select
ENST00000319331.4	NM_020873.7	LRRN1	MANE Select
ENST00000389561.7	NM_015409.5	EP400	MANE Select
ENST00000622683.5	NM_001199417.2	ARHGAP23	MANE Select
ENST00000285871.5	NM_020879.3	CCDC146	MANE Select
ENST00000358894.11	NM_020882.4	COL20A1	MANE Select
ENST00000359600.6	NM_020883.2	ZSWIM5	MANE Select
ENST00000262873.13	NM_020884.7	MYH7B	MANE Select
ENST00000367876.9	NM_017542.5	POGK	MANE Select
ENST00000696973.1	NM_001346252.4	USP28	MANE Select
ENST00000308736.7	NM_032656.4	DHX37	MANE Select
ENST00000401073.7	NM_020888.3	NHSL3	MANE Select
ENST00000332830.9	NM_001033561.2	PHF12	MANE Select
ENST00000295746.13	NM_020890.3	CIP2A	MANE Select
ENST00000389851.10	NM_020894.4	UVSSA	MANE Select
ENST00000317991.10	NM_020895.5	GRAMD1A	MANE Select
ENST00000368358.4	NM_020897.3	HCN3	MANE Select
ENST00000550804.6	NM_020898.3	CALCOCO1	MANE Select
ENST00000380599.9	NM_001128833.2	ZBTB4	MANE Select
ENST00000264555.10	NM_001286581.2	PHRF1	MANE Select
ENST00000160298.9	NM_020902.2	CAMSAP3	MANE Select
ENST00000254181.9	NM_020903.3	USP29	MANE Select
ENST00000263265.11	NM_020904.3	PLEKHA4	MANE Select
ENST00000381249.4	NM_020905.4	RDH14	MANE Select
ENST00000680143.1	NM_001367871.1	FBRSL1	MANE Select
ENST00000973242.1	NM_001382741.1	FBRSL1	MANE Plus Clinical
ENST00000263713.10	NM_020909.4	EPB41L5	MANE Select
ENST00000422774.2	NM_001164665.2	KIAA1549	MANE Select
ENST00000369042.6	NM_001367314.1	BEND3	MANE Select
ENST00000582970.6	NM_001256071.3	RNF213	MANE Select
ENST00000270001.12	NM_020917.3	ZFP14	MANE Select
ENST00000348367.9	NM_001244949.2	GPAM	MANE Select
ENST00000264276.11	NM_020919.4	ALS2	MANE Select
ENST00000646647.2	NM_001170629.2	CHD8	MANE Select
ENST00000374423.9	NM_020923.3	ZDBF2	MANE Select
ENST00000373656.4	NM_020924.4	ZBTB26	MANE Select
ENST00000651257.2	NM_020925.4	CACHD1	MANE Select
ENST00000302536.3	NM_020927.3	VAT1L	MANE Select
ENST00000252744.6	NM_020928.2	ZSWIM6	MANE Select
ENST00000528697.6	NM_001258419.2	LRRC4C	MANE Select
ENST00000696270.1	NM_001142640.2	TNRC6C	MANE Select
ENST00000370733.5	NM_020931.4	KIAA1586	MANE Select
ENST00000361470.4	NM_020932.3	MAGEE1	MANE Select
ENST00000247956.11	NM_020933.5	ZNF317	MANE Select
ENST00000258399.8	NM_020935.3	USP37	MANE Select
ENST00000238146.9	NM_020936.3	DDX55	MANE Select
ENST00000267430.10	NM_020937.4	FANCM	MANE Select
ENST00000355371.9	NM_001127211.3	SHTN1	MANE Select
ENST00000244751.7	NM_020939.2	CPNE5	MANE Select
ENST00000369248.9	NM_020940.4	FHIP2A	MANE Select
ENST00000335999.7	NM_001037806.4	NCKAP5L	MANE Select
ENST00000410053.8	NM_020943.3	CWC22	MANE Select
ENST00000378103.7	NM_020944.3	GBA2	MANE Select
ENST00000325239.12	NM_001394531.1	WDFY4	MANE Select
ENST00000394215.7	NM_001352964.2	DENND1A	MANE Select
ENST00000343629.11	NM_020947.4	MEAK7	MANE Select
ENST00000401041.6	NM_001077700.3	MIER1	MANE Select
ENST00000231706.6	NM_020949.3	SLC7A14	MANE Select
ENST00000367588.9	NM_020950.2	KIAA1614	MANE Select
ENST00000591340.6	NM_020951.5	ZNF529	MANE Select
ENST00000397167.6	NM_001387889.1	SFMBT2	MANE Select
ENST00000210633.4	NM_017893.4	SEMA4G	MANE Select
ENST00000324001.8	NM_181882.3	PRX	MANE Select
ENST00000609684.3	NM_020957.4	PCDHB16	MANE Select
ENST00000304338.8	NM_058237.2	PPP4R4	MANE Select
ENST00000159087.7	NM_020959.3	ANO8	MANE Select
ENST00000347136.11	NM_020960.5	GPR107	MANE Select
ENST00000388822.10	NM_020961.4	METTL14	MANE Select
ENST00000352385.3	NM_020962.3	IGDCC4	MANE Select
ENST00000282041.11	NM_020964.3	EPG5	MANE Select
ENST00000290231.11	NM_020967.3	NCOA5	MANE Select
ENST00000399820.8	NM_025132.4	WDR19	MANE Select
ENST00000359901.9	NM_001393939.1	ANKRD36B	MANE Select
ENST00000598249.6	NM_020971.3	SPTBN4	MANE Select
ENST00000290974.7	NM_020972.3	ZFYVE28	MANE Select
ENST00000709220.2	NM_020973.5	GBA3	MANE Select
ENST00000649792.2	NM_001367977.2	SCUBE2	MANE Select
ENST00000217233.9	NM_021158.5	TRIB3	MANE Select
ENST00000296785.8	NM_023039.5	ANKRA2	MANE Select
ENST00000396912.2	NM_021163.4	RBAK	MANE Select
ENST00000262891.9	NM_001199867.2	MARK4	MANE Select
ENST00000247001.10	NM_172231.4	SUGP1	MANE Select
ENST00000361539.5	NM_021165.4	BRINP2	MANE Select
ENST00000287957.5	NM_021167.5	GATAD1	MANE Select
ENST00000248139.8	NM_021168.5	RAB40C	MANE Select
ENST00000304952.11	NM_021170.4	HES4	MANE Select
ENST00000312419.8	NM_021173.5	POLD4	MANE Select
ENST00000308511.9	NM_001393997.1	CCAR2	MANE Select
ENST00000222304.5	NM_021175.4	HAMP	MANE Select
ENST00000375363.8	NM_021176.3	G6PC2	MANE Select
ENST00000375661.6	NM_021177.5	LSM2	MANE Select
ENST00000358932.9	NM_021178.5	CCNB1IP1	MANE Select
ENST00000367806.8	NM_001300969.2	CCDC181	MANE Select
ENST00000361548.9	NM_198173.3	GRHL3	MANE Select
ENST00000368043.8	NM_021181.5	SLAMF7	MANE Select
ENST00000289448.4	NM_021182.3	HMHB1	MANE Select
ENST00000370874.2	NM_001271186.2	RAP2C	MANE Select
ENST00000375911.2	NM_021184.4	C6orf47	MANE Select
ENST00000409235.8	NM_021185.5	CATSPERG	MANE Select
ENST00000366570.5	NM_021186.5	ZP4	MANE Select
ENST00000398534.4	NM_021046.3	KRTAP5-8	MANE Select
ENST00000402119.9	NM_021187.4	CYP4F11	MANE Select
ENST00000394019.7	NM_133478.3	SLC4A5	MANE Select
ENST00000555044.6	NM_021188.3	ZNF410	MANE Select
ENST00000368125.9	NM_001127173.3	CADM3	MANE Select
ENST00000374228.5	NM_033051.4	SLC46A2	MANE Select
ENST00000674951.1	NM_021190.4	PTBP2	MANE Select
ENST00000298352.5	NM_021257.4	NGB	MANE Select
ENST00000242994.4	NM_021191.3	NEUROD4	MANE Select
ENST00000219454.10	NM_021197.4	WFDC1	MANE Select
ENST00000273062.7	NM_021198.3	CTDSP1	MANE Select
ENST00000293778.12	NM_001386809.1	CXCL16	MANE Select
ENST00000260324.12	NM_021199.4	SQOR	MANE Select
ENST00000354190.10	NM_021200.3	PLEKHB1	MANE Select
ENST00000300184.8	NM_021201.5	MS4A7	MANE Select
ENST00000374810.8	NM_021202.3	TP53INP2	MANE Select
ENST00000678299.1	NM_001379313.1	SRPRB	MANE Select
ENST00000273920.8	NM_021204.5	ENOPH1	MANE Select
ENST00000366691.4	NM_021205.6	RHOU	MANE Select
ENST00000402280.6	NM_001199138.2	NLRC4	MANE Select
ENST00000303731.9	NM_021210.5	TRAPPC1	MANE Select
ENST00000413761.7	NM_001143667.2	ZBED5	MANE Select
ENST00000527447.2	NM_001039618.4	CREBZF	MANE Select
ENST00000268896.10	NM_021213.4	PCTP	MANE Select
ENST00000258884.5	NM_021214.2	ABHD17C	MANE Select
ENST00000373433.9	NM_021215.4	RPRD1B	MANE Select
ENST00000599599.7	NM_001370215.1	ZNF71	MANE Select
ENST00000314531.5	NM_021217.3	ZNF77	MANE Select
ENST00000374242.9	NM_021218.3	INIP	MANE Select
ENST00000480456.6	NM_021219.4	JAM2	MANE Select
ENST00000278780.7	NM_021220.4	OVOL2	MANE Select
ENST00000375864.5	NM_021221.3	LY6G5B	MANE Select
ENST00000271620.8	NM_021222.3	PRUNE1	MANE Select
ENST00000223364.7	NM_021223.3	MYL7	MANE Select
ENST00000277225.10	NM_021224.6	ZNF462	MANE Select
ENST00000417550.7	NM_001109689.4	ZNF250	MANE Select
ENST00000399575.7	NM_021225.5	OPRPN	MANE Select
ENST00000249601.9	NM_021226.4	ARHGAP22	MANE Select
ENST00000361564.9	NM_021227.4	OSTC	MANE Select
ENST00000360565.8	NM_021228.3	SCAF1	MANE Select
ENST00000262189.11	NM_170606.3	KMT2C	MANE Select
ENST00000429344.7	NM_001080543.2	CACTIN	MANE Select
ENST00000653904.2	NM_021232.2	PRODH2	MANE Select
ENST00000370665.4	NM_021233.3	DNASE2B	MANE Select
ENST00000373347.6	NM_001080418.3	DLGAP3	MANE Select
ENST00000455140.7	NM_001258374.3	EPS15L1	MANE Select
ENST00000495461.6	NM_021237.5	SELENOK	MANE Select
ENST00000337682.9	NM_001135812.2	SINHCAF	MANE Select
ENST00000261973.12	NM_021239.3	RBM25	MANE Select
ENST00000190165.3	NM_021240.4	DMRT3	MANE Select
ENST00000673675.1	NM_001371589.1	WIZ	MANE Select
ENST00000614558.3	NM_021242.6	MID1IP1	MANE Select
ENST00000367660.4	NM_021243.3	ABRACL	MANE Select
ENST00000369415.9	NM_021244.5	RRAGD	MANE Select
ENST00000359322.5	NM_021245.4	MYOZ1	MANE Select
ENST00000375825.8	NM_021246.4	LY6G6D	MANE Select
ENST00000327157.4	NM_021247.3	PRM3	MANE Select
ENST00000362031.10	NM_152233.4	SNX6	MANE Select
ENST00000409474.8	NM_033066.3	MPP4	MANE Select
ENST00000270800.2	NM_021258.4	IL22RA1	MANE Select
ENST00000431232.7	NM_021259.3	PGAP6	MANE Select
ENST00000648588.1	NM_021803.4	IL21	MANE Select
ENST00000530950.2	NM_021571.4	CARD18	MANE Select
ENST00000371383.7	NM_001290072.2	ENPP5	MANE Select
ENST00000372583.6	NM_024503.5	HIVEP3	MANE Select
ENST00000300255.7	NM_058187.5	EVA1C	MANE Select
ENST00000252519.8	NM_001371415.1	ACE2	MANE Select
ENST00000267984.4	NM_022566.3	TLNRD1	MANE Select
ENST00000343702.9	NM_021229.4	NTN4	MANE Select
ENST00000270458.4	NM_031895.6	CACNG8	MANE Select
ENST00000391767.6	NM_031896.5	CACNG7	MANE Select
ENST00000252729.7	NM_145814.2	CACNG6	MANE Select
ENST00000586895.6	NM_001048241.3	UBL5	MANE Select
ENST00000431843.7	NM_001135054.2	SIGIRR	MANE Select
ENST00000253008.3	NM_021619.3	PRDM12	MANE Select
ENST00000369215.5	NM_021620.4	PRDM13	MANE Select
ENST00000368990.8	NM_001001974.4	PLEKHA1	MANE Select
ENST00000617275.5	NM_021623.2	PLEKHA2	MANE Select
ENST00000256906.5	NM_021624.4	HRH4	MANE Select
ENST00000261740.7	NM_021625.5	TRPV4	MANE Select
ENST00000262288.8	NM_021626.3	SCPEP1	MANE Select
ENST00000296257.10	NM_021627.3	SENP2	MANE Select
ENST00000448843.7	NM_021628.3	ALOXE3	MANE Select
ENST00000232564.8	NM_021629.4	GNB4	MANE Select
ENST00000243644.9	NM_021632.4	ZNF350	MANE Select
ENST00000367261.8	NM_021633.4	KLHL12	MANE Select
ENST00000307765.10	NM_021634.4	RXFP1	MANE Select
ENST00000527246.3	NM_021635.3	PBOV1	MANE Select
ENST00000367278.8	NM_001017403.2	LGR6	MANE Select
ENST00000372930.5	NM_021637.3	TMEM35A	MANE Select
ENST00000420658.6	NM_001134647.2	AFAP1	MANE Select
ENST00000355105.8	NM_021639.5	GPBP1L1	MANE Select
ENST00000267103.10	NM_021640.4	MYG1	MANE Select
ENST00000447601.7	NM_021806.4	FAM3A	MANE Select
ENST00000370626.4	NM_021732.3	AVPI1	MANE Select
ENST00000246801.8	NM_021733.2	TSKS	MANE Select
ENST00000416858.7	NM_001126121.2	SLC25A19	MANE Select
ENST00000374719.8	NM_021783.5	EDA2R	MANE Select
ENST00000253861.5	NM_021807.4	EXOC4	MANE Select
ENST00000373872.9	NM_021809.7	TGIF2	MANE Select
ENST00000348616.9	NM_177980.4	CDH26	MANE Select
ENST00000257749.9	NM_021813.4	BACH2	MANE Select
ENST00000304434.11	NM_021814.5	ELOVL5	MANE Select
ENST00000264047.3	NM_021815.5	SLC5A7	MANE Select
ENST00000255039.6	NM_021817.3	HAPLN2	MANE Select
ENST00000324679.5	NM_021818.4	SAV1	MANE Select
ENST00000334379.11	NM_001031712.3	TRMT11	MANE Select
ENST00000081029.8	NM_021821.4	MRPS35	MANE Select
ENST00000407997.4	NM_021822.4	APOBEC3G	MANE Select
ENST00000342932.8	NM_021823.5	PPCDC	MANE Select
ENST00000409020.6	NM_001369441.2	NIF3L1	MANE Select
ENST00000529689.6	NM_021825.5	CCDC90B	MANE Select
ENST00000380266.4	NM_021826.5	FASTKD5	MANE Select
ENST00000445632.7	NM_001156474.2	CCDC81	MANE Select
ENST00000370552.8	NM_021828.5	HPSE2	MANE Select
ENST00000278618.9	NM_015423.3	AASDHPPT	MANE Select
ENST00000378220.3	NM_001378477.3	NYX	MANE Select
ENST00000360131.5	NM_021831.6	AGBL5	MANE Select
ENST00000237822.8	NM_021925.4	LDAH	MANE Select
ENST00000338034.9	NM_018127.7	ELAC2	MANE Select
ENST00000652299.1	NM_021926.4	ALX4	MANE Select
ENST00000281543.6	NM_021927.3	GUF1	MANE Select
ENST00000503362.2	NM_021928.4	SPCS3	MANE Select
ENST00000361671.10	NM_024635.4	NAA35	MANE Select
ENST00000257700.7	NM_021930.6	RINT1	MANE Select
ENST00000608372.6	NM_001153484.2	SCOC	MANE Select
ENST00000372861.5	NM_022358.4	KCNK15	MANE Select
ENST00000252011.8	NM_021931.4	DHX35	MANE Select
ENST00000526104.6	NM_001286134.2	RIC8A	MANE Select
ENST00000235332.6	NM_021933.4	MIIP	MANE Select
ENST00000336854.9	NM_021934.5	ATG101	MANE Select
ENST00000687189.2	NR_002578.4	GAS5	MANE Select
ENST00000295619.4	NM_001126128.2	PROK2	MANE Select
ENST00000367662.5	NM_020318.3	PAPPA2	MANE Select
ENST00000287202.10	NM_052840.5	CELF6	MANE Select
ENST00000254730.11	NM_021937.5	EEFSEC	MANE Select
ENST00000292672.7	NM_021938.4	CELF5	MANE Select
ENST00000321562.9	NM_021939.4	FKBP10	MANE Select
ENST00000370455.8	NM_001044305.3	SMAP1	MANE Select
ENST00000334690.11	NM_021942.6	TRAPPC11	MANE Select
ENST00000287218.9	NM_021943.3	ZFAND3	MANE Select
ENST00000299088.11	NM_021944.4	C14orf93	MANE Select
ENST00000406686.8	NM_015482.2	SLC22A23	MANE Select
ENST00000540052.6	NM_001379451.1	BCORL1	MANE Select
ENST00000359621.5	NM_033440.3	CELA2A	MANE Select
ENST00000344595.10	NM_021947.3	SRR	MANE Select
ENST00000329117.10	NM_021948.5	BCAN	MANE Select
ENST00000428304.7	NM_022060.3	ABHD4	MANE Select
ENST00000288937.7	NM_022061.4	MRPL17	MANE Select
ENST00000298282.14	NM_001382323.2	PKNOX2	MANE Select
ENST00000369183.9	NM_022063.3	FAM204A	MANE Select
ENST00000327697.11	NM_022064.5	RNF123	MANE Select
ENST00000405975.7	NM_022065.5	THADA	MANE Select
ENST00000319380.12	NM_022066.4	UBE2O	MANE Select
ENST00000557658.6	NM_001193315.2	VIPAS39	MANE Select
ENST00000674853.1	NM_001378183.1	PIEZO2	MANE Select
ENST00000184956.11	NM_022070.5	HEATR6	MANE Select
ENST00000265807.8	NM_022071.4	SH2D4A	MANE Select
ENST00000314622.9	NM_022072.5	NSUN3	MANE Select
ENST00000675163.1	NM_001312909.2	FAM111A	MANE Select
ENST00000339042.6	NM_022076.4	DUSP21	MANE Select
ENST00000373606.8	NM_001003897.2	MANBAL	MANE Select
ENST00000361720.10	NM_022078.3	GPATCH3	MANE Select
ENST00000377026.4	NM_022080.3	NAPB	MANE Select
ENST00000370351.9	NM_022082.4	SLC17A9	MANE Select
ENST00000397457.7	NM_201280.3	BLOC1S5	MANE Select
ENST00000290246.11	NM_133171.5	ELMO2	MANE Select
ENST00000430044.7	NM_022087.4	GALNT11	MANE Select
ENST00000408953.4	NM_022090.5	FAM200C	MANE Select
ENST00000262315.14	NM_022092.3	CHTF18	MANE Select
ENST00000239462.9	NM_022093.2	TNN	MANE Select
ENST00000336832.7	NM_001321142.2	CIDEC	MANE Select
ENST00000322927.3	NM_022095.4	ZNF335	MANE Select
ENST00000378392.6	NM_022096.6	ANKEF1	MANE Select
ENST00000300113.3	NM_022097.4	CHP2	MANE Select
ENST00000357137.9	NM_022098.4	XPNPEP3	MANE Select
ENST00000476371.1	NM_022100.3	MRPS14	MANE Select
ENST00000644802.2	NM_022101.4	STEEP1	MANE Select
ENST00000379170.9	NM_001031713.4	MCUR1	MANE Select
ENST00000504904.8	NM_001321356.2	ZNF667	MANE Select
ENST00000372409.8	NM_022104.4	PCIF1	MANE Select
ENST00000360816.8	NM_022106.3	FAM217B	MANE Select
ENST00000375040.8	NM_001276501.2	GPSM3	MANE Select
ENST00000246190.11	NM_031232.4	NECAB3	MANE Select
ENST00000375156.4	NM_022110.4	FKBPL	MANE Select
ENST00000269945.8	NM_001040283.3	DMRTC2	MANE Select
ENST00000615063.2	NM_033053.3	DMRTC1	MANE Select
ENST00000371445.3	NM_033067.3	DMRTB1	MANE Select
ENST00000404795.4	NM_032110.3	DMRTA2	MANE Select
ENST00000325870.3	NM_022160.3	DMRTA1	MANE Select
ENST00000318121.8	NM_022111.4	CLSPN	MANE Select
ENST00000531399.6	NM_022112.3	TP53AIP1	MANE Select
ENST00000259711.11	NM_022113.6	KIF13A	MANE Select
ENST00000313341.4	NM_024019.4	NEUROG2	MANE Select
ENST00000297142.4	NM_022728.4	NEUROD6	MANE Select
ENST00000270722.10	NM_022114.4	PRDM16	MANE Select
ENST00000398548.6	NM_001040424.3	PRDM15	MANE Select
ENST00000276594.3	NM_024504.4	PRDM14	MANE Select
ENST00000433017.6	NM_001287492.4	FIGNL1	MANE Select
ENST00000256737.8	NM_031418.4	ANO3	MANE Select
ENST00000258787.12	NM_033054.3	MYO1G	MANE Select
ENST00000375442.8	NM_022117.4	TSPYL2	MANE Select
ENST00000438737.3	NM_001366735.2	RBM26	MANE Select
ENST00000161006.8	NM_022119.4	PRSS22	MANE Select
ENST00000327582.5	NM_022120.2	OXCT2	MANE Select
ENST00000421351.4	NM_022121.5	PERP	MANE Select
ENST00000260229.5	NM_022122.3	MMP27	MANE Select
ENST00000356141.9	NM_001164749.2	NPAS3	MANE Select
ENST00000224721.12	NM_022124.6	CDH23	MANE Select
ENST00000301246.10	NM_033520.3	C19orf33	MANE Select
ENST00000368842.10	NM_022126.4	LHPP	MANE Select
ENST00000376238.5	NM_001199633.2	SLC28A3	MANE Select
ENST00000302188.8	NM_022128.3	RBKS	MANE Select
ENST00000358769.7	NM_022129.4	PBLD	MANE Select
ENST00000265070.7	NM_022130.4	GOLPH3	MANE Select
ENST00000458420.7	NM_022131.3	CLSTN2	MANE Select
ENST00000340941.11	NM_022132.5	MCCC2	MANE Select
ENST00000345957.9	NM_152836.3	SNX16	MANE Select
ENST00000192314.7	NM_022134.3	GAL3ST2	MANE Select
ENST00000493094.6	NM_001369919.2	POPDC2	MANE Select
ENST00000400566.6	NM_022136.5	SAMSN1	MANE Select
ENST00000361956.8	NM_001034852.3	SMOC1	MANE Select
ENST00000356284.7	NM_001166412.2	SMOC2	MANE Select
ENST00000290417.7	NM_022139.4	GFRA4	MANE Select
ENST00000261486.6	NM_022140.5	EPB41L4A	MANE Select
ENST00000444313.8	NM_022141.7	PARVG	MANE Select
ENST00000339841.7	NM_022142.5	ELSPBP1	MANE Select
ENST00000249363.4	NM_022143.5	LRRC4	MANE Select
ENST00000373031.5	NM_022144.3	TNMD	MANE Select
ENST00000396679.6	NM_022145.5	CENPK	MANE Select
ENST00000277942.7	NM_022146.5	NPFFR1	MANE Select
ENST00000259030.3	NM_022147.3	RTP4	MANE Select
ENST00000400841.8	NM_022148.4	CRLF2	MANE Select
ENST00000317897.5	NM_022149.5	MAGEF1	MANE Select
ENST00000222674.2	NM_022150.3	NPVF	MANE Select
ENST00000298894.5	NM_022151.5	MOAP1	MANE Select
ENST00000258412.8	NM_022152.6	TMBIM1	MANE Select
ENST00000394957.8	NM_022153.2	VSIR	MANE Select
ENST00000356736.5	NM_001135146.2	SLC39A8	MANE Select
ENST00000306796.10	NM_022156.5	DUS1L	MANE Select
ENST00000373001.4	NM_022157.4	RRAGC	MANE Select
ENST00000300784.8	NM_022158.4	FN3K	MANE Select
ENST00000370742.4	NM_022159.4	ADGRL4	MANE Select
ENST00000647318.2	NM_001370466.1	NOD2	MANE Select
ENST00000271064.12	NM_022164.3	TINAGL1	MANE Select
ENST00000221459.7	NM_022165.3	LIN7B	MANE Select
ENST00000261381.7	NM_022166.4	XYLT1	MANE Select
ENST00000017003.7	NM_022167.4	XYLT2	MANE Select
ENST00000649979.2	NM_022168.4	IFIH1	MANE Select
ENST00000619701.5	NM_022169.5	ABCG4	MANE Select
ENST00000253699.7	NM_022340.4	RBSN	MANE Select
ENST00000288022.2	NM_022341.2	PDF	MANE Select
ENST00000684063.1	NM_182902.4	KIF9	MANE Select
ENST00000577809.6	NM_022344.4	C17orf75	MANE Select
ENST00000251496.7	NM_022346.5	NCAPG	MANE Select
ENST00000437043.8	NM_022350.5	ERAP2	MANE Select
ENST00000417640.7	NM_022351.5	NECAB1	MANE Select
ENST00000371732.10	NM_052813.5	CARD9	MANE Select
ENST00000264151.10	NM_022353.3	OSGEPL1	MANE Select
ENST00000393847.6	NM_022355.4	DPEP2	MANE Select
ENST00000296388.10	NM_022356.4	P3H1	MANE Select
ENST00000268793.6	NM_001370198.1	DPEP3	MANE Select
ENST00000326783.4	NM_022360.5	EDDM3B	MANE Select
ENST00000238647.5	NM_024496.4	IRF2BPL	MANE Select
ENST00000254765.4	NM_022361.5	POPDC3	MANE Select
ENST00000438925.7	NM_022362.5	MMS19	MANE Select
ENST00000261731.4	NM_022363.3	LHX5	MANE Select
ENST00000376980.8	NM_022365.4	DNAJC1	MANE Select
ENST00000366514.5	NM_022366.3	TFB2M	MANE Select
ENST00000368285.8	NM_022367.4	SEMA4A	MANE Select
ENST00000374571.5	NM_001032396.4	PJA1	MANE Select
ENST00000395105.9	NM_022369.4	STRA6	MANE Select
ENST00000397801.6	NM_022370.4	ROBO3	MANE Select
ENST00000367627.8	NM_022371.4	TOR3A	MANE Select
ENST00000569417.6	NM_022372.6	MLST8	MANE Select
ENST00000311350.8	NM_022373.5	HERPUD2	MANE Select
ENST00000378954.9	NM_001135673.4	ATL2	MANE Select
ENST00000528851.6	NM_022349.4	MS4A6A	MANE Select
ENST00000300190.7	NM_023945.3	MS4A5	MANE Select
ENST00000409417.6	NM_001368120.1	PDLIM2	MANE Select
ENST00000405322.8	NM_022436.3	ABCG5	MANE Select
ENST00000272286.4	NM_022437.3	ABCG8	MANE Select
ENST00000561678.7	NM_001365324.3	TENT4B	MANE Select
ENST00000513042.7	NM_001177693.2	ARHGEF28	MANE Select
ENST00000264601.8	NM_022449.4	RAB17	MANE Select
ENST00000262316.10	NM_022450.5	RHBDF1	MANE Select
ENST00000344279.11	NM_030899.5	ZSCAN31	MANE Select
ENST00000371361.3	NM_022451.11	NOC3L	MANE Select
ENST00000356166.11	NM_001105079.3	FBRS	MANE Select
ENST00000295704.7	NM_022453.3	RNF25	MANE Select
ENST00000297316.5	NM_022454.4	SOX17	MANE Select
ENST00000439151.7	NM_022455.5	NSD1	MANE Select
ENST00000367669.8	NM_022457.7	COP1	MANE Select
ENST00000353442.10	NM_022458.4	LMBR1	MANE Select
ENST00000255305.11	NM_022459.5	XPO4	MANE Select
ENST00000326172.9	NM_031419.4	NFKBIZ	MANE Select
ENST00000393791.8	NM_032496.4	ARHGAP9	MANE Select
ENST00000304031.8	NM_022460.4	HS1BP3	MANE Select
ENST00000479665.6	NM_022461.5	AZI2	MANE Select
ENST00000377670.9	NM_152795.4	HIF3A	MANE Select
ENST00000336868.8	NM_022463.5	NXN	MANE Select
ENST00000394817.7	NM_022464.5	SIL1	MANE Select
ENST00000547167.6	NM_022465.4	IKZF4	MANE Select
ENST00000368886.10	NM_001372123.1	IKZF5	MANE Select
ENST00000650847.1	NM_001127895.2	CHST8	MANE Select
ENST00000336577.9	NM_022468.5	MMP25	MANE Select
ENST00000318160.5	NM_022469.4	GREM2	MANE Select
ENST00000311417.7	NM_022470.4	ZMAT3	MANE Select
ENST00000282570.4	NM_178439.5	GMCL1	MANE Select
ENST00000463439.3	NM_001358008.2	GMCL2	MANE Select
ENST00000564754.7	NM_001366845.3	ZNF106	MANE Select
ENST00000261681.9	NM_022474.4	PALS1	MANE Select
ENST00000296575.8	NM_022475.3	HHIP	MANE Select
ENST00000394657.12	NM_022476.4	AKTIP	MANE Select
ENST00000487137.7	NM_144985.4	CDH24	MANE Select
ENST00000537909.4	NM_021248.3	CDH22	MANE Select
ENST00000367460.4	NM_130782.3	RGS18	MANE Select
ENST00000333538.10	NM_022479.3	GALNT17	MANE Select
ENST00000337975.6	NM_022480.4	KLHL25	MANE Select
ENST00000239440.9	NM_022481.6	ARAP3	MANE Select
ENST00000338121.10	NM_022482.5	GZF1	MANE Select
ENST00000397080.8	NM_022483.5	TMEM267	MANE Select
ENST00000312814.11	NM_022484.6	TMEM168	MANE Select
ENST00000296003.9	NM_001077525.3	MTMR14	MANE Select
ENST00000374270.8	NM_022486.5	SUSD1	MANE Select
ENST00000378278.7	NM_001033855.3	DCLRE1C	MANE Select
ENST00000283290.10	NM_022488.5	ATG3	MANE Select
ENST00000392634.9	NM_022489.4	INF2	MANE Select
ENST00000377798.9	NM_022490.4	POLR1E	MANE Select
ENST00000543473.2	NM_022491.3	SUDS3	MANE Select
ENST00000233623.11	NM_022492.6	TTC31	MANE Select
ENST00000251588.7	NM_022493.3	CIAO3	MANE Select
ENST00000369405.7	NM_022494.3	ZDHHC6	MANE Select
ENST00000406854.6	NM_001330177.2	PCNX4	MANE Select
ENST00000188312.7	NM_022496.5	ACTR6	MANE Select
ENST00000253686.7	NM_022497.5	MRPS25	MANE Select
ENST00000275820.4	NM_138400.2	NOM1	MANE Select
ENST00000311014.11	NM_023036.6	DNAI2	MANE Select
ENST00000635120.2	NM_033225.6	CSMD1	MANE Select
ENST00000606293.5	NM_024164.6	TPSB2	MANE Select
ENST00000684509.1	NM_001365242.1	CPEB1	MANE Select
ENST00000395930.6	NM_031898.3	TEKT3	MANE Select
ENST00000265605.7	NM_022568.4	ALDH8A1	MANE Select
ENST00000264363.7	NM_022569.3	NDST4	MANE Select
ENST00000304084.13	NM_197947.3	CLEC7A	MANE Select
ENST00000395116.2	NM_022571.6	GPR135	MANE Select
ENST00000320701.9	NM_022573.4	TSPY2	MANE Select
ENST00000393950.7	NM_023948.5	MOSPD3	MANE Select
ENST00000678049.1	NM_001375765.1	GIGYF1	MANE Select
ENST00000375102.4	NM_022819.4	PLA2G2F	MANE Select
ENST00000380445.8	NM_022575.4	VPS16	MANE Select
ENST00000520164.6	NM_022659.4	EBF2	MANE Select
ENST00000370152.8	NM_033055.3	SLC71A1	MANE Select
ENST00000370515.3	NM_032417.4	SPANXD	MANE Select
ENST00000273153.10	NM_033027.4	CSRNP1	MANE Select
ENST00000358993.3	NM_022661.4	SPANXC	MANE Select
ENST00000341068.8	NM_022662.4	ANAPC1	MANE Select
ENST00000319283.8	NM_031899.4	GORASP1	MANE Select
ENST00000391403.4	NM_172241.3	CTAGE1	MANE Select
ENST00000644384.2	NM_001256317.3	TMPRSS3	MANE Select
ENST00000350033.8	NM_022730.4	COPS7B	MANE Select
ENST00000367142.5	NM_022731.5	NUCKS1	MANE Select
ENST00000454677.3	NM_001009606.4	HS3ST6	MANE Select
ENST00000219406.11	NM_006849.4	PDIA2	MANE Select
ENST00000389221.9	NM_001372107.1	UNKL	MANE Select
ENST00000376729.10	NM_001347217.2	WDR13	MANE Select
ENST00000372718.8	NM_022733.3	SMAP2	MANE Select
ENST00000339374.11	NM_022734.3	METTL17	MANE Select
ENST00000366812.6	NM_022735.4	ACBD3	MANE Select
ENST00000415822.8	NM_022736.4	MFSD1	MANE Select
ENST00000688289.1	NM_001393892.1	PLPPR2	MANE Select
ENST00000262435.14	NM_022739.4	SMURF2	MANE Select
ENST00000297788.9	NM_022742.5	CCDC136	MANE Select
ENST00000490107.6	NM_001167740.2	SMYD3	MANE Select
ENST00000327237.7	NM_022744.4	RUSF1	MANE Select
ENST00000574428.6	NM_001394565.1	ATPAF1	MANE Select
ENST00000366910.10	NM_022746.4	MTARC1	MANE Select
ENST00000311160.14	NM_022748.12	TNS3	MANE Select
ENST00000289921.8	NM_022749.7	FHIP2B	MANE Select
ENST00000263549.8	NM_022750.4	PARP12	MANE Select
ENST00000269209.7	NM_001242409.2	GAREM1	MANE Select
ENST00000359044.5	NM_022752.6	ZNF574	MANE Select
ENST00000330387.11	NM_194071.4	CREB3L2	MANE Select
ENST00000373475.10	NM_022753.4	S100PBP	MANE Select
ENST00000287996.8	NM_022755.6	IPPK	MANE Select
ENST00000296214.10	NM_001270875.3	MEAF6	MANE Select
ENST00000409697.8	NM_001366335.1	CCDC14	MANE Select
ENST00000374023.8	NM_024294.4	ILRUN	MANE Select
ENST00000579016.6	NM_001042573.3	ENGASE	MANE Select
ENST00000360652.7	NM_022760.6	PCED1A	MANE Select
ENST00000260276.8	NM_022761.3	CFAP68	MANE Select
ENST00000313386.9	NM_022762.5	RMND5B	MANE Select
ENST00000415807.7	NM_022763.4	FNDC3B	MANE Select
ENST00000360900.11	NM_001159377.2	MTHFSD	MANE Select
ENST00000358807.8	NM_022765.4	MICAL1	MANE Select
ENST00000216264.13	NM_022766.6	CERK	MANE Select
ENST00000332810.4	NM_022767.4	AEN	MANE Select
ENST00000369784.9	NM_022768.5	RBM15	MANE Select
ENST00000268184.11	NM_022769.5	CRTC3	MANE Select
ENST00000318129.6	NM_022770.4	GINS3	MANE Select
ENST00000485960.7	NM_001146213.3	TBC1D15	MANE Select
ENST00000318562.13	NM_022772.4	EPS8L2	MANE Select
ENST00000262301.16	NM_022773.4	LMF1	MANE Select
ENST00000415550.6	NM_001346953.2	EXO5	MANE Select
ENST00000315322.10	NM_022777.4	IFT22	MANE Select
ENST00000451429.8	NM_001319944.2	CEP85	MANE Select
ENST00000372159.8	NM_022779.9	DDX31	MANE Select
ENST00000283632.5	NM_022780.4	RMND5A	MANE Select
ENST00000286234.6	NM_022783.4	DEPTOR	MANE Select
ENST00000335894.9	NM_001031715.3	IQCH	MANE Select
ENST00000262726.12	NM_022785.4	EFCAB6	MANE Select
ENST00000310256.7	NM_022786.3	ARV1	MANE Select
ENST00000377205.6	NM_022787.4	NMNAT1	MANE Select
ENST00000302632.4	NM_022788.5	P2RY12	MANE Select
ENST00000397242.3	NM_172314.2	IL25	MANE Select
ENST00000354829.7	NM_057095.3	CYP3A43	MANE Select
ENST00000372458.8	NM_022821.4	ELOVL1	MANE Select
ENST00000394067.7	NM_001318734.2	KLC2	MANE Select
ENST00000264703.4	NM_022823.3	FNDC4	MANE Select
ENST00000542267.7	NM_001163315.3	FBXL17	MANE Select
ENST00000326194.11	NM_203475.3	PORCN	MANE Select
ENST00000216410.8	NM_198066.4	GNPNAT1	MANE Select
ENST00000290759.9	NM_145805.3	ISL2	MANE Select
ENST00000409175.6	NM_001282805.2	MARCHF7	MANE Select
ENST00000006658.11	NM_022827.4	SPATA20	MANE Select
ENST00000161863.9	NM_022828.5	YTHDC2	MANE Select
ENST00000279027.9	NM_022829.6	SLC13A3	MANE Select
ENST00000296486.8	NM_031279.4	ETNPPL	MANE Select
ENST00000476907.6	NM_022830.3	TUT1	MANE Select
ENST00000340020.11	NM_022831.4	AIDA	MANE Select
ENST00000441222.8	NM_022832.4	USP46	MANE Select
ENST00000373312.4	NM_022833.4	NIBAN2	MANE Select
ENST00000476993.2	NM_022834.5	VWA1	MANE Select
ENST00000425673.6	NM_022835.3	PLEKHG2	MANE Select
ENST00000650450.2	NM_022836.4	DCLRE1B	MANE Select
ENST00000425611.9	NM_001031716.5	NABP1	MANE Select
ENST00000473968.7	NM_001168478.2	ARMCX5	MANE Select
ENST00000574538.2	NM_022840.5	METTL4	MANE Select
ENST00000559447.8	NM_022841.7	RFX7	MANE Select
ENST00000296129.6	NM_022842.5	CDCP1	MANE Select
ENST00000409204.5	NM_022843.4	PCDH20	MANE Select
ENST00000238714.8	NM_022894.4	PAPOLG	MANE Select
ENST00000288757.7	NM_022895.3	C12orf43	MANE Select
ENST00000373257.8	NM_022896.3	LPIN3	MANE Select
ENST00000523189.6	NM_022897.5	RANBP17	MANE Select
ENST00000231420.11	NM_031900.4	AGXT2	MANE Select
ENST00000357195.8	NM_138576.4	BCL11B	MANE Select
ENST00000297273.9	NM_022900.5	CASD1	MANE Select
ENST00000380055.6	NM_022901.3	LRRC19	MANE Select
ENST00000396591.8	NM_022902.5	SLC30A5	MANE Select
ENST00000321895.7	NM_022903.4	CCDC71	MANE Select
ENST00000343625.12	NM_022904.3	RASAL3	MANE Select
ENST00000394132.7	NM_001288615.3	TTC23	MANE Select
ENST00000372014.5	NM_032111.4	MRPL14	MANE Select
ENST00000422318.7	NM_001134231.2	NT5DC2	MANE Select
ENST00000283006.7	NM_022909.4	CENPH	MANE Select
ENST00000380325.4	NM_030811.4	MRPS26	MANE Select
ENST00000317534.6	NM_032014.3	MRPS24	MANE Select
ENST00000373116.6	NM_031280.4	MRPS15	MANE Select
ENST00000325844.9	NM_022839.5	MRPS11	MANE Select
ENST00000258455.8	NM_182640.3	MRPS9	MANE Select
ENST00000399312.3	NM_032476.4	MRPS6	MANE Select
ENST00000272418.7	NM_031902.5	MRPS5	MANE Select
ENST00000371443.6	NM_032477.3	MRPL41	MANE Select
ENST00000333130.4	NM_003776.4	MRPL40	MANE Select
ENST00000309352.4	NM_032478.4	MRPL38	MANE Select
ENST00000505059.7	NM_032479.4	MRPL36	MANE Select
ENST00000252602.2	NM_023937.4	MRPL34	MANE Select
ENST00000223324.3	NM_031903.3	MRPL32	MANE Select
ENST00000310999.11	NM_016050.5	MRPL11	MANE Select
ENST00000368830.8	NM_031420.4	MRPL9	MANE Select
ENST00000315567.13	NM_020236.4	MRPL1	MANE Select
ENST00000570248.6	NM_001242835.2	NDRG4	MANE Select
ENST00000395550.7	NM_022911.3	SLC26A6	MANE Select
ENST00000321556.5	NM_032409.3	PINK1	MANE Select
ENST00000538924.7	NM_001371279.1	REEP1	MANE Select
ENST00000506184.7	NM_022913.4	GPBP1	MANE Select
ENST00000620761.6	NM_001082486.2	ACD	MANE Select
ENST00000319170.10	NM_213589.3	RAPH1	MANE Select
ENST00000652192.3	NM_001366386.2	CDK15	MANE Select
ENST00000409883.7	NM_001044385.3	TMEM237	MANE Select
ENST00000683969.1	NM_001378026.1	NBEAL1	MANE Select
ENST00000043402.8	NM_023004.6	RTN4R	MANE Select
ENST00000258383.4	NM_022915.5	MRPL44	MANE Select
ENST00000267199.9	NM_022916.6	VPS33A	MANE Select
ENST00000297990.9	NM_022917.5	NOL6	MANE Select
ENST00000305494.6	NM_022918.4	TMEM135	MANE Select
ENST00000620518.5	NM_023007.3	JMJD4	MANE Select
ENST00000312962.12	NM_023008.5	KRI1	MANE Select
ENST00000329421.8	NM_023009.7	MARCKSL1	MANE Select
ENST00000276201.7	NM_080632.3	UPF3B	MANE Select
ENST00000375299.8	NM_023011.4	UPF3A	MANE Select
ENST00000331738.12	NM_023012.6	RSRC2	MANE Select
ENST00000332296.7	NM_023013.4	PRAMEF1	MANE Select
ENST00000240189.2	NM_023014.1	PRAMEF2	MANE Select
ENST00000318967.7	NM_023015.5	INTS3	MANE Select
ENST00000356454.5	NM_023016.4	SOWAHC	MANE Select
ENST00000315939.11	NM_018979.4	WNK1	MANE Select
ENST00000340908.9	NM_213655.5	WNK1	MANE Plus Clinical
ENST00000320301.11	NM_033056.4	PCDH15	MANE Plus Clinical
ENST00000644397.2	NM_001384140.1	PCDH15	MANE Select
ENST00000341426.9	NM_023018.5	NADK	MANE Select
ENST00000361584.5	NM_023070.3	ZFP69B	MANE Select
ENST00000552918.6	NM_023071.4	SPATS2	MANE Select
ENST00000590508.6	NM_001367834.3	ZSWIM4	MANE Select
ENST00000651892.2	NM_001384732.1	CPLANE1	MANE Select
ENST00000354957.8	NM_023074.4	ZNF649	MANE Select
ENST00000588072.6	NM_023075.6	MPPE1	MANE Select
ENST00000371538.5	NM_023077.3	COA7	MANE Select
ENST00000495276.6	NM_023078.6	PYCR3	MANE Select
ENST00000360943.10	NM_023079.5	UBE2Z	MANE Select
ENST00000331434.7	NM_023080.3	C8orf33	MANE Select
ENST00000246914.10	NM_032387.5	WNK4	MANE Select
ENST00000354646.7	NM_020922.5	WNK3	MANE Select
ENST00000427277.7	NM_006648.4	WNK2	MANE Select
ENST00000687296.1	NM_001352389.2	STK33	MANE Select
ENST00000234453.10	NM_019091.4	PLEKHA3	MANE Select
ENST00000373839.8	NM_001048183.3	PHACTR4	MANE Select
ENST00000467963.6	NM_023924.5	BRD9	MANE Select
ENST00000695402.1	NM_001385503.1	CAPRIN2	MANE Select
ENST00000601144.6	NM_001145543.2	ZSCAN18	MANE Select
ENST00000285689.8	NM_023927.4	GRAMD2B	MANE Select
ENST00000316519.11	NM_023928.5	AACS	MANE Select
ENST00000455036.8	NM_001105539.3	ZBTB10	MANE Select
ENST00000353172.6	NM_023930.4	KCTD14	MANE Select
ENST00000693075.1	NM_001305018.2	ZNF747	MANE Select
ENST00000372488.8	NM_023932.4	DLK2	MANE Select
ENST00000569529.6	NM_023933.3	ANTKMT	MANE Select
ENST00000369498.8	NM_023934.4	FUNDC2	MANE Select
ENST00000354488.8	NM_023935.3	DDRGK1	MANE Select
ENST00000397375.7	NM_023936.2	MRPS34	MANE Select
ENST00000248706.5	NM_023940.3	RASL11B	MANE Select
ENST00000433688.2	NM_001144936.2	ZFTA	MANE Select
ENST00000359623.9	NM_001142928.2	LRRC61	MANE Select
ENST00000321871.11	NM_023943.4	TMEM108	MANE Select
ENST00000550308.6	NM_023944.4	CYP4F12	MANE Select
ENST00000652477.1	NM_177477.4	LYNX1	MANE Select
ENST00000323578.13	NM_023947.4	CHID1	MANE Select
ENST00000332624.8	NM_015049.3	TRAK2	MANE Select
ENST00000316185.9	NM_001024939.4	SLC2A11	MANE Select
ENST00000221086.8	NM_015458.4	MTMR9	MANE Select
ENST00000392296.9	NM_033030.6	BOLL	MANE Select
ENST00000256261.9	NM_024025.3	DUSP26	MANE Select
ENST00000452070.6	NM_001077415.3	CRELD1	MANE Select
ENST00000309594.5	NM_024026.5	MRPL57	MANE Select
ENST00000349077.9	NM_024027.5	COLEC11	MANE Select
ENST00000203664.10	NM_023112.4	OTUB2	MANE Select
ENST00000274569.9	NM_024028.4	PCYOX1L	MANE Select
ENST00000586748.6	NM_001321439.2	YIPF2	MANE Select
ENST00000300835.9	NM_024031.5	PRR14	MANE Select
ENST00000585683.6	NM_001171251.3	HROB	MANE Select
ENST00000393114.8	NM_024033.4	CYREN	MANE Select
ENST00000342560.10	NM_024034.6	GDAP1L1	MANE Select
ENST00000309602.5	NM_024036.5	LRFN4	MANE Select
ENST00000374298.4	NM_024037.3	AUNIP	MANE Select
ENST00000394975.3	NM_024006.6	VKORC1	MANE Select
ENST00000242784.5	NM_024038.4	TRIR	MANE Select
ENST00000611091.5	NM_001258217.2	MIS12	MANE Select
ENST00000369937.5	NM_024040.3	CUEDC2	MANE Select
ENST00000368905.9	NM_024041.4	SCNM1	MANE Select
ENST00000568223.7	NM_024042.4	METRN	MANE Select
ENST00000002501.11	NM_001042610.3	DBNDD1	MANE Select
ENST00000330181.10	NM_024044.5	SLX1B	MANE Select
ENST00000373585.8	NM_024045.2	DDX50	MANE Select
ENST00000477224.6	NM_024046.5	CAMKV	MANE Select
ENST00000359866.9	NM_024050.6	DDA1	MANE Select
ENST00000275428.9	NM_024051.4	GGCT	MANE Select
ENST00000268719.9	NM_024052.5	GID4	MANE Select
ENST00000215980.10	NM_024053.5	CENPM	MANE Select
ENST00000350427.5	NM_001099858.2	C7orf25	MANE Select
ENST00000429772.7	NM_001143842.2	TMEM106C	MANE Select
ENST00000552283.6	NM_024057.4	NUP37	MANE Select
ENST00000370097.2	NM_001319152.2	FNDC11	MANE Select
ENST00000378024.9	NM_001620.3	AHNAK	MANE Select
ENST00000252713.9	NM_138494.3	ZNF655	MANE Select
ENST00000305560.11	NM_024063.3	AFG2B	MANE Select
ENST00000264254.11	NM_024065.5	PDCL3	MANE Select
ENST00000372257.7	NM_024066.3	ERI3	MANE Select
ENST00000344417.10	NM_024067.4	INTS15	MANE Select
ENST00000267023.9	NM_024068.4	NABP2	MANE Select
ENST00000222307.9	NM_024069.4	KXD1	MANE Select
ENST00000699088.1	NM_001397246.1	PVRIG	MANE Select
ENST00000311141.7	NM_024071.4	ZFYVE21	MANE Select
ENST00000306014.10	NM_024072.4	DDX54	MANE Select
ENST00000187762.7	NM_024074.4	TMEM38A	MANE Select
ENST00000396388.3	NM_001077446.4	TSEN34	MANE Select
ENST00000683859.1	NM_001129994.2	KCTD15	MANE Select
ENST00000375807.8	NM_024077.5	SECISBP2	MANE Select
ENST00000330579.6	NM_024078.3	NOC4L	MANE Select
ENST00000299626.10	NM_024079.5	ALG8	MANE Select
ENST00000324695.9	NM_024080.5	TRPM8	MANE Select
ENST00000257836.4	NM_024081.6	PRRG4	MANE Select
ENST00000674457.1	NM_001372163.1	PRRG3	MANE Select
ENST00000306739.9	NM_024083.4	ASPSCR1	MANE Select
ENST00000307366.8	NM_001080501.3	TMEM223	MANE Select
ENST00000361242.9	NM_001077198.3	ATG9A	MANE Select
ENST00000263092.11	NM_024086.4	METTL16	MANE Select
ENST00000471389.6	NM_001080432.3	FTO	MANE Select
ENST00000376004.5	NM_024089.3	POGLUT2	MANE Select
ENST00000302274.8	NM_024090.3	ELOVL6	MANE Select
ENST00000264669.10	NM_024091.4	FASTKD3	MANE Select
ENST00000227525.8	NM_024092.3	TMEM109	MANE Select
ENST00000258457.7	NM_024093.3	C2orf49	MANE Select
ENST00000313655.5	NM_024094.3	DSCC1	MANE Select
ENST00000319285.5	NM_024096.2	DCTPP1	MANE Select
ENST00000372525.7	NM_024097.4	C1orf50	MANE Select
ENST00000227520.10	NM_024098.4	CCDC86	MANE Select
ENST00000354588.8	NM_024099.5	LBHD1	MANE Select
ENST00000264605.8	NM_024101.7	MLPH	MANE Select
ENST00000235090.10	NM_024102.4	WDR77	MANE Select
ENST00000301454.9	NM_024103.3	SLC25A23	MANE Select
ENST00000487416.7	NM_024104.4	SMIM7	MANE Select
ENST00000330817.11	NM_024105.4	ALG12	MANE Select
ENST00000253115.7	NM_024106.3	ZNF426	MANE Select
ENST00000538716.7	NM_001076674.3	TMUB2	MANE Select
ENST00000585934.1	NM_001270891.2	TRAPPC6A	MANE Select
ENST00000381920.8	NM_024109.4	METTL22	MANE Select
ENST00000648509.2	NM_001366385.1	CARD14	MANE Select
ENST00000617768.5	NM_024111.6	CHAC1	MANE Select
ENST00000372994.2	NM_024112.4	BBLN	MANE Select
ENST00000278460.12	NM_024113.5	CSTPP1	MANE Select
ENST00000417545.5	NM_024114.5	TRIM48	MANE Select
ENST00000359470.6	NM_023938.6	C1orf116	MANE Select
ENST00000448108.7	NM_024116.4	TAF1D	MANE Select
ENST00000311413.5	NM_032015.5	RNF26	MANE Select
ENST00000265960.8	NM_001006617.3	MAPKAP1	MANE Select
ENST00000251642.8	NM_024119.3	DHX58	MANE Select
ENST00000378106.10	NM_024120.5	NDUFAF5	MANE Select
ENST00000426077.3	NM_024121.3	TMEM185B	MANE Select
ENST00000379226.9	NM_024122.5	APOO	MANE Select
ENST00000430297.7	NM_024293.6	RETREG2	MANE Select
ENST00000259512.9	NM_024295.6	DERL1	MANE Select
ENST00000373602.10	NM_024296.5	CCDC28B	MANE Select
ENST00000320316.8	NM_024297.3	PHF23	MANE Select
ENST00000245615.6	NM_024298.5	MBOAT7	MANE Select
ENST00000370179.8	NM_024299.4	PPDPF	MANE Select
ENST00000355315.8	NM_001011671.3	CHCHD7	MANE Select
ENST00000318584.10	NM_024301.5	FKRP	MANE Select
ENST00000605424.6	NM_024302.5	MMP28	MANE Select
ENST00000683990.1	NM_001322064.3	ZSCAN5A	MANE Select
ENST00000219368.8	NM_024306.5	FA2H	MANE Select
ENST00000406256.8	NM_024307.3	GDPD3	MANE Select
ENST00000618403.5	NM_024308.4	DHRS11	MANE Select
ENST00000315423.12	NM_024309.4	TNIP2	MANE Select
ENST00000436066.4	NM_024310.5	PLEKHF1	MANE Select
ENST00000685175.1	NM_001242532.5	MFSD11	MANE Select
ENST00000299314.12	NM_024312.5	GNPTAB	MANE Select
ENST00000359114.9	NM_024313.3	NOL12	MANE Select
ENST00000257637.8	NM_024315.4	TMEM243	MANE Select
ENST00000222224.4	NM_024316.3	LENG1	MANE Select
ENST00000396365.7	NM_024318.5	LILRA6	MANE Select
ENST00000272139.5	NM_024319.4	C1orf35	MANE Select
ENST00000300557.3	NM_024320.4	PRR15L	MANE Select
ENST00000262633.9	NM_024321.5	RBM42	MANE Select
ENST00000380834.7	NM_001322101.2	CENPO	MANE Select
ENST00000586783.6	NM_001345843.2	BRME1	MANE Select
ENST00000328268.9	NM_024324.5	CRELD2	MANE Select
ENST00000278772.9	NM_024325.6	ZNF343	MANE Select
ENST00000369956.8	NM_024326.4	FBXL15	MANE Select
ENST00000336564.5	NM_001145347.2	ZNF576	MANE Select
ENST00000288014.7	NM_024328.6	THTPA	MANE Select
ENST00000375980.9	NM_024329.6	EFHD2	MANE Select
ENST00000262605.9	NM_001039199.3	TTPAL	MANE Select
ENST00000330045.12	NM_001018055.3	BRCC3	MANE Select
ENST00000221856.11	NM_024333.3	FSD1	MANE Select
ENST00000306077.5	NM_024334.3	TMEM43	MANE Select
ENST00000290552.8	NM_024335.3	IRX6	MANE Select
ENST00000329734.4	NM_024336.3	IRX3	MANE Select
ENST00000302006.4	NM_024337.4	IRX1	MANE Select
ENST00000326266.13	NM_024339.5	THOC6	MANE Select
ENST00000252840.11	NM_024341.3	ZNF557	MANE Select
ENST00000378412.8	NM_033467.4	MMEL1	MANE Select
ENST00000377724.8	NM_024345.5	DCAF10	MANE Select
ENST00000553795.6	NM_001004297.3	OR13A1	MANE Select
ENST00000615035.3	NM_001005479.2	OR5H6	MANE Select
ENST00000710310.1	NM_001348221.2	OR52E1	MANE Select
ENST00000355273.3	NM_001005482.2	OR5H2	MANE Select
ENST00000315915.5	NM_001005483.1	OR4K5	MANE Select
ENST00000623849.1	NM_001005237.1	OR51G1	MANE Select
ENST00000556246.3	NM_001197287.2	OR11H2	MANE Select
ENST00000380224.2	NM_033179.2	OR51B4	MANE Select
ENST00000624187.1	NM_033180.5	OR51B2	MANE Select
ENST00000319813.3	NM_001348223.2	OR4C5	MANE Select
ENST00000375599.8	NM_030907.4	CPLANE2	MANE Select
ENST00000389709.8	NM_025112.5	ZXDC	MANE Select
ENST00000242728.5	NM_030762.3	BHLHE41	MANE Select
ENST00000358130.7	NM_030763.3	HMGN5	MANE Select
ENST00000361516.8	NM_030764.4	FCRL2	MANE Select
ENST00000324189.5	NM_030765.4	B3GNT4	MANE Select
ENST00000308721.9	NM_138723.2	BCL2L14	MANE Select
ENST00000388866.8	NM_024505.4	NOX5	MANE Select
ENST00000295759.12	NM_001286423.2	GLB1L	MANE Select
ENST00000303746.10	NM_172229.3	KREMEN2	MANE Select
ENST00000317012.5	NM_024508.5	ZBED2	MANE Select
ENST00000246529.4	NM_024509.2	LRFN3	MANE Select
ENST00000306645.10	NM_001033046.4	CYBC1	MANE Select
ENST00000443786.3	NM_001303143.2	HAUS3	MANE Select
ENST00000395905.8	NM_024512.5	LRRC2	MANE Select
ENST00000296137.7	NM_024513.4	FYCO1	MANE Select
ENST00000217169.8	NM_139317.3	BIRC7	MANE Select
ENST00000402312.8	NM_001161476.3	WDR25	MANE Select
ENST00000320330.8	NM_024516.4	PAGR1	MANE Select
ENST00000367339.7	NM_024518.3	ULBP3	MANE Select
ENST00000641645.1	NM_001001913.2	OR52N1	MANE Select
ENST00000710330.1	NM_001348230.2	OR5AL1	MANE Select
ENST00000307002.3	NM_001355219.1	OR10G6	MANE Select
ENST00000641515.2	NM_001005484.2	OR4F5	MANE Select
ENST00000315453.4	NM_030908.2	OR2A4	MANE Select
ENST00000641172.1	NM_001004063.3	OR4K1	MANE Select
ENST00000540461.2	NM_001348233.2	OR6J1	MANE Select
ENST00000042381.9	NM_024519.4	RIPOR1	MANE Select
ENST00000392290.6	NM_001394955.1	MAIP1	MANE Select
ENST00000373736.7	NM_024522.3	NKAIN1	MANE Select
ENST00000321407.3	NM_024523.6	GCC1	MANE Select
ENST00000645319.2	NM_001367549.1	ATP13A3	MANE Select
ENST00000366661.9	NM_024525.5	TTC13	MANE Select
ENST00000361965.9	NM_133181.4	EPS8L3	MANE Select
ENST00000247706.4	NM_024527.5	ABHD8	MANE Select
ENST00000371410.5	NM_024528.4	NKAP	MANE Select
ENST00000367435.5	NM_024529.5	CDC73	MANE Select
ENST00000643944.2	NM_001363118.2	SLC52A2	MANE Select
ENST00000331683.10	NM_024532.5	SPAG16	MANE Select
ENST00000258173.11	NM_001077418.3	TMEM231	MANE Select
ENST00000251166.9	NM_024535.5	CORO7	MANE Select
ENST00000243776.11	NM_024536.6	CHPF	MANE Select
ENST00000257347.9	NM_024537.4	CARS2	MANE Select
ENST00000255499.3	NM_194463.2	RNF128	MANE Select
ENST00000361531.6	NM_145729.3	MRPL24	MANE Select
ENST00000370033.9	NM_024541.3	ARMH3	MANE Select
ENST00000264198.5	NM_024544.3	MUL1	MANE Select
ENST00000643581.2	NM_001330301.2	SAP130	MANE Select
ENST00000282003.7	NM_024546.4	OBI1	MANE Select
ENST00000341893.8	NM_024548.4	CEP97	MANE Select
ENST00000397659.9	NM_001082538.3	TCTN1	MANE Select
ENST00000357103.5	NM_024551.3	ADIPOR2	MANE Select
ENST00000251363.10	NM_024552.3	CERS4	MANE Select
ENST00000391860.7	NM_001258311.2	PGBD5	MANE Select
ENST00000533050.6	NM_024556.4	FAM118B	MANE Select
ENST00000309737.11	NM_001206671.4	RIC3	MANE Select
ENST00000395860.7	NM_024558.3	VCPKMT	MANE Select
ENST00000548058.6	NM_024560.4	ACSS3	MANE Select
ENST00000379406.8	NM_024561.5	NAA16	MANE Select
ENST00000261778.2	NM_024562.2	TANGO6	MANE Select
ENST00000257536.13	NM_001308173.3	CCNJL	MANE Select
ENST00000287701.15	NM_001135726.3	HMBOX1	MANE Select
ENST00000336617.8	NM_024570.4	RNASEH2B	MANE Select
ENST00000293861.8	NM_024571.4	SNRNP25	MANE Select
ENST00000349752.10	NM_024572.4	GALNT14	MANE Select
ENST00000367294.4	NM_024573.3	DCPH1	MANE Select
ENST00000379692.9	NM_024574.4	NDNF	MANE Select
ENST00000368910.4	NM_024575.5	TNFAIP8L2	MANE Select
ENST00000370435.5	NM_024576.5	OGFRL1	MANE Select
ENST00000515425.6	NM_024577.4	SH3TC2	MANE Select
ENST00000215061.9	NM_024578.3	OCEL1	MANE Select
ENST00000369099.8	NM_024579.4	C1orf54	MANE Select
ENST00000268206.12	NM_024580.6	EFL1	MANE Select
ENST00000338891.12	NM_024581.6	FAM184A	MANE Select
ENST00000394329.9	NM_001291303.3	FAT4	MANE Select
ENST00000272732.11	NM_024583.5	SCRN3	MANE Select
ENST00000324364.4	NM_024584.5	CCDC121	MANE Select
ENST00000245543.6	NM_024585.4	ARMC7	MANE Select
ENST00000372237.8	NM_024587.4	TMEM53	MANE Select
ENST00000322048.12	NM_024589.3	ROGDI	MANE Select
ENST00000315366.8	NM_024590.4	ARSJ	MANE Select
ENST00000325167.9	NM_024591.5	CHMP6	MANE Select
ENST00000264228.9	NM_024592.5	SRD5A3	MANE Select
ENST00000262103.8	NM_024593.4	CLXN	MANE Select
ENST00000239231.7	NM_024594.4	PANK3	MANE Select
ENST00000432648.8	NM_024595.3	AKIRIN1	MANE Select
ENST00000344683.10	NM_024596.5	MCPH1	MANE Select
ENST00000316077.14	NM_024597.4	MAP7D3	MANE Select
ENST00000219281.8	NM_024598.4	USB1	MANE Select
ENST00000675367.1	NM_001005498.4	RHBDF2	MANE Select
ENST00000566264.2	NM_024600.6	TMEM204	MANE Select
ENST00000372172.5	NM_024602.6	HECTD3	MANE Select
ENST00000371833.4	NM_024603.4	BEND5	MANE Select
ENST00000005386.8	NM_024604.3	RPAP3	MANE Select
ENST00000336498.8	NM_024605.4	ARHGAP10	MANE Select
ENST00000375735.7	NM_001377.3	DYNC2H1	MANE Select
ENST00000650373.2	NM_001080463.2	DYNC2H1	MANE Plus Clinical
ENST00000310455.4	NM_024607.4	PPP1R3B	MANE Select
ENST00000355059.9	NM_024608.4	NEIL1	MANE Select
ENST00000306103.3	NM_024610.6	HSPBAP1	MANE Select
ENST00000261520.9	NM_024611.6	ICE2	MANE Select
ENST00000251241.9	NM_024612.5	DHX40	MANE Select
ENST00000315367.4	NM_024613.4	PLEKHF2	MANE Select
ENST00000281631.10	NM_024615.4	PARP8	MANE Select
ENST00000264848.10	NM_024616.3	C3orf52	MANE Select
ENST00000375963.8	NM_024617.4	TUT7	MANE Select
ENST00000409109.6	NM_001282144.2	NLRX1	MANE Select
ENST00000269373.11	NM_024619.4	FN3KRP	MANE Select
ENST00000598312.6	NM_024620.4	ZNF329	MANE Select
ENST00000362010.7	NM_001167912.2	VEPH1	MANE Select
ENST00000453153.7	NM_024622.6	FASTKD1	MANE Select
ENST00000228922.12	NM_001304833.2	OGFOD2	MANE Select
ENST00000448223.7	NM_001142286.2	SMC6	MANE Select
ENST00000369458.8	NM_024626.4	VTCN1	MANE Select
ENST00000328554.9	NM_024627.6	RTL10	MANE Select
ENST00000281453.10	NM_024629.4	CENPU	MANE Select
ENST00000359775.10	NM_024630.3	ZDHHC14	MANE Select
ENST00000374979.8	NM_001308027.2	MSANTD2	MANE Select
ENST00000297109.11	NM_024632.6	SAP30L	MANE Select
ENST00000380079.9	NM_024636.4	STEAP4	MANE Select
ENST00000360039.9	NM_024637.5	GAL3ST4	MANE Select
ENST00000281273.8	NM_024638.4	QTRT2	MANE Select
ENST00000415922.7	NM_024639.5	ZNF322	MANE Select
ENST00000373044.3	NM_024640.4	YRDC	MANE Select
ENST00000358812.9	NM_024641.4	MANEA	MANE Select
ENST00000375011.4	NM_024642.5	GALNT12	MANE Select
ENST00000524913.3	NM_024643.4	ZC2HC1C	MANE Select
ENST00000304061.8	NM_024644.5	RIOX1	MANE Select
ENST00000297737.11	NM_024645.3	ZMAT4	MANE Select
ENST00000294353.7	NM_024646.3	ZYG11B	MANE Select
ENST00000313056.10	NM_024648.3	OGFOD3	MANE Select
ENST00000540737.7	NM_001302084.2	TOP6BL	MANE Select
ENST00000388948.8	NM_024652.6	LRRK1	MANE Select
ENST00000397912.3	NM_024653.4	PRKRIP1	MANE Select
ENST00000377705.6	NM_024654.5	NOL9	MANE Select
ENST00000252599.9	NM_024656.4	COLGALT1	MANE Select
ENST00000355610.9	NM_024657.5	MORC4	MANE Select
ENST00000354464.11	NM_024658.4	IPO4	MANE Select
ENST00000682281.1	NM_001376312.2	QTMAN	MANE Select
ENST00000246532.6	NM_024660.4	IGFLR1	MANE Select
ENST00000395694.7	NM_001256964.2	CCDC51	MANE Select
ENST00000356091.11	NM_024663.4	NPEPL1	MANE Select
ENST00000372561.4	NM_024664.4	PPCS	MANE Select
ENST00000457928.7	NM_024665.7	TBL1XR1	MANE Select
ENST00000261880.10	NM_024666.5	AAGAB	MANE Select
ENST00000267202.7	NM_024667.3	VPS37B	MANE Select
ENST00000341048.9	NM_024669.3	ANKRD55	MANE Select
ENST00000354919.11	NM_001193424.2	SUV39H2	MANE Select
ENST00000380412.7	NM_024671.4	ZNF768	MANE Select
ENST00000302236.10	NM_024672.6	THAP9	MANE Select
ENST00000262144.11	NM_030581.4	WDR59	MANE Select
ENST00000326279.11	NM_024674.6	LIN28A	MANE Select
ENST00000261584.9	NM_024675.4	PALB2	MANE Select
ENST00000453908.8	NM_001162530.2	SH3D21	MANE Select
ENST00000381782.7	NM_024677.6	NSUN7	MANE Select
ENST00000281038.10	NM_024678.6	NARS2	MANE Select
ENST00000250024.9	NM_024680.4	E2F8	MANE Select
ENST00000403888.8	NM_001282684.2	KCTD17	MANE Select
ENST00000221543.10	NM_024682.3	TBC1D17	MANE Select
ENST00000581216.6	NM_024683.4	TEFM	MANE Select
ENST00000650064.2	NM_024685.4	BBS10	MANE Select
ENST00000260505.13	NM_024686.6	TTLL7	MANE Select
ENST00000675490.1	NM_001199201.2	ZBBX	MANE Select
ENST00000639629.2	NM_001395015.1	CCDC7	MANE Select
ENST00000398000.7	NM_176819.4	DIPK2B	MANE Select
ENST00000221735.12	NM_024691.4	ZNF419	MANE Select
ENST00000320081.10	NM_024692.6	CLIP4	MANE Select
ENST00000379215.9	NM_024693.5	ECHDC3	MANE Select
ENST00000397944.8	NM_024694.4	ADGB	MANE Select
ENST00000309664.10	NM_021819.3	LMAN1L	MANE Select
ENST00000281523.8	NM_024697.3	ZNF385D	MANE Select
ENST00000628067.3	NM_001191061.2	SLC25A22	MANE Select
ENST00000220669.10	NM_024699.3	ZFAND1	MANE Select
ENST00000296215.8	NM_024700.4	SNIP1	MANE Select
ENST00000357700.11	NM_024701.4	ASB13	MANE Select
ENST00000269394.4	NM_024702.3	ZNF750	MANE Select
ENST00000444610.8	NM_001377533.1	DHRS12	MANE Select
ENST00000300849.5	NM_024706.5	ZNF668	MANE Select
ENST00000270257.9	NM_024707.3	GEMIN7	MANE Select
ENST00000294889.6	NM_024709.5	C1orf115	MANE Select
ENST00000425675.7	NM_001136201.2	ISOC2	MANE Select
ENST00000393997.8	NM_024712.5	ELMO3	MANE Select
ENST00000256544.8	NM_024713.3	KATNBL1	MANE Select
ENST00000358387.9	NM_024715.4	TXNDC15	MANE Select
ENST00000515393.6	NM_024717.7	MCTP1	MANE Select
ENST00000375431.9	NM_024719.4	GRTP1	MANE Select
ENST00000651372.2	NM_024721.5	ZFHX4	MANE Select
ENST00000321854.13	NM_001135705.3	ACBD4	MANE Select
ENST00000297508.8	NM_182924.4	MICALL2	MANE Select
ENST00000646818.2	NM_024725.4	CCDC82	MANE Select
ENST00000409907.8	NM_024726.5	DRC11	MANE Select
ENST00000316428.10	NM_024727.4	LRRC31	MANE Select
ENST00000335693.9	NM_001193313.2	SUGCT	MANE Select
ENST00000642316.2	NM_001145809.2	MYH14	MANE Select
ENST00000538724.6	NM_001286201.2	RERGL	MANE Select
ENST00000564996.6	NM_024731.4	KLHL36	MANE Select
ENST00000396424.5	NM_024733.5	ZNF665	MANE Select
ENST00000298912.9	NM_024734.4	CLMN	MANE Select
ENST00000311635.12	NM_024735.5	FBXO31	MANE Select
ENST00000262580.9	NM_024736.7	GSDMD	MANE Select
ENST00000261318.5	NM_024738.4	SPRING1	MANE Select
ENST00000616540.5	NM_024740.2	ALG9	MANE Select
ENST00000311764.3	NM_024741.3	ZNF408	MANE Select
ENST00000268314.9	NM_001105247.2	ARMC5	MANE Select
ENST00000251566.9	NM_024743.4	UGT2A3	MANE Select
ENST00000438828.4	NM_024744.17	CARF	MANE Select
ENST00000303383.8	NM_024745.5	SHCBP1	MANE Select
ENST00000343410.7	NM_024746.4	HHIPL2	MANE Select
ENST00000299238.7	NM_024747.6	HPS6	MANE Select
ENST00000517399.3	NM_001301056.2	VASH2	MANE Select
ENST00000515279.6	NM_001370181.1	GSTCD	MANE Select
ENST00000243344.8	NM_024753.5	TTC21B	MANE Select
ENST00000380639.10	NM_024754.5	PTCD2	MANE Select
ENST00000380516.7	NM_024755.4	SLTM	MANE Select
ENST00000372027.10	NM_024756.3	MMRN2	MANE Select
ENST00000460843.6	NM_024757.5	EHMT1	MANE Select
ENST00000375826.4	NM_024758.5	AGMAT	MANE Select
ENST00000430223.7	NM_001321635.2	NIPAL2	MANE Select
ENST00000246112.9	NM_001143986.2	TLE6	MANE Select
ENST00000262244.6	NM_024761.5	MOB3B	MANE Select
ENST00000391701.1	NM_024762.3	ZNF552	MANE Select
ENST00000371026.8	NM_024763.5	DNAI4	MANE Select
ENST00000256343.8	NM_024764.4	CATSPERB	MANE Select
ENST00000383472.9	NM_001366230.1	ARHGAP28	MANE Select
ENST00000378494.8	NM_024766.5	CAMKMT	MANE Select
ENST00000683648.1	NM_001377500.1	EFCC1	MANE Select
ENST00000448775.4	NM_024769.5	CLMP	MANE Select
ENST00000375258.9	NM_001321154.2	METTL8	MANE Select
ENST00000377793.9	NM_024771.4	NAA40	MANE Select
ENST00000359858.9	NM_024772.5	ZMYM1	MANE Select
ENST00000286096.9	NM_024773.3	KDM8	MANE Select
ENST00000650167.2	NM_001076786.3	QSER1	MANE Select
ENST00000281950.8	NM_024775.10	GEMIN6	MANE Select
ENST00000682557.1	NM_001385026.1	PEAK1	MANE Select
ENST00000371628.8	NM_001031855.3	LONRF3	MANE Select
ENST00000354947.10	NM_024779.5	PIP4K2C	MANE Select
ENST00000542583.7	NM_001261841.2	TMC5	MANE Select
ENST00000360242.9	NM_024781.3	CCDC102B	MANE Select
ENST00000356853.10	NM_024782.3	NHEJ1	MANE Select
ENST00000525123.6	NM_024783.4	AGBL2	MANE Select
ENST00000394807.5	NM_001370809.1	ZBTB3	MANE Select
ENST00000409685.4	NM_001122779.2	FAM124B	MANE Select
ENST00000283441.13	NM_024786.3	ZDHHC11	MANE Select
ENST00000256257.2	NM_024787.3	RNF122	MANE Select
ENST00000389297.8	NM_001039706.3	CFAP69	MANE Select
ENST00000238936.8	NM_024789.4	SLC68A1	MANE Select
ENST00000678616.1	NM_001382391.1	CSPP1	MANE Select
ENST00000355547.10	NM_001168468.2	NHERF4	MANE Select
ENST00000308278.13	NM_024792.3	TLCD3A	MANE Select
ENST00000221730.8	NM_024794.3	EPHX3	MANE Select
ENST00000304568.4	NM_024795.4	TM4SF20	MANE Select
ENST00000325881.9	NM_024798.3	SNX22	MANE Select
ENST00000383366.9	NM_024800.5	NEK11	MANE Select
ENST00000380419.8	NM_024803.3	TUBAL3	MANE Select
ENST00000448299.7	NM_001142572.2	ZNF669	MANE Select
ENST00000306735.10	NM_024805.3	RBFA	MANE Select
ENST00000227349.7	NM_024806.4	JHY	MANE Select
ENST00000483722.2	NM_024807.4	TREML2	MANE Select
ENST00000390667.11	NM_024808.5	BORA	MANE Select
ENST00000303372.7	NM_024809.5	TCTN2	MANE Select
ENST00000394780.8	NM_001099922.3	ALG13	MANE Select
ENST00000439958.8	NM_001142565.3	CPSF7	MANE Select
ENST00000309982.10	NM_024812.3	BAALC	MANE Select
ENST00000610020.2	NM_024813.3	RPAP2	MANE Select
ENST00000440859.8	NM_024814.4	CBLL1	MANE Select
ENST00000611621.2	NM_024815.4	NUDT18	MANE Select
ENST00000358201.9	NM_024816.3	RABEP2	MANE Select
ENST00000261862.8	NM_024817.3	THSD4	MANE Select
ENST00000356232.10	NM_024818.6	UBA5	MANE Select
ENST00000651974.1	NM_001288655.2	DCAKD	MANE Select
ENST00000255784.6	NM_024821.5	CCDC134	MANE Select
ENST00000251038.10	NM_024824.5	ZC3H14	MANE Select
ENST00000588872.3	NM_001370095.3	PODNL1	MANE Select
ENST00000311277.9	NM_001039580.2	MAP9	MANE Select
ENST00000295757.8	NM_024827.4	HDAC11	MANE Select
ENST00000333916.8	NM_024828.4	CAAP1	MANE Select
ENST00000240617.10	NM_024829.6	PLBD1	MANE Select
ENST00000283415.4	NM_024830.5	LPCAT1	MANE Select
ENST00000216487.12	NM_024832.5	RIN3	MANE Select
ENST00000317398.10	NM_024833.3	ZNF671	MANE Select
ENST00000369077.4	NM_001256378.2	MCMBP	MANE Select
ENST00000613102.5	NM_024835.5	GGNBP2	MANE Select
ENST00000306562.8	NM_024836.3	ZNF672	MANE Select
ENST00000284509.11	NM_024837.4	ATP8B4	MANE Select
ENST00000376356.5	NM_024838.5	THNSL1	MANE Select
ENST00000442966.7	NM_024839.4	RPP21	MANE Select
ENST00000293471.11	NM_001031721.4	ZNF613	MANE Select
ENST00000530639.6	NM_001160167.2	PRR5L	MANE Select
ENST00000321348.9	NM_024843.4	CYBRD1	MANE Select
ENST00000245544.9	NM_024844.5	NUP85	MANE Select
ENST00000407558.9	NM_001083601.3	NAA60	MANE Select
ENST00000304381.10	NM_024847.4	TMC7	MANE Select
ENST00000378531.8	NM_024848.3	MORN1	MANE Select
ENST00000340184.9	NM_001040462.3	BTNL8	MANE Select
ENST00000240651.14	NM_024854.5	PYROXD1	MANE Select
ENST00000243903.6	NM_024855.4	ACTR5	MANE Select
ENST00000321990.5	NM_024857.5	ATAD5	MANE Select
ENST00000595224.6	NM_024859.4	MAGIX	MANE Select
ENST00000219315.9	NM_001160305.4	SETD6	MANE Select
ENST00000388934.5	NM_001085437.3	MAB21L4	MANE Select
ENST00000472484.6	NM_001006935.3	TCEAL4	MANE Select
ENST00000614766.5	NM_024864.5	MRM1	MANE Select
ENST00000229307.9	NM_024865.4	NANOG	MANE Select
ENST00000395737.2	NM_001253845.2	ADM2	MANE Select
ENST00000356031.8	NM_024867.4	SPEF2	MANE Select
ENST00000374268.5	NM_024869.3	FAM110D	MANE Select
ENST00000318631.8	NM_024871.4	MAP6D1	MANE Select
ENST00000510898.7	NM_001308236.3	DOK3	MANE Select
ENST00000057513.8	NM_024873.6	TNIP3	MANE Select
ENST00000325722.8	NM_024874.5	KIAA0319L	MANE Select
ENST00000394810.3	NM_001114133.3	SYNPO2L	MANE Select
ENST00000324464.8	NM_024876.4	COQ8B	MANE Select
ENST00000430325.7	NM_024877.4	CCNP	MANE Select
ENST00000297668.11	NM_033655.5	CNTNAP3	MANE Select
ENST00000595753.6	NM_024881.5	SLC35E1	MANE Select
ENST00000330143.8	NM_030895.3	ZNF696	MANE Select
ENST00000267436.9	NM_024884.3	L2HGDH	MANE Select
ENST00000625129.1	NM_001363580.1	C10orf95	MANE Select
ENST00000236342.12	NM_205861.3	DHDDS	MANE Select
ENST00000520876.8	NM_001270366.2	PLPPR3	MANE Select
ENST00000694986.1	NM_001395068.1	PLEKHS1	MANE Select
ENST00000376862.4	NM_024893.3	SYNDIG1	MANE Select
ENST00000381685.10	NM_024894.4	NOL10	MANE Select
ENST00000619208.6	NM_001195263.2	PDZD7	MANE Select
ENST00000339450.10	NM_024896.3	ERMP1	MANE Select
ENST00000292291.10	NM_198406.3	PAQR6	MANE Select
ENST00000381480.7	NM_024898.4	DENND1C	MANE Select
ENST00000262127.7	NM_024899.4	CEP76	MANE Select
ENST00000226319.11	NM_199320.4	JADE1	MANE Select
ENST00000357640.9	NM_024901.5	DENND2D	MANE Select
ENST00000549441.7	NM_001304944.2	DNAJC22	MANE Select
ENST00000319540.9	NM_001037582.3	SCD5	MANE Select
ENST00000263795.11	NM_024908.4	WDR76	MANE Select
ENST00000376485.9	NM_001413067.1	ATAT1	MANE Select
ENST00000262348.9	NM_024911.7	WLS	MANE Select
ENST00000242804.9	NM_030824.3	ZNF442	MANE Select
ENST00000310396.10	NM_024913.5	CPED1	MANE Select
ENST00000646743.1	NM_024915.4	GRHL2	MANE Select
ENST00000372936.4	NM_024917.6	TRMT2B	MANE Select
ENST00000373750.9	NM_001145315.2	DSN1	MANE Select
ENST00000283309.11	NM_024919.6	FRMD1	MANE Select
ENST00000442697.7	NM_001031723.4	DNAJB14	MANE Select
ENST00000262753.9	NM_024921.4	POF1B	MANE Select
ENST00000374469.6	NM_153366.4	SVEP1	MANE Select
ENST00000464848.5	NM_024926.4	IFT56	MANE Select
ENST00000591022.6	NM_024927.5	PLEKHH3	MANE Select
ENST00000224950.8	NM_024928.5	STN1	MANE Select
ENST00000508821.6	NM_024930.3	ELOVL7	MANE Select
ENST00000360589.4	NM_001115116.2	ANKRD53	MANE Select
ENST00000424526.7	NM_001142966.3	GREB1L	MANE Select
ENST00000258229.14	NM_014801.4	PCNX2	MANE Select
ENST00000473183.7	NM_024939.3	ESRP2	MANE Select
ENST00000276440.12	NM_024940.8	DOCK5	MANE Select
ENST00000399438.8	NM_024941.4	TRAPPC13	MANE Select
ENST00000481909.2	NM_024942.4	C10orf88	MANE Select
ENST00000381938.4	NM_024943.3	TMEM156	MANE Select
ENST00000445877.6	NM_001358291.2	RMI1	MANE Select
ENST00000309137.13	NM_024946.4	PSME3IP1	MANE Select
ENST00000495893.7	NM_024947.4	PHC3	MANE Select
ENST00000277632.8	NM_024948.4	MINDY3	MANE Select
ENST00000403733.8	NM_024949.6	WWC2	MANE Select
ENST00000256324.15	NM_001102368.3	DGLUCY	MANE Select
ENST00000261745.9	NM_024953.4	NAA25	MANE Select
ENST00000370664.4	NM_024954.5	UBTD1	MANE Select
ENST00000397224.9	NM_001102371.2	FOXRED2	MANE Select
ENST00000260403.7	NM_024956.4	TMEM62	MANE Select
ENST00000645453.3	NM_001395058.1	MYO15B	MANE Select
ENST00000382285.7	NM_001323682.2	NRSN2	MANE Select
ENST00000680972.1	NM_001358345.2	SLC8B1	MANE Select
ENST00000610179.7	NM_001386393.1	PANK2	MANE Select
ENST00000382368.8	NM_024963.6	FBXL18	MANE Select
ENST00000536845.7	NM_001358351.3	SEMA6D	MANE Select
ENST00000307635.3	NM_024967.3	ZNF556	MANE Select
ENST00000651982.1	NM_001172173.2	CSRNP3	MANE Select
ENST00000677713.2	NM_001366145.2	TRPM3	MANE Select
ENST00000377411.5	NM_024980.5	GPR157	MANE Select
ENST00000354764.9	NM_024989.4	PGAP1	MANE Select
ENST00000409884.6	NM_001134745.3	LRRTM4	MANE Select
ENST00000562102.6	NM_001393719.1	ATF7IP2	MANE Select
ENST00000375255.8	NM_025000.4	DCAF17	MANE Select
ENST00000389420.8	NM_025003.5	ADAMTS20	MANE Select
ENST00000344762.6	NM_025004.3	CCDC15	MANE Select
ENST00000490341.3	NM_001355221.1	TUBA4B	MANE Select
ENST00000551380.7	NM_001348022.3	ZNF606	MANE Select
ENST00000281871.11	NM_025029.5	MZT2B	MANE Select
ENST00000361362.7	NM_030613.4	ZFP2	MANE Select
ENST00000270649.11	NM_025040.4	ZNF614	MANE Select
ENST00000373886.8	NM_001080512.3	BICC1	MANE Select
ENST00000381669.8	NM_025045.6	BAIAP2L2	MANE Select
ENST00000320767.4	NM_025047.3	ARL14	MANE Select
ENST00000559239.2	NM_001286496.2	PIF1	MANE Select
ENST00000392915.7	NM_025052.5	MAP3K19	MANE Select
ENST00000310421.5	NM_025054.5	VCPIP1	MANE Select
ENST00000398814.8	NM_025055.5	CCDC33	MANE Select
ENST00000394009.5	NM_025057.3	BBOF1	MANE Select
ENST00000334634.9	NM_025058.5	TRIM46	MANE Select
ENST00000239374.8	NM_025059.4	CCDC170	MANE Select
ENST00000306708.11	NM_025061.6	LRRC8E	MANE Select
ENST00000367759.9	NM_001163629.2	MROH9	MANE Select
ENST00000370654.6	NM_025065.7	RPF1	MANE Select
ENST00000331569.6	NM_025069.3	ZNF703	MANE Select
ENST00000338961.11	NM_025072.7	PTGES2	MANE Select
ENST00000060969.6	NM_025073.3	SIKE1	MANE Select
ENST00000512123.4	NM_025074.7	FRAS1	MANE Select
ENST00000295899.10	NM_025075.4	THOC7	MANE Select
ENST00000283148.12	NM_001253875.2	UXS1	MANE Select
ENST00000397778.7	NM_025078.5	SLC66A2	MANE Select
ENST00000373087.7	NM_025079.3	ZC3H12A	MANE Select
ENST00000415229.6	NM_001083926.2	ASRGL1	MANE Select
ENST00000562787.6	NM_025082.4	CENPT	MANE Select
ENST00000315127.9	NM_025083.5	EDC3	MANE Select
ENST00000296543.10	NM_057175.5	NAA15	MANE Select
ENST00000226432.9	NM_025087.3	CWH43	MANE Select
ENST00000409548.7	NM_025092.5	PGGHG	MANE Select
ENST00000618550.5	NM_001190467.2	PRR36	MANE Select
ENST00000645843.2	NM_001358451.3	ABHD18	MANE Select
ENST00000198801.10	NM_025098.4	MOGAT2	MANE Select
ENST00000651323.1	NM_025099.6	CTC1	MANE Select
ENST00000380062.10	NM_025103.4	IFT74	MANE Select
ENST00000315005.8	NM_145663.3	DBF4B	MANE Select
ENST00000328089.11	NM_025106.4	SPSB1	MANE Select
ENST00000367245.6	NM_025107.3	MYCT1	MANE Select
ENST00000361837.9	NM_025108.3	TEDC2	MANE Select
ENST00000614623.5	NM_001163735.2	MYO19	MANE Select
ENST00000429979.6	NM_025113.5	RUBCNL	MANE Select
ENST00000552810.6	NM_025114.4	CEP290	MANE Select
ENST00000431156.7	NM_001102401.4	TTI2	MANE Select
ENST00000308022.7	NM_025124.4	TMEM134	MANE Select
ENST00000372281.8	NM_025125.4	TMEM254	MANE Select
ENST00000361234.10	NM_025126.4	RNF34	MANE Select
ENST00000308110.9	NM_025128.5	MUS81	MANE Select
ENST00000313777.9	NM_025129.5	FUZ	MANE Select
ENST00000354624.6	NM_025130.4	HKDC1	MANE Select
ENST00000403359.8	NM_001190274.2	FBXO11	MANE Select
ENST00000447540.6	NM_001308319.2	CHD9	MANE Select
ENST00000590592.6	NM_001281740.3	FHOD3	MANE Select
ENST00000263275.5	NM_025136.4	OPA3	MANE Select
ENST00000261866.12	NM_025137.4	SPG11	MANE Select
ENST00000352251.8	NM_025138.5	PROSER1	MANE Select
ENST00000611582.5	NM_001352754.2	ARMC9	MANE Select
ENST00000238156.8	NM_025140.3	CCDC92	MANE Select
ENST00000333202.8	NM_078474.3	TM2D3	MANE Select
ENST00000650871.1	NM_025144.4	ALPK1	MANE Select
ENST00000357060.8	NM_025145.7	CFAP43	MANE Select
ENST00000240922.8	NM_025146.4	NAA50	MANE Select
ENST00000263960.7	NM_025147.5	COQ10B	MANE Select
ENST00000300441.9	NM_025149.6	ACSF2	MANE Select
ENST00000369064.8	NM_025150.5	TARS2	MANE Select
ENST00000330843.9	NM_001002814.3	RAB11FIP1	MANE Select
ENST00000281081.12	NM_025152.3	NUBPL	MANE Select
ENST00000310571.8	NM_025155.3	PAAF1	MANE Select
ENST00000495936.7	NM_001126340.3	ORAI2	MANE Select
ENST00000319449.9	NM_025158.5	RUFY1	MANE Select
ENST00000378962.4	NM_025159.3	TASL	MANE Select
ENST00000414423.9	NM_001379403.1	WDR26	MANE Select
ENST00000327787.13	NM_025161.6	FAAP100	MANE Select
ENST00000412723.6	NM_025163.4	PIGZ	MANE Select
ENST00000319359.8	NM_025165.3	ELL3	MANE Select
ENST00000288368.5	NM_024870.4	PREX2	MANE Select
ENST00000675561.1	NM_001353108.3	CEP63	MANE Select
ENST00000245680.7	NM_025181.5	SLC35F5	MANE Select
ENST00000322813.10	NM_025182.4	ATOSB	MANE Select
ENST00000420999.2	NM_025184.4	EFHC2	MANE Select
ENST00000219139.8	NM_025187.5	PHAF1	MANE Select
ENST00000256649.9	NM_025188.4	TRIM45	MANE Select
ENST00000261560.10	NM_025189.4	ZNF430	MANE Select
ENST00000318130.13	NM_025191.4	EDEM3	MANE Select
ENST00000297679.10	NM_025193.4	HSD3B7	MANE Select
ENST00000263370.3	NM_025194.3	ITPKC	MANE Select
ENST00000264954.5	NM_025196.4	GRPEL1	MANE Select
ENST00000360835.9	NM_173050.5	SCUBE1	MANE Select
ENST00000338399.9	NM_176096.3	CDK5RAP3	MANE Select
ENST00000240050.9	NM_001033050.3	MTERF2	MANE Select
ENST00000323544.5	NM_025201.5	PLEKHO2	MANE Select
ENST00000264059.8	NM_025202.4	EFHD1	MANE Select
ENST00000295148.9	NM_025203.3	WDCP	MANE Select
ENST00000380909.9	NM_001320485.2	TRABD	MANE Select
ENST00000237380.12	NM_025205.5	MED28	MANE Select
ENST00000292180.8	NM_025207.5	FLAD1	MANE Select
ENST00000392056.8	NM_001142644.2	SPHKAP	MANE Select
ENST00000393158.7	NM_025208.5	PDGFD	MANE Select
ENST00000328046.8	NM_030624.3	KLHL15	MANE Select
ENST00000373644.5	NM_030625.3	TET1	MANE Select
ENST00000368614.8	NM_030626.3	LRRC27	MANE Select
ENST00000319778.11	NM_001272004.3	EPC1	MANE Select
ENST00000265085.10	NM_030627.4	CPEB4	MANE Select
ENST00000378131.4	NM_025210.2	PPP1R2C	MANE Select
ENST00000252211.7	NM_024493.4	ZKSCAN3	MANE Select
ENST00000376371.7	NM_025211.4	GKAP1	MANE Select
ENST00000394767.3	NM_025212.4	CXXC4	MANE Select
ENST00000536300.2	NM_001258248.2	SP6	MANE Select
ENST00000264982.8	NM_024491.4	CEP70	MANE Select
ENST00000591504.6	NM_025214.3	CCDC68	MANE Select
ENST00000376649.8	NM_025215.6	PUS1	MANE Select
ENST00000232744.13	NM_172027.3	ABTB1	MANE Select
ENST00000258411.8	NM_025216.3	WNT10A	MANE Select
ENST00000367351.4	NM_025217.4	ULBP2	MANE Select
ENST00000229708.4	NM_025218.4	ULBP1	MANE Select
ENST00000360864.9	NM_025219.3	DNAJC5	MANE Select
ENST00000356518.7	NM_025220.5	ADAM33	MANE Select
ENST00000382152.7	NM_025221.6	KCNIP4	MANE Select
ENST00000296490.8	NM_025222.4	WDR82	MANE Select
ENST00000217073.7	NM_001372179.1	PABPC1L	MANE Select
ENST00000216180.8	NM_025225.3	PNPLA3	MANE Select
ENST00000170150.4	NM_025227.3	BPIFB2	MANE Select
ENST00000367025.8	NM_025228.4	TRAF3IP3	MANE Select
ENST00000284951.10	NM_025229.2	SEL1L2	MANE Select
ENST00000446197.8	NM_025230.5	DCAF11	MANE Select
ENST00000340487.5	NM_025231.3	ZSCAN16	MANE Select
ENST00000306306.8	NM_025232.4	REEP4	MANE Select
ENST00000393818.3	NM_025233.7	COASY	MANE Select
ENST00000267973.7	NM_025234.3	SKIC8	MANE Select
ENST00000371627.5	NM_025235.4	TNKS2	MANE Select
ENST00000244360.8	NM_025236.4	RNF39	MANE Select
ENST00000397747.5	NM_025239.4	PDCD1LG2	MANE Select
ENST00000318443.10	NM_001024736.2	CD276	MANE Select
ENST00000301281.11	NM_025241.3	UBXN6	MANE Select
ENST00000644224.2	NM_025243.4	SLC19A3	MANE Select
ENST00000393483.8	NM_025244.4	TSGA10	MANE Select
ENST00000374088.8	NM_001317950.2	AKNA	MANE Select
ENST00000372588.4	NM_153448.4	ESX1	MANE Select
ENST00000251203.14	NM_025245.3	PBX4	MANE Select
ENST00000446465.3	NM_025246.3	SLC35G2	MANE Select
ENST00000313698.9	NM_025247.6	ACAD10	MANE Select
ENST00000617146.5	NM_025248.3	SRCIN1	MANE Select
ENST00000392413.5	NM_001145304.2	IQCN	MANE Select
ENST00000258796.12	NM_025250.3	TTYH3	MANE Select
ENST00000377307.7	NM_025251.3	ARHGAP39	MANE Select
ENST00000409968.6	NM_001316349.2	THSD7B	MANE Select
ENST00000229729.11	NM_025257.3	SLC44A4	MANE Select
ENST00000375688.5	NM_025258.3	VWA7	MANE Select
ENST00000649779.1	NM_138272.3	MPIG6B	MANE Select
ENST00000375819.3	NM_025261.3	LY6G6C	MANE Select
ENST00000383237.5	NM_025262.4	LY6G5C	MANE Select
ENST00000376560.8	NM_025263.4	PRR3	MANE Select
ENST00000505747.6	NM_025264.5	THUMPD2	MANE Select
ENST00000284995.11	NM_025265.4	TSEN2	MANE Select
ENST00000427569.7	NM_001261434.2	AARSD1	MANE Select
ENST00000392519.7	NM_025268.4	TMEM121	MANE Select
ENST00000323249.8	NM_030567.5	PRR7	MANE Select
ENST00000257765.10	NM_030568.5	KHDC1	MANE Select
ENST00000397146.7	NM_030569.7	ITIH5	MANE Select
ENST00000253814.6	NM_030571.4	NDFIP1	MANE Select
ENST00000256969.7	NM_030572.4	SPX	MANE Select
ENST00000215742.9	NM_030573.3	THAP7	MANE Select
ENST00000302824.7	NM_181900.3	STARD5	MANE Select
ENST00000343938.9	NM_001029885.2	CPTP	MANE Select
ENST00000259006.8	NM_030576.4	LIMD2	MANE Select
ENST00000272521.7	NM_030577.3	TMEM177	MANE Select
ENST00000243578.8	NM_030578.4	B9D2	MANE Select
ENST00000307892.13	NM_030579.3	CYB5B	MANE Select
ENST00000429371.7	NM_001286769.2	ZNF34	MANE Select
ENST00000651438.1	NM_001379500.1	COL18A1	MANE Select
ENST00000330574.2	NM_030628.2	INTS5	MANE Select
ENST00000537098.8	NM_198390.3	CMIP	MANE Select
ENST00000269197.12	NM_030632.3	ASXL3	MANE Select
ENST00000503780.6	NM_001040157.3	CEP44	MANE Select
ENST00000314011.9	NM_001077195.2	ZNF436	MANE Select
ENST00000242108.9	NM_030636.3	EEPD1	MANE Select
ENST00000673822.2	NM_001160148.2	DDHD1	MANE Select
ENST00000457056.6	NM_001142524.2	GPRASP3	MANE Select
ENST00000298573.9	NM_030640.3	DUSP16	MANE Select
ENST00000316059.7	NM_053023.5	ZFP91	MANE Select
ENST00000409652.5	NM_030641.4	APOL6	MANE Select
ENST00000249044.2	NM_030642.1	APOL5	MANE Select
ENST00000683024.1	NM_001386885.1	APOL4	MANE Select
ENST00000424878.4	NM_145639.2	APOL3	MANE Select
ENST00000375371.4	NM_152232.6	TAS1R2	MANE Select
ENST00000333172.11	NM_138697.4	TAS1R1	MANE Select
ENST00000366472.6	NM_030645.3	SH3BP5L	MANE Select
ENST00000621039.5	NM_001080423.4	GRIP2	MANE Select
ENST00000397560.7	NM_030647.2	KDM7A	MANE Select
ENST00000274031.8	NM_030648.4	SETD7	MANE Select
ENST00000272748.9	NM_030650.3	LNPK	MANE Select
ENST00000211413.10	NM_030651.4	PRRT1	MANE Select
ENST00000333845.11	NM_030652.4	EGFL8	MANE Select
ENST00000254654.8	NM_030768.3	ILKAP	MANE Select
ENST00000367553.6	NM_030769.3	NPL	MANE Select
ENST00000299882.11	NM_030770.4	TMPRSS5	MANE Select
ENST00000357771.5	NM_030772.5	GJA9	MANE Select
ENST00000217133.2	NM_030773.4	TUBB1	MANE Select
ENST00000397196.7	NM_032642.3	WNT5B	MANE Select
ENST00000371173.8	NM_030776.3	ZBP1	MANE Select
ENST00000359271.4	NM_030777.4	SLC2A10	MANE Select
ENST00000314672.10	NM_001278919.2	KCNH6	MANE Select
ENST00000297578.9	NM_030780.5	SLC25A32	MANE Select
ENST00000400256.5	NM_130386.3	COLEC12	MANE Select
ENST00000320895.10	NM_030782.5	CLPTM1L	MANE Select
ENST00000358642.2	NM_054106.1	OR5AC2	MANE Select
ENST00000643195.1	NM_001005239.2	OR11H1	MANE Select
ENST00000585993.3	NM_001005240.3	OR4F17	MANE Select
ENST00000305051.6	NM_001005486.2	OR4K15	MANE Select
ENST00000642058.1	NM_001004064.2	OR8J3	MANE Select
ENST00000641926.1	NM_001005238.2	OR51G2	MANE Select
ENST00000396950.4	NM_030774.4	OR51E2	MANE Select
ENST00000641760.1	NM_001405919.1	OR4P4	MANE Select
ENST00000642128.1	NM_001001920.3	OR4C15	MANE Select
ENST00000319760.8	NM_001005272.3	OR4A5	MANE Select
ENST00000314721.5	NM_001005274.1	OR4A16	MANE Select
ENST00000641526.1	NM_001005275.2	OR4A15	MANE Select
ENST00000395079.2	NM_207374.3	OR10W1	MANE Select
ENST00000316368.3	NM_001005276.1	OR2AE1	MANE Select
ENST00000332831.5	NM_001005277.1	OR4F16	MANE Select
ENST00000641131.1	NM_001005278.2	OR6N2	MANE Select
ENST00000359610.3	NM_001005279.3	OR6K2	MANE Select
ENST00000355281.2	NM_001258284.2	OR2L5	MANE Select
ENST00000320002.3	NM_001001914.1	OR2G3	MANE Select
ENST00000320065.1	NM_001001915.1	OR2G2	MANE Select
ENST00000641802.1	NM_198074.6	OR2C3	MANE Select
ENST00000299638.8	NM_015532.5	POLR2M	MANE Select
ENST00000308020.6	NM_030783.3	PTDSS2	MANE Select
ENST00000229955.4	NM_030784.4	GPR63	MANE Select
ENST00000221538.8	NM_030785.4	RSPH6A	MANE Select
ENST00000409190.8	NM_030786.3	SYNC	MANE Select
ENST00000256785.5	NM_030787.4	CFHR5	MANE Select
ENST00000297581.2	NM_030788.4	DCSTAMP	MANE Select
ENST00000398174.9	NM_178581.3	HM13	MANE Select
ENST00000329957.7	NM_001172223.3	MOB2	MANE Select
ENST00000320640.11	NM_030790.5	ITFG1	MANE Select
ENST00000247225.7	NM_030791.4	SGPP1	MANE Select
ENST00000398637.10	NM_030674.4	SLC38A1	MANE Select
ENST00000457354.7	NM_030755.5	TMX1	MANE Select
ENST00000291592.6	NM_030891.6	LRRC3	MANE Select
ENST00000336898.8	NM_030792.8	GDPD5	MANE Select
ENST00000340253.10	NM_205836.3	FBXO38	MANE Select
ENST00000377881.8	NM_001146070.2	TDRD3	MANE Select
ENST00000350889.9	NM_030795.4	STMN4	MANE Select
ENST00000285279.10	NM_030796.5	VOPP1	MANE Select
ENST00000381323.7	NM_030797.4	CYRIA	MANE Select
ENST00000610322.5	NM_030798.5	RCC1L	MANE Select
ENST00000274496.10	NM_030799.9	YIPF5	MANE Select
ENST00000313182.7	NM_001394796.1	INTS14	MANE Select
ENST00000335504.10	NM_030801.5	MAGED4B	MANE Select
ENST00000240364.7	NM_030802.4	FAM117A	MANE Select
ENST00000284551.11	NM_145214.3	TRIM11	MANE Select
ENST00000264963.9	NM_030805.4	LMAN2L	MANE Select
ENST00000235307.7	NM_030806.4	C1orf21	MANE Select
ENST00000334527.12	NM_030808.5	NDEL1	MANE Select
ENST00000228515.6	NM_030809.3	CSRNP2	MANE Select
ENST00000379757.9	NM_030810.5	TXNDC5	MANE Select
ENST00000375406.2	NM_030812.3	ACTL8	MANE Select
ENST00000294053.9	NM_030813.6	CLPB	MANE Plus Clinical
ENST00000538039.6	NM_001258392.3	CLPB	MANE Select
ENST00000202017.6	NM_030815.3	PDRG1	MANE Select
ENST00000370944.9	NM_030816.5	ANKRD13C	MANE Select
ENST00000356591.5	NM_030817.3	APOLD1	MANE Select
ENST00000221554.13	NM_030818.4	YJU2B	MANE Select
ENST00000268797.12	NM_030819.4	GFOD2	MANE Select
ENST00000244728.10	NM_030820.4	COL21A1	MANE Select
ENST00000243501.10	NM_030821.5	PLA2G12A	MANE Select
ENST00000251108.10	NM_030911.4	CDADC1	MANE Select
ENST00000643721.2	NM_030912.3	TRIM8	MANE Select
ENST00000372853.9	NM_030914.4	URM1	MANE Select
ENST00000395323.9	NM_030915.4	LBH	MANE Select
ENST00000368012.4	NM_030916.3	NECTIN4	MANE Select
ENST00000337488.11	NM_030917.4	FIP1L1	MANE Select
ENST00000458013.7	NM_001330723.2	SNX27	MANE Select
ENST00000619850.2	NM_030919.3	FAM83D	MANE Select
ENST00000583931.6	NM_030920.5	ANP32E	MANE Select
ENST00000337451.8	NM_030922.7	NIPA2	MANE Select
ENST00000281924.6	NM_030923.5	TMEM163	MANE Select
ENST00000588485.6	NM_030924.5	ACSBG2	MANE Select
ENST00000409308.6	NM_001079670.3	CAB39L	MANE Select
ENST00000326427.11	NM_030926.6	ITM2C	MANE Select
ENST00000429989.8	NM_030927.4	TSPAN14	MANE Select
ENST00000301019.9	NM_030928.4	CDT1	MANE Select
ENST00000370200.6	NM_030929.5	KAZALD1	MANE Select
ENST00000227471.7	NM_030930.4	UNC93B1	MANE Select
ENST00000382398.4	NM_030931.4	DEFB126	MANE Select
ENST00000400324.9	NM_001042517.2	DIAPH3	MANE Select
ENST00000367547.8	NM_030933.4	SHCBP1L	MANE Select
ENST00000367506.10	NM_030934.5	TRMT1L	MANE Select
ENST00000300181.7	NM_030935.5	TSC22D4	MANE Select
ENST00000373534.4	NM_052841.4	TSSK3	MANE Select
ENST00000268607.10	NM_022818.5	MAP1LC3B	MANE Select
ENST00000400809.8	NM_030937.6	CCNL2	MANE Select
ENST00000262291.9	NM_030938.5	VMP1	MANE Select
ENST00000378119.9	NM_030939.5	C6orf62	MANE Select
ENST00000375991.9	NM_030940.4	ISCA1	MANE Select
ENST00000261377.11	NM_030941.3	REXO5	MANE Select
ENST00000299155.10	NM_030943.4	AMN	MANE Select
ENST00000641768.1	NM_030876.6	OR5V1	MANE Select
ENST00000303324.4	NM_033057.2	OR2B2	MANE Select
ENST00000432829.7	NM_203447.4	DOCK8	MANE Select
ENST00000361131.5	NM_030949.3	PPP1R14C	MANE Select
ENST00000274773.12	NM_203293.3	TRIM7	MANE Select
ENST00000367157.6	NM_030952.3	NUAK2	MANE Select
ENST00000296736.4	NM_030953.4	TIGD6	MANE Select
ENST00000527424.6	NM_030954.4	RNF170	MANE Select
ENST00000504830.6	NM_030955.4	ADAMTS12	MANE Select
ENST00000308973.9	NM_030956.4	TLR10	MANE Select
ENST00000597188.6	NM_030957.4	ADAMTS10	MANE Select
ENST00000260126.9	NM_030958.3	SLCO5A1	MANE Select
ENST00000396806.3	NM_030959.3	OR12D3	MANE Select
ENST00000562435.6	NM_018092.5	NETO2	MANE Select
ENST00000327305.11	NM_138966.5	NETO1	MANE Select
ENST00000237201.2	NM_030960.3	SPACA1	MANE Select
ENST00000355485.7	NM_138959.3	VANGL1	MANE Select
ENST00000306085.11	NM_030961.3	TRIM56	MANE Select
ENST00000256190.13	NM_030962.4	SBF2	MANE Select
ENST00000368314.6	NM_001242850.2	RNF146	MANE Select
ENST00000434127.3	NM_001127496.3	SPRY4	MANE Select
ENST00000477717.6	NM_030965.3	ST6GALNAC5	MANE Select
ENST00000344363.7	NM_030966.2	KRTAP1-3	MANE Select
ENST00000306271.5	NM_030967.3	KRTAP1-1	MANE Select
ENST00000379542.10	NM_030969.5	TMEM14B	MANE Select
ENST00000393459.6	NM_030971.6	SFXN3	MANE Select
ENST00000652185.1	NM_001161499.2	ZNF611	MANE Select
ENST00000312865.10	NM_030973.4	MED25	MANE Select
ENST00000398712.7	NM_030974.4	SHARPIN	MANE Select
ENST00000394008.1	NM_030975.2	KRTAP9-9	MANE Select
ENST00000345847.5	NM_030976.2	KRTAP4-6	MANE Select
ENST00000391419.3	NM_001123387.1	KRTAP2-1	MANE Select
ENST00000353214.6	NM_030978.3	ARPC5L	MANE Select
ENST00000368219.2	NM_001370150.2	ISG20L2	MANE Select
ENST00000311481.11	NM_030981.3	RAB1B	MANE Select
ENST00000374811.8	NM_031206.7	LAS1L	MANE Select
ENST00000372430.9	NM_001190880.3	HYI	MANE Select
ENST00000427358.5	NM_031208.4	FAHD1	MANE Select
ENST00000250237.10	NM_031209.3	QTRT1	MANE Select
ENST00000557342.6	NM_031210.6	SLIRP	MANE Select
ENST00000370495.6	NM_031212.4	SLC25A28	MANE Select
ENST00000292577.12	NM_001130111.2	ABHD17A	MANE Select
ENST00000279101.10	NM_031215.3	CABLES2	MANE Select
ENST00000399892.7	NM_001013437.2	SEH1L	MANE Select
ENST00000263181.7	NM_031217.4	KIF18A	MANE Select
ENST00000343769.6	NM_031218.4	ZNF93	MANE Select
ENST00000374180.4	NM_001304509.2	HDHD3	MANE Select
ENST00000698851.1	NM_001395587.1	PCDH11Y	MANE Select
ENST00000262483.13	NM_031220.4	PITPNM3	MANE Select
ENST00000370005.4	NM_152310.3	ELOVL3	MANE Select
ENST00000361835.8	NM_031281.3	FCRL5	MANE Select
ENST00000271532.2	NM_031282.3	FCRL4	MANE Select
ENST00000282111.4	NM_031283.3	TCF7L1	MANE Select
ENST00000456471.3	NM_001365225.1	ADPGK	MANE Select
ENST00000270792.10	NM_031286.4	SH3BGRL3	MANE Select
ENST00000367569.4	NM_031287.3	SF3B5	MANE Select
ENST00000233331.12	NM_031288.4	INO80B	MANE Select
ENST00000651961.1	NM_001080555.4	GSG1	MANE Select
ENST00000242819.7	NM_031290.4	CCDC70	MANE Select
ENST00000281154.6	NM_031291.4	SLC25A31	MANE Select
ENST00000344862.10	NM_031292.5	PUS7L	MANE Select
ENST00000237353.15	NM_031293.3	PMFBP1	MANE Select
ENST00000399187.6	NM_031294.4	DRC3	MANE Select
ENST00000222800.8	NM_148912.4	ABHD11	MANE Select
ENST00000305626.6	NM_031296.3	RAB33B	MANE Select
ENST00000248378.6	NM_031298.4	EMC6	MANE Select
ENST00000538862.7	NM_031299.7	CDCA3	MANE Select
ENST00000439742.7	NM_031300.4	MXD3	MANE Select
ENST00000261879.10	NM_031301.4	APH1B	MANE Select
ENST00000360814.9	NM_001384711.1	GLT8D2	MANE Select
ENST00000683218.1	NM_001387690.1	KATNAL2	MANE Select
ENST00000427575.6	NM_001145165.2	DOHH	MANE Select
ENST00000395184.6	NM_001025616.3	ARHGAP24	MANE Select
ENST00000331314.11	NM_001031725.6	DDX59	MANE Select
ENST00000227474.8	NM_031307.4	PUS3	MANE Select
ENST00000615648.2	NM_031308.4	EPPK1	MANE Select
ENST00000569446.3	NM_031309.6	SCRT1	MANE Select
ENST00000252590.9	NM_031310.3	PLVAP	MANE Select
ENST00000377540.6	NM_031421.5	ODAD4	MANE Select
ENST00000618847.5	NM_031422.6	CHST9	MANE Select
ENST00000271452.8	NM_145697.3	NUF2	MANE Select
ENST00000381941.8	NM_001042353.3	FAM110A	MANE Select
ENST00000247291.8	NM_031426.4	AIF1L	MANE Select
ENST00000553645.7	NM_031427.4	DNAL1	MANE Select
ENST00000674343.2	NM_001270441.2	RTBDN	MANE Select
ENST00000301336.7	NM_031430.3	RILP	MANE Select
ENST00000349995.10	NM_031431.4	COG3	MANE Select
ENST00000372215.5	NM_031432.5	UCK1	MANE Select
ENST00000651716.2	NM_054021.2	GPR101	MANE Select
ENST00000275200.2	NM_053278.3	TAAR8	MANE Select
ENST00000619721.6	NM_031433.4	MFRP	MANE Select
ENST00000297533.9	NM_001136044.2	TMUB1	MANE Select
ENST00000308086.3	NM_031435.4	THAP2	MANE Select
ENST00000298375.12	NM_001040177.3	AKR1E2	MANE Select
ENST00000579436.7	NM_182663.4	RASSF5	MANE Select
ENST00000230792.7	NM_031438.4	NUDT12	MANE Select
ENST00000304501.2	NM_031439.4	SOX7	MANE Select
ENST00000246784.8	NM_138639.2	BCL2L12	MANE Select
ENST00000296142.4	NM_031440.2	RTP3	MANE Select
ENST00000275954.4	NM_031442.4	TMEM47	MANE Select
ENST00000258781.11	NM_031443.4	CCM2	MANE Select
ENST00000435822.6	NM_001284254.2	GUCD1	MANE Select
ENST00000272647.10	NM_001199140.2	AMMECR1L	MANE Select
ENST00000592875.6	NM_031446.5	RMP24	MANE Select
ENST00000323670.14	NM_031448.6	C19orf12	MANE Select
ENST00000309315.9	NM_031449.4	ZMIZ2	MANE Select
ENST00000438576.3	NM_001135635.2	C11orf68	MANE Select
ENST00000598265.2	NM_001130011.3	TEX101	MANE Select
ENST00000304191.4	NM_031452.4	RAMAC	MANE Select
ENST00000181796.7	NM_031453.4	FAM107B	MANE Select
ENST00000380903.7	NM_031454.2	SELENOO	MANE Select
ENST00000378825.5	NM_031455.4	CCDC3	MANE Select
ENST00000284486.9	NM_053279.3	FAM167A	MANE Select
ENST00000382435.5	NM_054028.2	SLC35G5	MANE Select
ENST00000305904.11	NM_130897.3	DYNLRB2	MANE Select
ENST00000357156.7	NM_014183.4	DYNLRB1	MANE Select
ENST00000338694.7	NM_053285.2	TEKT1	MANE Select
ENST00000636159.2	NM_015059.3	TLN2	MANE Select
ENST00000300226.7	NM_031457.2	MS4A8	MANE Select
ENST00000682323.1	NM_001146105.2	PARP9	MANE Select
ENST00000253063.4	NM_031459.5	SESN2	MANE Select
ENST00000262207.9	NM_031461.6	CRISPLD1	MANE Select
ENST00000370377.8	NM_031462.4	CD99L2	MANE Select
ENST00000219439.9	NM_031463.5	HSDL1	MANE Select
ENST00000557413.6	NM_031464.5	RPS6KL1	MANE Select
ENST00000489288.7	NM_001252499.3	RHNO1	MANE Select
ENST00000438773.4	NM_001160372.4	TRAPPC9	MANE Select
ENST00000506757.7	NM_031467.3	SLC4A9	MANE Select
ENST00000395275.7	NM_031468.4	CALN1	MANE Select
ENST00000369838.6	NM_031469.4	SH3BGRL2	MANE Select
ENST00000299106.9	NM_032801.5	JAM3	MANE Select
ENST00000345728.10	NM_031471.6	FERMT3	MANE Select
ENST00000317459.11	NM_001033678.4	TRPT1	MANE Select
ENST00000337508.9	NM_031474.3	NRIP2	MANE Select
ENST00000645284.1	NM_031475.3	ESPN	MANE Select
ENST00000262424.10	NM_031476.4	CRISPLD2	MANE Select
ENST00000398841.6	NM_031477.5	YPEL3	MANE Select
ENST00000380495.9	NM_031478.6	TLCD3B	MANE Select
ENST00000266646.3	NM_031479.5	INHBE	MANE Select
ENST00000379834.7	NM_031480.3	RIOK1	MANE Select
ENST00000327451.11	NM_031481.3	SLC25A18	MANE Select
ENST00000282185.8	NM_031482.5	ATG10	MANE Select
ENST00000374864.10	NM_031483.7	ITCH	MANE Select
ENST00000615853.1	NM_080720.3	H2AB3	MANE Select
ENST00000008391.4	NM_172238.4	TFAP2D	MANE Select
ENST00000285605.8	NM_031484.4	MARVELD1	MANE Select
ENST00000253237.10	NM_031485.4	GRWD1	MANE Select
ENST00000375495.8	NM_031486.4	ZNF484	MANE Select
ENST00000216237.10	NM_031488.5	L3MBTL2	MANE Select
ENST00000285737.9	NM_031490.5	LONP2	MANE Select
ENST00000394014.2	NM_031854.3	KRTAP4-12	MANE Select
ENST00000339381.6	NM_152228.3	TAS1R3	MANE Select
ENST00000266560.8	NM_031491.4	RBP5	MANE Select
ENST00000310046.9	NM_031492.4	RBM4B	MANE Select
ENST00000317568.10	NM_031904.5	FRMD8	MANE Select
ENST00000323716.8	NM_031905.5	ARMC10	MANE Select
ENST00000437525.3	NM_001135106.2	KCNK16	MANE Select
ENST00000511190.6	NM_031907.3	USP26	MANE Select
ENST00000374321.9	NM_031912.5	SYT15	MANE Select
ENST00000389567.9	NM_031913.5	ESYT3	MANE Select
ENST00000683842.1	NM_001367656.1	SYT16	MANE Select
ENST00000611815.2	NM_001160308.3	SETDB2	MANE Select
ENST00000274134.5	NM_031916.5	ROPN1L	MANE Select
ENST00000253109.5	NM_031917.3	ANGPTL6	MANE Select
ENST00000250916.6	NM_031918.4	KLF16	MANE Select
ENST00000481272.6	NM_001145313.3	FSD1L	MANE Select
ENST00000539277.6	NM_001193451.2	TMTC1	MANE Select
ENST00000673477.1	NM_031921.6	ATAD3B	MANE Select
ENST00000344293.6	NM_031923.4	TAF3	MANE Select
ENST00000367069.7	NM_031924.8	RSPH3	MANE Select
ENST00000493111.7	NM_031925.3	TMEM120A	MANE Select
ENST00000395245.9	NM_031934.6	RAB34	MANE Select
ENST00000271588.9	NM_031935.3	HMCN1	MANE Select
ENST00000527748.5	NM_001393907.1	GPR61	MANE Select
ENST00000215790.12	NM_031937.3	TBC1D10A	MANE Select
ENST00000357685.11	NM_031938.7	BCO2	MANE Select
ENST00000398439.8	NM_031939.6	MRO	MANE Select
ENST00000456397.7	NM_078473.3	TM2D2	MANE Select
ENST00000252597.8	NM_031941.4	USHBP1	MANE Select
ENST00000306721.8	NM_031942.5	CDCA7	MANE Select
ENST00000366810.6	NM_031944.3	MIXL1	MANE Select
ENST00000611590.2	NM_001290212.2	TSPAN10	MANE Select
ENST00000239451.7	NM_031947.4	SLC25A2	MANE Select
ENST00000302641.8	NM_031948.5	PRSS27	MANE Select
ENST00000239587.10	NM_031949.5	TTLL2	MANE Select
ENST00000259989.7	NM_031950.4	FGFBP2	MANE Select
ENST00000447313.7	NM_001291088.2	WDR87	MANE Select
ENST00000274432.13	NM_031952.4	SPATA9	MANE Select
ENST00000652585.2	NM_001378034.2	SNX25	MANE Select
ENST00000228495.11	NM_031954.5	KCTD10	MANE Select
ENST00000351008.4	NM_031955.6	SPATA16	MANE Select
ENST00000325106.9	NM_031956.4	TTC29	MANE Select
ENST00000361883.6	NM_031957.2	KRTAP1-5	MANE Select
ENST00000391588.3	NM_031958.2	KRTAP3-1	MANE Select
ENST00000391587.3	NM_031959.3	KRTAP3-2	MANE Select
ENST00000377721.3	NM_031961.3	KRTAP9-2	MANE Select
ENST00000411528.4	NM_031962.3	KRTAP9-3	MANE Select
ENST00000254072.7	NM_031963.3	KRTAP9-8	MANE Select
ENST00000334202.5	NM_031964.2	KRTAP17-1	MANE Select
ENST00000325418.5	NM_031965.2	HASPIN	MANE Select
ENST00000009041.12	NM_032016.4	STARD3NL	MANE Select
ENST00000373132.4	NM_001282547.2	STK40	MANE Select
ENST00000295050.12	NM_032018.7	SPRTN	MANE Select
ENST00000216271.10	NM_032019.6	HDAC10	MANE Select
ENST00000340258.10	NM_032023.4	RASSF4	MANE Select
ENST00000611255.5	NM_001305581.2	LRMDA	MANE Select
ENST00000460851.6	NM_032025.5	EIF2A	MANE Select
ENST00000276692.11	NM_032026.4	TATDN1	MANE Select
ENST00000606498.5	NM_032027.3	TM2D1	MANE Select
ENST00000390666.4	NM_032028.4	TSSK1B	MANE Select
ENST00000405709.7	NM_032549.4	IMMP2L	MANE Select
ENST00000324852.9	NM_001170631.2	FCAMR	MANE Select
ENST00000642402.1	NM_001174089.2	SLC4A11	MANE Select
ENST00000238609.4	NM_032036.3	IFI27L2	MANE Select
ENST00000585580.4	NM_032037.4	TSSK6	MANE Select
ENST00000311008.16	NM_032038.3	SPNS1	MANE Select
ENST00000399932.8	NM_032039.4	FAM234A	MANE Select
ENST00000307522.5	NM_032040.5	CCDC8	MANE Select
ENST00000220931.11	NM_032041.3	NCALD	MANE Select
ENST00000395965.8	NM_032042.6	ARB2A	MANE Select
ENST00000259008.7	NM_032043.3	BRIP1	MANE Select
ENST00000160373.8	NM_033427.3	CTTNBP2	MANE Select
ENST00000256585.10	NM_032044.4	REG4	MANE Select
ENST00000400335.9	NM_001039570.3	KREMEN1	MANE Select
ENST00000524993.6	NM_001077263.3	TMPRSS13	MANE Select
ENST00000326505.4	NM_032047.5	B3GNT5	MANE Select
ENST00000680850.1	NM_001386125.1	OBSCN	MANE Select
ENST00000254528.4	NM_032048.3	EMILIN2	MANE Select
ENST00000380615.8	NM_032116.5	KATNAL1	MANE Select
ENST00000240488.8	NM_032117.4	MND1	MANE Select
ENST00000348227.4	NM_032118.4	WDR54	MANE Select
ENST00000405460.9	NM_032119.4	ADGRV1	MANE Select
ENST00000265732.10	NM_032120.4	RBM48	MANE Select
ENST00000618282.5	NM_001367916.1	MAGT1	MANE Select
ENST00000344537.10	NM_032122.5	DTNBP1	MANE Select
ENST00000360202.10	NM_199180.4	KIRREL2	MANE Select
ENST00000300605.11	NM_032124.5	HDHD2	MANE Select
ENST00000374076.9	NM_032125.3	TMEM222	MANE Select
ENST00000319416.7	NM_032126.5	TEX35	MANE Select
ENST00000449352.7	NM_001098794.2	FHIP1B	MANE Select
ENST00000335472.12	NM_001029998.6	SLC10A7	MANE Select
ENST00000379410.8	NM_032129.3	PLEKHN1	MANE Select
ENST00000257894.2	NM_032130.3	FAM186B	MANE Select
ENST00000392644.9	NM_032131.6	ARMC2	MANE Select
ENST00000361824.7	NM_032132.5	HORMAD1	MANE Select
ENST00000323776.11	NM_032133.6	MYCBPAP	MANE Select
ENST00000680821.2	NM_001388453.1	QRICH2	MANE Select
ENST00000340446.5	NM_032135.4	FSCB	MANE Select
ENST00000280605.5	NM_032136.5	TKTL2	MANE Select
ENST00000253697.8	NM_032137.5	C3orf20	MANE Select
ENST00000379483.4	NM_032138.7	KBTBD7	MANE Select
ENST00000306065.9	NM_032139.3	ANKRD27	MANE Select
ENST00000243878.9	NM_032140.3	ENKD1	MANE Select
ENST00000247026.10	NM_032141.4	NSRP1	MANE Select
ENST00000264159.11	NM_032143.4	ZRANB3	MANE Select
ENST00000410061.4	NM_032144.3	RAB6C	MANE Select
ENST00000237281.5	NM_032145.5	FBXO30	MANE Select
ENST00000463745.6	NM_001278293.3	ARL6	MANE Select
ENST00000258499.8	NM_032147.5	USP44	MANE Select
ENST00000258538.8	NM_001352171.3	SLC41A2	MANE Select
ENST00000326581.9	NM_032149.3	C4orf17	MANE Select
ENST00000254908.11	NM_032151.5	PCBD2	MANE Select
ENST00000423345.5	NM_032152.5	PRAM1	MANE Select
ENST00000383075.8	NM_032153.6	ZIC4	MANE Select
ENST00000369847.4	NM_001011663.2	PCGF6	MANE Select
ENST00000394427.3	NM_198179.3	QRFPR	MANE Select
ENST00000337673.7	NM_032164.4	ZNF394	MANE Select
ENST00000393217.7	NM_001079910.2	LRRIQ1	MANE Select
ENST00000320211.10	NM_130384.3	ATRIP	MANE Select
ENST00000314761.9	NM_032168.3	WDR75	MANE Select
ENST00000264990.11	NM_032169.5	ACAD11	MANE Select
ENST00000643273.2	NM_001330691.3	CEP78	MANE Select
ENST00000306177.10	NM_032172.3	USP42	MANE Select
ENST00000544604.7	NM_001206998.2	ZNRF3	MANE Select
ENST00000367988.8	NM_032174.6	TOMM40L	MANE Select
ENST00000296792.9	NM_032175.4	UTP15	MANE Select
ENST00000263997.11	NM_032178.3	SLC7A6OS	MANE Select
ENST00000404929.6	NM_001201543.2	FAM161A	MANE Select
ENST00000393913.8	NM_001135032.2	EVA1A	MANE Select
ENST00000321945.12	NM_139076.3	ABRAXAS1	MANE Select
ENST00000341460.6	NM_032184.2	SYDE2	MANE Select
ENST00000337393.10	NM_201269.3	ZNF644	MANE Select
ENST00000219797.9	NM_032188.3	KAT8	MANE Select
ENST00000254079.9	NM_032192.4	PPP1R1B	MANE Select
ENST00000308418.10	NM_032193.4	RNASEH2C	MANE Select
ENST00000441448.7	NM_032194.3	RPF2	MANE Select
ENST00000279873.12	NM_032199.3	ARID5B	MANE Select
ENST00000679879.1	NM_001384125.1	BLTP1	MANE Select
ENST00000451013.7	NM_173537.5	GTF2IRD2	MANE Select
ENST00000307790.8	NM_032204.5	ASCC2	MANE Select
ENST00000688547.1	NM_001384950.1	NLRC5	MANE Select
ENST00000221671.8	NM_032207.4	C19orf44	MANE Select
ENST00000303714.9	NM_032208.3	ANTXR1	MANE Select
ENST00000260702.4	NM_032211.7	LOXL4	MANE Select
ENST00000263331.10	NM_019014.6	POLR1B	MANE Select
ENST00000409013.8	NM_001135022.2	ELMOD3	MANE Select
ENST00000262866.9	NM_032214.4	SLA2	MANE Select
ENST00000716970.3	NM_001431356.1	MYH16	MANE Select
ENST00000322224.9	NM_032219.4	SLC49A3	MANE Select
ENST00000373233.8	NM_032221.5	CHD6	MANE Select
ENST00000265299.6	NM_032222.3	MINDY4	MANE Select
ENST00000336755.10	NM_032226.3	ZCCHC7	MANE Select
ENST00000372068.7	NM_032227.4	TMEM164	MANE Select
ENST00000354817.8	NM_032228.6	FAR1	MANE Select
ENST00000647374.2	NM_032229.3	SLITRK6	MANE Select
ENST00000248306.8	NM_032230.3	METTL25	MANE Select
ENST00000300030.8	NM_032231.7	CIAO2A	MANE Select
ENST00000331768.10	NM_032233.3	SETD3	MANE Select
ENST00000308271.14	NM_032236.8	USP48	MANE Select
ENST00000331373.10	NM_032237.5	POMK	MANE Select
ENST00000357775.6	NM_032243.6	TXNDC2	MANE Select
ENST00000329713.5	NM_032246.6	MEX3B	MANE Select
ENST00000562196.6	NM_032250.5	ANKRD20A1	MANE Select
ENST00000391901.8	NM_001277075.3	ZNF541	MANE Select
ENST00000266534.8	NM_032256.3	TMEM117	MANE Select
ENST00000372565.8	NM_032257.5	ZMYND12	MANE Select
ENST00000293883.9	NM_032259.4	WDR24	MANE Select
ENST00000016946.8	NM_005054.3	RGPD5	MANE Select
ENST00000291672.6	NM_001142854.2	SPATC1L	MANE Select
ENST00000265239.11	NM_032263.5	DRC9	MANE Select
ENST00000318249.10	NM_032264.6	NBPF3	MANE Select
ENST00000433935.6	NM_001136046.3	ZMYND15	MANE Select
ENST00000447166.3	NM_032266.5	SPATA31H1	MANE Select
ENST00000360716.8	NM_001289162.2	DRC7	MANE Select
ENST00000370454.9	NM_032270.5	LRRC8C	MANE Select
ENST00000326181.11	NM_032271.3	TRAF7	MANE Select
ENST00000322428.10	NM_032272.5	MAF1	MANE Select
ENST00000304511.7	NM_032273.4	TMEM126A	MANE Select
ENST00000392062.7	NM_001167608.3	RHBDD1	MANE Select
ENST00000342695.9	NM_032279.4	ATP13A4	MANE Select
ENST00000407610.8	NM_001131035.2	ZCCHC9	MANE Select
ENST00000374142.9	NM_032283.3	ZDHHC18	MANE Select
ENST00000040663.8	NM_001031727.4	MRI1	MANE Select
ENST00000255764.4	NM_032286.3	MED10	MANE Select
ENST00000341255.4	NM_032287.3	RTL6	MANE Select
ENST00000241502.9	NM_032288.7	FYTTD1	MANE Select
ENST00000274710.4	NM_032289.4	PSD2	MANE Select
ENST00000265140.10	NM_032290.4	SLF1	MANE Select
ENST00000371037.9	NM_032291.4	SGIP1	MANE Select
ENST00000373387.9	NM_032293.5	GARNL3	MANE Select
ENST00000348335.7	NM_032294.3	CAMKK1	MANE Select
ENST00000326232.14	NM_207113.3	SLC37A3	MANE Select
ENST00000253928.14	NM_001308068.2	FLYWCH1	MANE Select
ENST00000600079.6	NM_001160329.2	SYT3	MANE Select
ENST00000260247.10	NM_032299.4	DCUN1D5	MANE Select
ENST00000405876.9	NM_001143852.2	TCHP	MANE Select
ENST00000393261.8	NM_032301.3	FBXW9	MANE Select
ENST00000288607.3	NM_032302.4	PSMG3	MANE Select
ENST00000398805.8	NM_032303.5	HSDL2	MANE Select
ENST00000389703.8	NM_032304.4	HAGHL	MANE Select
ENST00000369314.2	NM_032305.3	POLR3GL	MANE Select
ENST00000245812.8	NM_032306.4	ALKBH7	MANE Select
ENST00000376344.8	NM_032307.5	QNG1	MANE Select
ENST00000381209.8	NM_001033002.4	RPAIN	MANE Select
ENST00000324913.10	NM_032309.4	CHCHD5	MANE Select
ENST00000375464.7	NM_032310.5	CARD19	MANE Select
ENST00000252115.10	NM_032311.5	POLDIP3	MANE Select
ENST00000238831.9	NM_032312.4	YIPF4	MANE Select
ENST00000264230.5	NM_032313.4	NOA1	MANE Select
ENST00000288532.11	NM_032314.4	COQ5	MANE Select
ENST00000302692.7	NM_032315.3	SLC25A33	MANE Select
ENST00000273598.8	NM_032316.3	NICN1	MANE Select
ENST00000395176.3	NM_032317.3	DNAJC30	MANE Select
ENST00000258083.3	NM_032319.3	PRADC1	MANE Select
ENST00000278174.10	NM_032320.7	BTBD10	MANE Select
ENST00000340623.4	NM_001042519.2	AKAP19	MANE Select
ENST00000328381.10	NM_032322.4	RNF135	MANE Select
ENST00000405535.3	NM_032323.3	TMEM79	MANE Select
ENST00000366628.10	NM_032324.3	NTPCR	MANE Select
ENST00000533544.6	NM_001242481.2	EIF1AD	MANE Select
ENST00000264771.9	NM_032326.4	TMEM175	MANE Select
ENST00000393760.6	NM_198046.3	ZDHHC16	MANE Select
ENST00000366523.6	NM_032328.4	DRC8	MANE Select
ENST00000313552.11	NM_032329.6	ING5	MANE Select
ENST00000457326.3	NM_032330.3	CAPNS2	MANE Select
ENST00000418543.8	NM_001099737.3	WDR83	MANE Select
ENST00000606162.6	NM_032333.5	PRXL2A	MANE Select
ENST00000309822.7	NM_032334.3	UTP23	MANE Select
ENST00000370803.8	NM_001015877.2	PHF6	MANE Select
ENST00000276533.4	NM_032336.3	GINS4	MANE Select
ENST00000266604.7	NM_032338.4	LLPH	MANE Select
ENST00000394231.8	NM_032339.5	MIEN1	MANE Select
ENST00000607484.6	NM_032340.4	UQCC2	MANE Select
ENST00000480945.6	NM_032341.5	DDI2	MANE Select
ENST00000374848.8	NM_032342.3	PGAP4	MANE Select
ENST00000290913.8	NM_032343.3	CHCHD6	MANE Select
ENST00000279206.8	NM_032344.4	NUDT22	MANE Select
ENST00000408946.7	NM_032345.3	PYM1	MANE Select
ENST00000246535.4	NM_032346.2	PDCD2L	MANE Select
ENST00000330501.12	NM_001135178.3	ZNF397	MANE Select
ENST00000304301.11	NM_032349.4	NUDT16L1	MANE Select
ENST00000397098.8	NM_001318252.2	CHLSN	MANE Select
ENST00000613675.5	NM_032351.6	MRPL45	MANE Select
ENST00000216807.12	NM_032352.4	BRMS1L	MANE Select
ENST00000253794.7	NM_032353.4	VPS25	MANE Select
ENST00000437139.7	NM_183065.4	TMEM107	MANE Select
ENST00000296473.8	NM_032355.4	MON1A	MANE Select
ENST00000575771.6	NM_001320925.4	NAA38	MANE Select
ENST00000259229.7	NM_032357.4	VMA22	MANE Select
ENST00000239830.9	NM_032358.4	CCDC77	MANE Select
ENST00000421999.8	NM_032359.4	CMSS1	MANE Select
ENST00000367595.4	NM_032360.4	ACBD6	MANE Select
ENST00000265097.9	NM_032361.4	THOC3	MANE Select
ENST00000336133.8	NM_033082.4	SARNP	MANE Select
ENST00000301686.13	NM_032366.5	METTL26	MANE Select
ENST00000255198.3	NM_032367.4	ZBED3	MANE Select
ENST00000377223.6	NM_032368.5	LZIC	MANE Select
ENST00000242607.13	NM_032369.4	HVCN1	MANE Select
ENST00000393927.9	NM_001146175.2	ZNF414	MANE Select
ENST00000307650.9	NM_138418.4	MCRIP2	MANE Select
ENST00000256039.3	NM_032372.6	DYDC2	MANE Select
ENST00000336126.6	NM_032373.5	PCGF5	MANE Select
ENST00000409074.8	NM_001370595.2	COA8	MANE Select
ENST00000344175.10	NM_001098633.4	AKT1S1	MANE Select
ENST00000206380.8	NM_032376.4	TMEM101	MANE Select
ENST00000252445.8	NM_032377.4	ELOF1	MANE Select
ENST00000296805.8	NM_032380.5	GFM2	MANE Select
ENST00000306875.10	NM_032382.5	COG8	MANE Select
ENST00000296051.7	NM_032383.5	HPS3	MANE Select
ENST00000524782.6	NM_032389.6	ARFGAP2	MANE Select
ENST00000285814.9	NM_032390.5	NIFK	MANE Select
ENST00000290294.5	NM_032391.3	PRAC1	MANE Select
ENST00000307602.9	NM_032410.4	HOOK3	MANE Select
ENST00000238044.8	NM_032411.3	ECRG4	MANE Select
ENST00000261811.6	NM_032412.4	CYSTM1	MANE Select
ENST00000396650.7	NM_197955.3	COXFA4L3	MANE Select
ENST00000271331.4	NM_032414.3	PROK1	MANE Select
ENST00000396946.9	NM_032415.7	CARD11	MANE Select
ENST00000392607.8	NM_001083909.3	ADGRA1	MANE Select
ENST00000360465.8	NM_032423.3	ZNF528	MANE Select
ENST00000301919.9	NM_032424.3	MSANTD4	MANE Select
ENST00000330710.10	NM_001127258.3	HHIPL1	MANE Select
ENST00000621161.5	NM_032932.6	RAB11FIP4	MANE Select
ENST00000524717.6	NM_032427.4	MAML2	MANE Select
ENST00000683843.1	NM_001388459.1	FRMPD3	MANE Select
ENST00000398665.8	NM_032482.3	DOT1L	MANE Select
ENST00000454422.2	NM_001318100.2	LZTS2	MANE Select
ENST00000309383.6	NM_032430.2	BRSK1	MANE Select
ENST00000377190.8	NM_172230.3	SYVN1	MANE Select
ENST00000447017.7	NM_001130083.2	ABLIM2	MANE Select
ENST00000292530.11	NM_032433.4	ZNF333	MANE Select
ENST00000355467.6	NM_032434.4	ZNF512	MANE Select
ENST00000366624.8	NM_032435.3	MAP3K21	MANE Select
ENST00000371088.5	NM_032437.4	EFCAB7	MANE Select
ENST00000361794.7	NM_032438.4	L3MBTL3	MANE Select
ENST00000373880.9	NM_032439.4	PHYHIPL	MANE Select
ENST00000421806.4	NM_001346516.2	LCOR	MANE Select
ENST00000651725.2	NM_001394560.1	ZMAT1	MANE Select
ENST00000399464.7	NM_032442.3	NEURL4	MANE Select
ENST00000294008.4	NM_032444.4	SLX4	MANE Select
ENST00000395614.6	NM_001385028.1	MEGF11	MANE Select
ENST00000503335.7	NM_001256545.2	MEGF10	MANE Select
ENST00000600128.6	NM_032447.5	FBN3	MANE Select
ENST00000476287.4	NM_032448.3	FAM120B	MANE Select
ENST00000378247.8	NM_032451.2	SPIRE2	MANE Select
ENST00000356300.9	NM_001146028.2	JPH4	MANE Select
ENST00000436120.7	NM_032453.2	ZNF527	MANE Select
ENST00000368592.8	NM_177400.3	NKX6-2	MANE Select
ENST00000424479.7	NM_001102559.2	PLPP5	MANE Select
ENST00000587427.6	NM_032484.5	GHDC	MANE Select
ENST00000610722.4	NM_032485.6	MCM8	MANE Select
ENST00000300087.7	NM_032486.4	DCTN5	MANE Select
ENST00000330368.3	NM_032487.5	ACTRT3	MANE Select
ENST00000222032.10	NM_032488.4	CNFN	MANE Select
ENST00000229243.7	NM_032489.3	ACRBP	MANE Select
ENST00000306954.5	NM_032490.5	GON7	MANE Select
ENST00000647897.1	NM_032492.4	JAGN1	MANE Select
ENST00000409573.7	NM_032494.3	ZC3H8	MANE Select
ENST00000420433.6	NM_032495.6	HOPX	MANE Select
ENST00000603380.6	NM_032497.3	ZNF559	MANE Select
ENST00000371388.5	NM_032498.3	RHOXF2	MANE Select
ENST00000566621.6	NM_001321759.2	CDIN1	MANE Select
ENST00000267260.5	NM_194286.4	SRRM4	MANE Select
ENST00000323482.9	NM_032501.4	ACSS1	MANE Select
ENST00000281806.7	NM_001040179.2	MCHR2	MANE Select
ENST00000417314.2	NM_032505.3	KBTBD8	MANE Select
ENST00000402291.6	NM_001129993.3	SANBR	MANE Select
ENST00000318364.13	NM_032112.3	MRPL43	MANE Select
ENST00000682144.1	NM_032507.4	PGBD1	MANE Select
ENST00000600449.8	NM_032508.4	TMEM185A	MANE Select
ENST00000360128.11	NM_032509.4	MAK16	MANE Select
ENST00000353265.8	NM_032510.4	PARD6G	MANE Select
ENST00000389677.6	NM_032511.4	FAXC	MANE Select
ENST00000360668.8	NM_032514.4	MAP1LC3A	MANE Select
ENST00000219162.4	NM_032935.3	MT4	MANE Select
ENST00000469902.6	NM_024628.6	SLC12A8	MANE Select
ENST00000649382.2	NM_032517.6	LYZL1	MANE Select
ENST00000399132.6	NM_198721.4	COL25A1	MANE Select
ENST00000204679.9	NM_032520.5	GNPTG	MANE Select
ENST00000371610.7	NM_032521.3	PARD6B	MANE Select
ENST00000367701.10	NM_001122770.3	ZBTB37	MANE Select
ENST00000390661.5	NM_032524.2	KRTAP4-4	MANE Select
ENST00000317702.10	NM_032525.3	TUBB6	MANE Select
ENST00000235628.2	NM_032526.3	NT5C1A	MANE Select
ENST00000355969.11	NM_181485.3	ZGPAT	MANE Select
ENST00000409382.8	NM_001142351.2	ST6GAL2	MANE Select
ENST00000575779.2	NM_032530.2	ZNF594	MANE Select
ENST00000525144.7	NM_032531.4	KIRREL3	MANE Select
ENST00000297267.14	NM_032532.3	FNDC1	MANE Select
ENST00000496259.6	NM_001290187.2	KRABD3	MANE Select
ENST00000565624.3	NM_001367624.2	ZNF469	MANE Select
ENST00000393229.4	NM_032536.4	NTNG2	MANE Select
ENST00000430969.6	NM_001080495.3	TNRC18	MANE Select
ENST00000259750.9	NM_032538.3	TTBK1	MANE Select
ENST00000335565.6	NM_032539.5	SLITRK2	MANE Select
ENST00000304129.9	NM_001001936.3	AFAP1L2	MANE Select
ENST00000234371.10	NM_032551.5	KISS1R	MANE Select
ENST00000645147.2	NM_032553.3	GPR174	MANE Select
ENST00000341010.6	NM_173161.3	IL1F10	MANE Select
ENST00000307017.9	NM_032557.6	USP38	MANE Select
ENST00000375344.8	NM_032558.3	SLC71A2	MANE Select
ENST00000268919.6	NM_032559.5	KIF2B	MANE Select
ENST00000403305.6	NM_032561.5	C22orf23	MANE Select
ENST00000373032.4	NM_032562.5	PLA2G12B	MANE Select
ENST00000368787.4	NM_032563.2	LCE3D	MANE Select
ENST00000228027.12	NM_032564.5	DGAT2	MANE Select
ENST00000242827.11	NM_032565.5	EBPL	MANE Select
ENST00000274565.5	NM_032566.3	SPINK7	MANE Select
ENST00000296739.6	NM_032567.4	SPZ1	MANE Select
ENST00000321919.14	NM_032569.4	GLYR1	MANE Select
ENST00000253673.6	NM_032571.5	ADGRE3	MANE Select
ENST00000298690.5	NM_032572.4	RNASE7	MANE Select
ENST00000253079.11	NM_201435.5	CCDC62	MANE Select
ENST00000342166.10	NM_001321209.2	DPY30	MANE Select
ENST00000433375.2	NM_032575.3	GLIS2	MANE Select
ENST00000358913.10	NM_032578.4	MYPN	MANE Select
ENST00000295755.7	NM_032579.3	RETNLB	MANE Select
ENST00000541682.7	NM_001165967.2	HES7	MANE Select
ENST00000432176.7	NM_032581.4	HYCC1	MANE Select
ENST00000300896.9	NM_032582.4	USP32	MANE Select
ENST00000334197.12	NM_032584.3	ZNF347	MANE Select
ENST00000254691.10	NM_032587.4	CARD6	MANE Select
ENST00000315962.9	NM_184085.2	TRIM55	MANE Select
ENST00000374272.4	NM_032588.4	TRIM63	MANE Select
ENST00000377071.9	NM_032590.5	KDM2B	MANE Select
ENST00000616978.5	NM_001257291.2	SLC9A7	MANE Select
ENST00000263776.9	NM_032592.4	ACCS	MANE Select
ENST00000259667.6	NM_032593.3	HINT2	MANE Select
ENST00000307169.4	NM_032594.4	INSM2	MANE Select
ENST00000612501.2	NM_032595.5	PPP1R9B	MANE Select
ENST00000297623.7	NM_032596.4	SPMIP6	MANE Select
ENST00000300187.11	NM_032597.5	MS4A14	MANE Select
ENST00000572969.6	NM_001170698.2	SPATA22	MANE Select
ENST00000621392.5	NM_001282788.3	GARIN1B	MANE Select
ENST00000261058.3	NM_032600.3	CCDC54	MANE Select
ENST00000244217.6	NM_032601.4	MCEE	MANE Select
ENST00000369352.1	NM_032602.2	GJA10	MANE Select
ENST00000264094.8	NM_032603.5	LOXL3	MANE Select
ENST00000316470.9	NM_032604.4	ABHD1	MANE Select
ENST00000699294.1	NM_001355024.4	CAPS2	MANE Select
ENST00000078445.7	NM_032607.3	CREB3L3	MANE Select
ENST00000335473.12	NM_032608.7	MYO18B	MANE Select
ENST00000376075.4	NM_032609.3	COX4I2	MANE Select
ENST00000324894.13	NM_032620.4	GTPBP3	MANE Select
ENST00000340124.9	NM_133443.4	GPT2	MANE Select
ENST00000372677.8	NM_032621.4	BEX2	MANE Select
ENST00000263925.8	NM_001126328.3	LNX1	MANE Select
ENST00000398955.2	NM_032623.4	MGARP	MANE Select
ENST00000616600.5	NM_001001520.3	HDGFL2	MANE Select
ENST00000378617.4	NM_032634.4	PIGO	MANE Select
ENST00000369909.7	NM_001032291.3	PSRC1	MANE Select
ENST00000449726.6	NM_001197026.2	PLEKHA8	MANE Select
ENST00000683519.1	NM_013318.4	PRRC2B	MANE Select
ENST00000524270.6	NM_032641.4	SPSB2	MANE Select
ENST00000310942.9	NM_005189.3	CBX2	MANE Select
ENST00000373582.4	NM_032648.3	FAM167B	MANE Select
ENST00000358821.8	NM_032649.6	CNDP1	MANE Select
ENST00000344651.5	NM_001080533.3	UNC119B	MANE Select
ENST00000257548.10	NM_032663.5	USP30	MANE Select
ENST00000327671.10	NM_032664.3	POFUT3	MANE Select
ENST00000449549.4	NM_033309.3	B3GNT9	MANE Select
ENST00000233630.11	NM_032673.3	PCGF1	MANE Select
ENST00000638348.2	NM_001370449.1	ZNF577	MANE Select
ENST00000440314.7	NM_001144958.2	CRACR2A	MANE Select
ENST00000449290.6	NM_032681.4	TRIM51	MANE Select
ENST00000599612.3	NM_032683.3	MPV17L2	MANE Select
ENST00000306145.10	NM_032687.4	TMEM276	MANE Select
ENST00000355202.9	NM_032689.5	ZNF607	MANE Select
ENST00000286794.5	NM_032693.3	NAA11	MANE Select
ENST00000255613.8	NM_032701.4	KMT5C	MANE Select
ENST00000301072.11	NM_032704.5	TUBA1C	MANE Select
ENST00000313324.9	NM_001037163.2	FAM220A	MANE Select
ENST00000370575.5	NM_032709.3	PYROXD2	MANE Select
ENST00000264409.5	NM_032717.5	GPAT3	MANE Select
ENST00000258436.10	NM_032718.5	SLC67A2	MANE Select
ENST00000641389.3	NM_139239.5	NFKBID	MANE Select
ENST00000433179.4	NM_001394713.1	PERM1	MANE Select
ENST00000260210.5	NM_032725.4	BUD13	MANE Select
ENST00000450993.7	NM_032726.4	PLCD4	MANE Select
ENST00000372264.4	NM_032728.4	PLPP7	MANE Select
ENST00000369063.8	NM_032730.5	RTN4IP1	MANE Select
ENST00000250101.10	NM_032731.4	TXNDC17	MANE Select
ENST00000403601.8	NM_153460.4	IL17RC	MANE Select
ENST00000325327.4	NM_032737.4	LMNB2	MANE Select
ENST00000236938.12	NM_032738.4	FCRLA	MANE Select
ENST00000310981.6	NM_032740.4	SFT2D3	MANE Select
ENST00000414691.8	NM_032744.4	ADTRP	MANE Select
ENST00000369815.6	NM_001206427.2	ATP5MK	MANE Select
ENST00000361143.10	NM_001146314.2	ABHD14B	MANE Select
ENST00000682384.1	NM_032752.3	ZNF496	MANE Select
ENST00000555633.3	NM_001319074.4	RAX2	MANE Select
ENST00000334815.6	NM_032756.4	HPDL	MANE Select
ENST00000216252.4	NM_032758.4	PHF5A	MANE Select
ENST00000688015.1	NM_001346048.2	TRIM52	MANE Select
ENST00000372524.5	NM_032772.6	ZNF503	MANE Select
ENST00000425562.7	NM_001365715.1	LRCH3	MANE Select
ENST00000328879.9	NM_032775.4	KLHL22	MANE Select
ENST00000394198.7	NM_153182.4	RIOX2	MANE Select
ENST00000393965.8	NM_001365575.2	CCDC142	MANE Select
ENST00000313236.10	NM_032780.4	TMEM25	MANE Select
ENST00000358540.7	NM_006906.2	PTPN5	MANE Select
ENST00000307851.9	NM_032782.5	HAVCR2	MANE Select
ENST00000306193.8	NM_032783.5	CBR4	MANE Select
ENST00000356698.9	NM_032784.5	RSPO3	MANE Select
ENST00000371839.6	NM_032785.4	AGBL4	MANE Select
ENST00000257940.7	NM_032786.3	ZC3H10	MANE Select
ENST00000273352.8	NM_032787.3	ADGRG7	MANE Select
ENST00000295208.7	NM_032788.3	ZNF514	MANE Select
ENST00000313028.12	NM_032789.5	PARP10	MANE Select
ENST00000715685.1	NM_032790.4	ORAI1	MANE Select
ENST00000594051.6	NM_001316979.2	ZBTB45	MANE Select
ENST00000372811.10	NM_032793.5	MFSD2A	MANE Select
ENST00000298317.9	NM_032795.3	RPUSD4	MANE Select
ENST00000307864.3	NM_032797.6	AIFM2	MANE Select
ENST00000372663.9	NM_032799.5	ZDHHC12	MANE Select
ENST00000366663.10	NM_032800.3	C1orf198	MANE Select
ENST00000261854.10	NM_032802.4	SPPL2A	MANE Select
ENST00000374299.8	NM_032803.6	SLC7A3	MANE Select
ENST00000373783.3	NM_032804.6	ADO	MANE Select
ENST00000576985.6	NM_032805.3	ZSCAN10	MANE Select
ENST00000344697.3	NM_032806.6	POMGNT2	MANE Select
ENST00000362091.9	NM_178150.3	FBH1	MANE Select
ENST00000355300.7	NM_032808.7	LINGO1	MANE Select
ENST00000684074.1	NM_001329990.2	MIGA2	MANE Select
ENST00000680024.1	NM_001321967.2	ATAD1	MANE Select
ENST00000441174.8	NM_032811.3	TBRG1	MANE Select
ENST00000377252.5	NM_032812.9	PLXDC2	MANE Select
ENST00000342624.10	NM_032813.5	TMTC4	MANE Select
ENST00000257575.9	NM_001382266.1	RNFT2	MANE Select
ENST00000320805.9	NM_032815.4	NFATC2IP	MANE Select
ENST00000305768.10	NM_032816.5	CEP89	MANE Select
ENST00000378387.4	NM_032818.3	ARHGEF39	MANE Select
ENST00000375200.6	NM_001282933.2	ZNF341	MANE Select
ENST00000430566.6	NM_001329752.2	FAM136A	MANE Select
ENST00000375315.8	NM_001193329.3	AOPEP	MANE Select
ENST00000283206.9	NM_032824.3	TMEM87B	MANE Select
ENST00000292928.7	NM_032825.5	ZNF382	MANE Select
ENST00000378509.9	NM_032826.5	SLC35B4	MANE Select
ENST00000306279.4	NM_032827.7	ATOH8	MANE Select
ENST00000339656.8	NM_032828.4	ZNF587	MANE Select
ENST00000538780.2	NM_032829.3	FAM222A	MANE Select
ENST00000314423.12	NM_032830.3	UTP4	MANE Select
ENST00000239367.7	NM_032832.6	LRP11	MANE Select
ENST00000367188.5	NM_032833.5	PPP1R15B	MANE Select
ENST00000266483.7	NM_032834.4	ALG10	MANE Select
ENST00000221665.5	NM_032836.3	FIZ1	MANE Select
ENST00000405159.8	NM_001098832.2	VCF1	MANE Select
ENST00000452939.7	NM_001145344.1	ZNF566	MANE Select
ENST00000261038.6	NM_032839.3	SLC49A4	MANE Select
ENST00000301463.9	NM_032840.3	SPRYD3	MANE Select
ENST00000397622.7	NM_032842.4	TMEM209	MANE Select
ENST00000372338.9	NM_032843.5	FIBCD1	MANE Select
ENST00000375940.9	NM_001172303.3	MASTL	MANE Select
ENST00000397762.6	NM_032846.4	RAB2B	MANE Select
ENST00000276704.6	NM_032847.3	C8orf76	MANE Select
ENST00000548278.2	NM_032848.3	RITA1	MANE Select
ENST00000380482.9	NM_032849.4	MEDAG	MANE Select
ENST00000355341.8	NM_001077268.2	ZFYVE19	MANE Select
ENST00000335325.9	NM_032268.5	ZNRF1	MANE Select
ENST00000317868.9	NM_032852.4	ATG4C	MANE Select
ENST00000591337.7	NM_001369789.1	PWWP3A	MANE Select
ENST00000388767.8	NM_032854.4	CORO6	MANE Select
ENST00000613986.4	NM_001382417.1	HSH2D	MANE Select
ENST00000434634.7	NM_032856.5	WDR73	MANE Select
ENST00000367872.9	NM_032858.3	MAEL	MANE Select
ENST00000375898.4	NM_032859.3	ABHD13	MANE Select
ENST00000367576.6	NM_032860.5	LTV1	MANE Select
ENST00000647468.2	NM_032861.4	SERAC1	MANE Select
ENST00000504548.4	NM_032862.5	TIGD5	MANE Select
ENST00000257181.10	NM_032864.4	PRPF38A	MANE Select
ENST00000254051.11	NM_032865.6	TNS4	MANE Select
ENST00000281282.6	NM_032866.5	CGNL1	MANE Select
ENST00000599840.6	NM_001300862.2	MPND	MANE Select
ENST00000239690.9	NM_032869.4	NUDCD1	MANE Select
ENST00000064780.7	NM_152222.2	RELT	MANE Select
ENST00000616558.5	NM_001193308.2	SYTL1	MANE Select
ENST00000284273.6	NM_032873.5	UBASH3B	MANE Select
ENST00000338005.7	NM_001039374.5	CCDC183	MANE Select
ENST00000264658.11	NM_032875.3	FBXL20	MANE Select
ENST00000262713.7	NM_032876.6	AJUBA	MANE Select
ENST00000378875.8	NM_032878.5	ALKBH6	MANE Select
ENST00000251296.4	NM_032880.5	IGSF21	MANE Select
ENST00000315732.3	NM_032881.3	LSM10	MANE Select
ENST00000421798.5	NM_032882.6	PNMA6A	MANE Select
ENST00000341197.9	NM_001098797.2	TOX2	MANE Select
ENST00000488417.2	NM_001134734.2	C1orf94	MANE Select
ENST00000309469.9	NM_032885.6	ATG4D	MANE Select
ENST00000329548.5	NM_032889.5	SLC61A1	MANE Select
ENST00000675850.1	NM_001377229.1	DISP1	MANE Select
ENST00000417257.6	NM_032892.5	FRMD5	MANE Select
ENST00000409690.5	NM_032898.5	CEP19	MANE Select
ENST00000690554.1	NM_001394396.1	FAM83A	MANE Select
ENST00000358531.9	NM_032900.6	ARHGAP19	MANE Select
ENST00000550487.6	NM_032901.4	COX14	MANE Select
ENST00000435887.2	NM_001329443.2	PPP1R16A	MANE Select
ENST00000379888.9	NM_032905.5	RBM17	MANE Select
ENST00000527353.2	NM_001042616.3	PIGY	MANE Select
ENST00000395081.7	NM_032907.5	UBL7	MANE Select
ENST00000448228.7	NM_001083537.4	FAM86B1	MANE Select
ENST00000256953.6	NM_032918.3	RERG	MANE Select
ENST00000308158.10	NM_153373.4	PHYKPL	MANE Select
ENST00000372627.10	NM_032926.3	TCEAL3	MANE Select
ENST00000382753.5	NM_001297551.2	TMEM128	MANE Select
ENST00000290079.9	NM_032928.4	TMEM141	MANE Select
ENST00000500704.7	NM_001346022.3	USP45	MANE Select
ENST00000434758.7	NM_032930.3	CFAP300	MANE Select
ENST00000383233.8	NM_032933.6	SLC35D4	MANE Select
ENST00000450536.7	NM_001286611.2	REPS1	MANE Select
ENST00000257663.4	NM_032936.4	TMEM60	MANE Select
ENST00000526627.2	NM_032947.5	SMIM3	MANE Select
ENST00000377459.3	NM_080596.3	H2AC12	MANE Select
ENST00000356950.2	NM_001312653.2	H2BC12	MANE Select
ENST00000334109.3	NM_033191.3	KRTAP9-4	MANE Select
ENST00000398472.2	NM_001386841.1	KRTAP4-1	MANE Select
ENST00000343246.6	NM_033188.4	KRTAP4-5	MANE Select
ENST00000391356.4	NM_033187.2	KRTAP4-3	MANE Select
ENST00000377726.3	NM_033062.4	KRTAP4-2	MANE Select
ENST00000391586.3	NM_033185.3	KRTAP3-3	MANE Select
ENST00000394015.3	NM_033184.4	KRTAP2-4	MANE Select
ENST00000450849.7	NM_033064.5	ATCAY	MANE Select
ENST00000356083.8	NM_032888.4	COL27A1	MANE Select
ENST00000636174.2	NM_001319193.2	FBF1	MANE Select
ENST00000253329.3	NM_139126.4	PPIL4	MANE Select
ENST00000442253.3	NM_133367.5	PAQR8	MANE Select
ENST00000356608.7	NM_001370497.1	ABCC11	MANE Select
ENST00000394618.9	NM_033101.4	LGALS12	MANE Select
ENST00000381176.5	NM_001099294.2	SHISAL1	MANE Select
ENST00000440582.1	NM_001396067.1	KRTAP4-16	MANE Select
ENST00000710353.1	NM_001372044.2	SHANK3	MANE Select
ENST00000248879.8	NM_033257.4	DGCR6L	MANE Select
ENST00000342784.7	NM_033025.6	SYDE1	MANE Select
ENST00000380034.8	NM_033034.3	TRIM5	MANE Select
ENST00000500893.4	NM_033089.7	ZCCHC3	MANE Select
ENST00000476832.2	NM_033087.4	ALG2	MANE Select
ENST00000375985.5	NM_033118.4	MYLK2	MANE Select
ENST00000369795.8	NM_033088.4	STRIP1	MANE Select
ENST00000619918.1	NM_015672.2	RIMBP3	MANE Select
ENST00000215957.10	NM_033386.4	MICALL1	MANE Select
ENST00000248846.10	NM_020461.4	TUBGCP6	MANE Select
ENST00000358431.8	NM_001145206.2	KIAA1671	MANE Select
ENST00000291634.11	NM_058190.4	SLX9	MANE Select
ENST00000515211.2	NM_001102450.3	RGS8	MANE Select
ENST00000396842.7	NM_033083.7	EAF1	MANE Select
ENST00000678005.2	NM_032364.6	DNAJC14	MANE Select
ENST00000268459.6	NM_033119.5	NKD1	MANE Select
ENST00000296849.10	NM_033120.4	NKD2	MANE Select
ENST00000368919.8	NM_033125.4	SLC22A16	MANE Select
ENST00000367145.4	NM_033102.3	SLC45A3	MANE Select
ENST00000254260.8	NM_033103.5	RHPN2	MANE Select
ENST00000267294.5	NM_033132.5	ZIC5	MANE Select
ENST00000376042.6	NM_033031.3	CCNB3	MANE Select
ENST00000266529.8	NM_033114.4	ZCRB1	MANE Select
ENST00000273936.6	NM_033122.4	CABS1	MANE Select
ENST00000614646.5	NM_001394390.1	STON2	MANE Select
ENST00000635253.2	NM_001367561.1	DOCK7	MANE Select
ENST00000467148.2	NM_001037335.2	HELZ2	MANE Select
ENST00000304613.8	NM_152643.8	KNDC1	MANE Select
ENST00000636136.2	NM_001394672.2	DCLK3	MANE Select
ENST00000360375.8	NM_033402.5	LRRCC1	MANE Select
ENST00000611870.5	NM_033401.5	CNTNAP4	MANE Select
ENST00000419474.5	NM_033400.3	ZFHX2	MANE Select
ENST00000279024.9	NM_001029864.2	KIAA1755	MANE Select
ENST00000337478.3	NM_001272013.2	ITPRIP	MANE Select
ENST00000589666.6	NM_001080419.3	UNK	MANE Select
ENST00000682832.2	NM_001304360.2	CFAP74	MANE Select
ENST00000322128.5	NM_033512.3	TSPYL5	MANE Select
ENST00000267889.5	NM_033510.3	DISP2	MANE Select
ENST00000358252.8	NM_033396.3	TNKS1BP1	MANE Select
ENST00000361786.7	NM_033426.3	CIPC	MANE Select
ENST00000440460.7	NM_001037954.4	DIXDC1	MANE Select
ENST00000325212.11	NM_033395.2	CEP295	MANE Select
ENST00000326756.4	NM_053042.3	ZNF518B	MANE Select
ENST00000263635.8	NM_033394.3	TANC1	MANE Select
ENST00000511601.6	NM_001371116.1	FHDC1	MANE Select
ENST00000278590.8	NM_033390.2	ZC3H12C	MANE Select
ENST00000540801.6	NM_001282129.2	SSH2	MANE Select
ENST00000260585.12	NM_033505.4	SELENOI	MANE Select
ENST00000377566.9	NM_001282430.2	LBX2	MANE Select
ENST00000486715.6	NM_024996.7	GFM1	MANE Select
ENST00000297029.10	NM_001112706.3	SCIN	MANE Select
ENST00000320516.5	NM_033124.5	DRC2	MANE Select
ENST00000276570.10	NM_033105.6	DNAJC5B	MANE Select
ENST00000344895.4	NM_033035.5	TSLP	MANE Select
ENST00000276616.3	NM_033126.3	PSKH2	MANE Select
ENST00000246104.7	NM_033129.4	SCRT2	MANE Select
ENST00000595891.2	NM_001393532.1	MBD3L1	MANE Select
ENST00000357330.7	NM_033106.4	GALP	MANE Select
ENST00000222511.11	NM_033107.4	GTPBP10	MANE Select
ENST00000307393.3	NM_033108.3	HSFY1	MANE Select
ENST00000447944.7	NM_033109.5	PNPT1	MANE Select
ENST00000683975.1	NM_001195087.2	GGACT	MANE Select
ENST00000261739.9	NM_033121.2	ANKRD13A	MANE Select
ENST00000244496.6	NM_033112.4	RRP36	MANE Select
ENST00000349062.7	NM_033091.3	TRIM4	MANE Select
ENST00000291536.8	NM_080860.4	RSPH1	MANE Select
ENST00000408910.7	NM_001004416.3	UMODL1	MANE Select
ENST00000382768.2	NM_001307928.2	SERPINB12	MANE Select
ENST00000544088.6	NM_001370475.1	SERPINB11	MANE Select
ENST00000284523.2	NM_033131.4	WNT3A	MANE Select
ENST00000398145.7	NM_022081.6	HPS4	MANE Select
ENST00000420910.7	NM_001136049.3	LMLN	MANE Select
ENST00000339313.10	NM_033130.5	SIGLEC10	MANE Select
ENST00000312006.5	NM_033036.3	GAL3ST3	MANE Select
ENST00000397909.7	NM_001024383.2	NAV3	MANE Select
ENST00000685211.1	NM_001389617.1	NAV1	MANE Select
ENST00000349880.9	NM_145117.5	NAV2	MANE Select
ENST00000055335.11	NM_033215.5	PPP1R3F	MANE Select
ENST00000373231.9	NM_031460.4	KCNK17	MANE Select
ENST00000299847.7	NM_139320.2	CHRFAM7A	MANE Select
ENST00000697964.2	NM_001039841.3	ARHGAP11B	MANE Select
ENST00000372530.9	NM_001198934.2	ABCC10	MANE Select
ENST00000375482.8	NM_001083536.2	FGD3	MANE Select
ENST00000435817.7	NM_033449.3	FCHSD1	MANE Select
ENST00000321297.10	NM_033388.2	ATG16L2	MANE Select
ENST00000361171.8	NM_033446.3	MVB12B	MANE Select
ENST00000341319.8	NM_130446.4	KLHL6	MANE Select
ENST00000291707.8	NM_053003.4	SIGLEC12	MANE Select
ENST00000308284.11	NM_033127.4	SEC16B	MANE Select
ENST00000266505.12	NM_033123.4	PLCZ1	MANE Select
ENST00000376694.9	NM_033229.3	TRIM15	MANE Select
ENST00000324978.8	NM_080429.3	AQP10	MANE Select
ENST00000331299.6	NM_030631.4	SLC25A21	MANE Select
ENST00000273390.9	NM_033364.4	CFAP91	MANE Select
ENST00000314556.4	NM_001001874.3	TPD52L3	MANE Select
ENST00000263726.4	NM_033343.4	LHX4	MANE Select
ENST00000370350.7	NM_033085.3	FATE1	MANE Select
ENST00000368093.4	NM_033438.4	SLAMF9	MANE Select
ENST00000598519.2	NM_033113.3	ZNF628	MANE Select
ENST00000379485.2	NM_152903.5	KBTBD6	MANE Select
ENST00000372715.7	NM_052844.4	DYNC2I2	MANE Select
ENST00000552374.7	NM_001193531.2	TMEM116	MANE Select
ENST00000342494.8	NM_130466.4	UBE3B	MANE Select
ENST00000300006.9	NM_033201.3	BMERB1	MANE Select
ENST00000644200.2	NM_001365906.3	PAPLN	MANE Select
ENST00000315082.9	NM_138769.3	RHOT2	MANE Select
ENST00000535456.7	NM_001370461.1	GLB1L2	MANE Select
ENST00000347162.10	NM_201521.3	KLC4	MANE Select
ENST00000409687.5	NM_178448.4	SAPCD2	MANE Select
ENST00000394420.9	NM_133368.3	RSPRY1	MANE Select
ENST00000256538.9	NM_080650.4	DPH6	MANE Select
ENST00000682408.1	NM_001388306.1	MIDN	MANE Select
ENST00000341958.4	NM_001394072.1	SYT8	MANE Select
ENST00000369747.8	NM_198920.3	UBE3D	MANE Select
ENST00000556222.2	NM_001207073.2	FAM181A	MANE Select
ENST00000603986.6	NM_001163321.4	CCDC120	MANE Select
ENST00000257867.5	NM_033277.2	LACRT	MANE Select
ENST00000601142.2	NM_194325.3	ZNF30	MANE Select
ENST00000431670.7	NM_001134438.2	PHLDB2	MANE Select
ENST00000691901.1	NM_001390846.1	VWA5B2	MANE Select
ENST00000418388.6	NM_152833.3	TMEM250	MANE Select
ENST00000375151.5	NM_058163.3	TSR2	MANE Select
ENST00000332142.10	NM_033272.4	KCNH7	MANE Select
ENST00000392554.8	NM_001387567.1	BTBD6	MANE Select
ENST00000520358.7	NM_130783.5	TSPAN18	MANE Select
ENST00000316738.12	NM_145231.4	EFCAB11	MANE Select
ENST00000370833.7	NM_001394073.1	HS6ST2	MANE Select
ENST00000298542.9	NM_194277.3	FRMD7	MANE Select
ENST00000332312.4	NM_052846.2	EMILIN3	MANE Select
ENST00000243918.10	NM_033542.4	SYS1	MANE Select
ENST00000289953.3	NM_130896.3	WFDC8	MANE Select
ENST00000491381.6	NM_033421.4	SNX21	MANE Select
ENST00000372523.1	NM_080603.5	ZSWIM1	MANE Select
ENST00000273610.4	NM_033199.4	UCN2	MANE Select
ENST00000376572.8	NM_138346.3	KIAA2013	MANE Select
ENST00000282296.10	NM_138347.5	ZNF551	MANE Select
ENST00000329542.9	NM_133369.3	UNC5A	MANE Select
ENST00000284274.5	NM_138348.6	OTULIN	MANE Select
ENST00000401445.4	NM_001098506.4	CEACAM21	MANE Select
ENST00000505956.6	NM_207307.3	EFCAB12	MANE Select
ENST00000540167.6	NM_001168302.2	KLHL13	MANE Select
ENST00000301057.8	NM_138349.4	TP53I13	MANE Select
ENST00000283891.6	NM_138960.4	TGIF2LX	MANE Select
ENST00000600228.6	NM_178523.5	ZNF616	MANE Select
ENST00000439461.6	NM_001010851.3	ZNF766	MANE Select
ENST00000269967.4	NM_052848.3	CCDC97	MANE Select
ENST00000054650.9	NM_001195753.2	THAP3	MANE Select
ENST00000413988.3	NM_001382422.1	EXOC3L2	MANE Select
ENST00000595646.6	NM_001008801.2	ZNF468	MANE Select
ENST00000683776.1	NM_001322131.2	ZNF160	MANE Select
ENST00000624922.6	NM_001293083.2	FER1L5	MANE Select
ENST00000421832.3	NM_145232.4	CTU1	MANE Select
ENST00000319933.7	NM_033211.4	MACIR	MANE Select
ENST00000519262.6	NM_001377989.1	FAM110B	MANE Select
ENST00000673075.2	NM_138352.3	SAMD1	MANE Select
ENST00000254337.11	NM_138353.4	DCAF15	MANE Select
ENST00000268138.12	NM_152259.4	TICRR	MANE Select
ENST00000297347.7	NM_080651.4	MED30	MANE Select
ENST00000421852.6	NM_080652.4	TMEM41A	MANE Select
ENST00000395418.8	NM_001267776.2	IFT20	MANE Select
ENST00000319466.9	NM_139279.6	MCFD2	MANE Select
ENST00000416810.7	NM_001080792.4	CCDC32	MANE Select
ENST00000249776.13	NM_033286.4	KNSTRN	MANE Select
ENST00000522587.6	NM_001318063.2	ATP6V1E2	MANE Select
ENST00000354670.9	NM_001003940.2	BMF	MANE Select
ENST00000308683.3	NM_033414.3	ZNF622	MANE Select
ENST00000250263.8	NM_153332.4	ERI1	MANE Select
ENST00000316939.3	NM_052850.4	GADD45GIP1	MANE Select
ENST00000537055.4	NM_001005850.3	ZNF835	MANE Select
ENST00000280756.9	NM_152261.4	TMEM263	MANE Select
ENST00000269025.9	NM_033413.4	LRRC46	MANE Select
ENST00000290216.14	NM_138355.4	SCRN2	MANE Select
ENST00000339413.11	NM_001039672.3	YIF1B	MANE Select
ENST00000502396.6	NM_001281747.2	MLIP	MANE Select
ENST00000690270.1	NM_001394037.1	SHF	MANE Select
ENST00000560572.6	NM_001276266.2	DUOXA1	MANE Select
ENST00000337248.9	NM_001199013.2	STPG1	MANE Select
ENST00000373053.8	NM_138357.3	MCU	MANE Select
ENST00000409856.8	NM_001258306.3	CCDC74A	MANE Select
ENST00000430385.3	NM_001080821.3	ZNF799	MANE Select
ENST00000270502.7	NM_138358.4	TIMM29	MANE Select
ENST00000439556.3	NM_145233.4	ZNF625	MANE Select
ENST00000254321.10	NM_144566.3	ZNF700	MANE Select
ENST00000682736.1	NM_001348719.2	ZNF439	MANE Select
ENST00000379380.9	NM_181705.4	LYRM7	MANE Select
ENST00000447535.2	NM_001308491.2	ERVH48-1	MANE Select
ENST00000336934.10	NM_178006.4	STARD13	MANE Select
ENST00000380130.7	NM_052818.3	N4BP2L1	MANE Select
ENST00000316495.8	NM_182491.4	ZFAND2A	MANE Select
ENST00000344111.4	NM_001031617.3	COX19	MANE Select
ENST00000335117.9	NM_052852.4	ZNF486	MANE Select
ENST00000321217.5	NM_139214.3	TGIF2LY	MANE Select
ENST00000383032.6	NM_033284.2	TBL1Y	MANE Select
ENST00000342740.6	NM_138360.4	CARMIL3	MANE Select
ENST00000452015.9	NM_001276318.2	PPP1R3E	MANE Select
ENST00000300417.11	NM_001005373.4	LRSAM1	MANE Select
ENST00000307471.8	NM_138771.4	CCDC126	MANE Select
ENST00000587834.6	NM_033280.4	SEC11C	MANE Select
ENST00000685693.1	NM_001166701.4	VCF2	MANE Select
ENST00000374955.8	NM_001013435.3	PAGE5	MANE Select
ENST00000368457.3	NM_138300.4	PYGO2	MANE Select
ENST00000556440.7	NM_138363.3	CEP95	MANE Select
ENST00000366962.8	NM_144567.5	ANGEL2	MANE Select
ENST00000250489.9	NM_144568.4	PIP4P1	MANE Select
ENST00000322396.7	NM_138364.4	PRMT9	MANE Select
ENST00000319636.10	NM_001370129.2	ZNF479	MANE Select
ENST00000543610.6	NM_001014979.3	CFAP119	MANE Select
ENST00000372685.8	NM_153333.3	TCEAL8	MANE Select
ENST00000710288.1	NM_178167.5	ZNF598	MANE Select
ENST00000360482.7	NM_144569.7	SPOCD1	MANE Select
ENST00000248098.8	NM_144570.3	JPT2	MANE Select
ENST00000566339.6	NM_080861.4	SPSB3	MANE Select
ENST00000682010.1	NM_033439.4	IL33	MANE Select
ENST00000358227.5	NM_033428.3	DMAC1	MANE Select
ENST00000421812.3	NM_001080470.2	ZNF697	MANE Select
ENST00000315073.10	NM_033549.5	TRIM41	MANE Select
ENST00000278927.10	NM_138961.3	ESAM	MANE Select
ENST00000072869.9	NM_052853.4	ADCK2	MANE Select
ENST00000457308.6	NM_198963.3	DHX57	MANE Select
ENST00000292562.12	NM_138367.2	ZNF251	MANE Select
ENST00000645548.2	NM_001369769.2	KIFC2	MANE Select
ENST00000621158.5	NM_052854.4	CREB3L1	MANE Select
ENST00000335154.10	NM_175736.5	FMNL3	MANE Select
ENST00000317551.12	NM_147190.5	CERS5	MANE Select
ENST00000262960.14	NM_139159.5	DPP9	MANE Select
ENST00000635206.3	NM_001395273.1	CCDC149	MANE Select
ENST00000532090.3	NM_138368.5	AP5B1	MANE Select
ENST00000328697.11	NM_030771.2	CCDC34	MANE Select
ENST00000361713.2	NM_052997.3	ANKRD30A	MANE Select
ENST00000254816.6	NM_033452.3	TRIM47	MANE Select
ENST00000397165.7	NM_033196.3	ZNF682	MANE Select
ENST00000317931.12	NM_001330559.2	L3MBTL4	MANE Select
ENST00000355943.8	NM_138773.4	SLC25A46	MANE Select
ENST00000453321.8	NM_153704.6	TMEM67	MANE Select
ENST00000396862.2	NM_033208.4	TIGD7	MANE Select
ENST00000335211.9	NM_001164586.2	IGFN1	MANE Select
ENST00000622235.5	NM_182895.5	SCARF2	MANE Select
ENST00000368559.8	NM_207308.3	NUP210L	MANE Select
ENST00000448514.3	NM_199127.3	GGTLC2	MANE Select
ENST00000362021.9	NM_001128225.3	SLC39A13	MANE Select
ENST00000311086.9	NM_138369.3	BOD1	MANE Select
ENST00000395067.7	NM_080655.3	MSANTD3	MANE Select
ENST00000474879.7	NM_033200.3	LMF2	MANE Select
ENST00000356891.4	NM_001009894.3	RLIG1	MANE Select
ENST00000361574.10	NM_138774.4	R3HDM4	MANE Select
ENST00000356663.8	NM_001033026.2	TMEM259	MANE Select
ENST00000318109.12	NM_001002862.3	DERL3	MANE Select
ENST00000682922.1	NM_001012967.3	DDX60L	MANE Select
ENST00000458198.3	NM_080656.3	CDKN2AIPNL	MANE Select
ENST00000285243.7	NM_052855.4	ANKRD40	MANE Select
ENST00000409858.8	NM_207309.3	UAP1L1	MANE Select
ENST00000436624.7	NM_001134442.3	ZNF502	MANE Select
ENST00000428443.8	NM_178123.5	SESTD1	MANE Select
ENST00000313334.13	NM_152265.5	BTF3L4	MANE Select
ENST00000409943.8	NM_001258307.2	CCDC74B	MANE Select
ENST00000300145.4	NM_033276.4	ATP23	MANE Select
ENST00000394258.7	NM_001017919.2	RCCD1	MANE Select
ENST00000588258.6	NM_152266.5	FAAP24	MANE Select
ENST00000326132.11	NM_152267.4	RNF185	MANE Select
ENST00000396271.8	NM_145698.5	ACBD5	MANE Select
ENST00000294964.6	NM_138370.3	PKDCC	MANE Select
ENST00000404699.7	NM_001303508.2	ISX	MANE Select
ENST00000390654.8	NM_173465.4	COL23A1	MANE Select
ENST00000546455.6	NM_138371.3	PCED1B	MANE Select
ENST00000282272.15	NM_001195144.2	ANKRD44	MANE Select
ENST00000382040.4	NM_080657.5	RSAD2	MANE Select
ENST00000374222.6	NM_001389556.1	UBXN11	MANE Select
ENST00000253233.6	NM_152269.5	MTRFR	MANE Select
ENST00000334678.8	NM_194326.4	RPS19BP1	MANE Select
ENST00000321063.9	NM_020911.2	PLXNA4	MANE Select
ENST00000361952.5	NM_052857.4	ZNF830	MANE Select
ENST00000685675.1	NM_001376007.1	SLFN11	MANE Select
ENST00000603017.2	NM_033315.4	RASL10B	MANE Select
ENST00000549115.7	NM_001386928.1	CHURC1	MANE Select
ENST00000241051.8	NM_001077242.2	DEPDC7	MANE Select
ENST00000334785.12	NM_144573.4	NEXN	MANE Select
ENST00000639142.2	NM_001366102.1	TDRD12	MANE Select
ENST00000474627.8	NM_145691.4	ATPAF2	MANE Select
ENST00000682979.1	NM_001378074.1	BOC	MANE Select
ENST00000396408.8	NM_001040185.3	ZNF765	MANE Select
ENST00000324134.11	NM_144687.4	NLRP12	MANE Select
ENST00000391770.9	NM_138373.5	MYADM	MANE Select
ENST00000458035.3	NM_138374.3	ZNF845	MANE Select
ENST00000527043.6	NM_177963.4	SYT12	MANE Select
ENST00000682279.1	NM_001387287.1	CENPL	MANE Select
ENST00000331479.4	NM_033318.5	SMDT1	MANE Select
ENST00000398246.8	NM_152271.5	LONRF1	MANE Select
ENST00000255082.8	NM_080658.2	ACY3	MANE Select
ENST00000277517.2	NM_033261.3	IDI2	MANE Select
ENST00000344157.9	NM_001031732.4	YTHDC1	MANE Select
ENST00000423556.7	NM_001367710.1	MIDEAS	MANE Select
ENST00000671876.2	NM_153369.4	SLC60A2	MANE Select
ENST00000555028.7	NM_001024674.3	LIN52	MANE Select
ENST00000302277.7	NM_194250.2	ZNF804A	MANE Select
ENST00000238616.10	NM_033116.6	NEK9	MANE Select
ENST00000256925.12	NM_001100619.3	CABLES1	MANE Select
ENST00000273347.10	NM_145037.4	NXPE3	MANE Select
ENST00000397677.6	NM_152272.5	CHMP7	MANE Select
ENST00000428149.7	NM_138775.3	ALKBH8	MANE Select
ENST00000394809.9	NM_182493.3	MYLK3	MANE Select
ENST00000688303.1	NM_001077594.2	EXOC3L4	MANE Select
ENST00000342702.8	NM_144574.4	WDR20	MANE Select
ENST00000372042.6	NM_001143981.2	CHRDL1	MANE Select
ENST00000467889.3	NM_033429.3	CALML4	MANE Select
ENST00000268485.8	NM_052858.6	MARVELD3	MANE Select
ENST00000296292.8	NM_052859.4	RFT1	MANE Select
ENST00000258821.8	NM_138376.3	TTC5	MANE Select
ENST00000260257.9	NM_138378.3	FDXACB1	MANE Select
ENST00000278601.6	NM_080659.3	C11orf52	MANE Select
ENST00000274532.7	NM_138379.3	TIMD4	MANE Select
ENST00000296597.10	NM_174889.5	NDUFAF2	MANE Select
ENST00000268042.7	NM_183376.3	ARRDC4	MANE Select
ENST00000307149.10	NM_153603.4	COG7	MANE Select
ENST00000393985.8	NM_001171907.3	EOLA1	MANE Select
ENST00000274599.10	NM_052860.4	ZNF300	MANE Select
ENST00000517768.6	NM_001122853.3	MYOZ3	MANE Select
ENST00000359315.6	NM_033513.3	TPGS1	MANE Select
ENST00000576892.8	NM_152274.5	CCNQ	MANE Select
ENST00000242275.7	NM_033412.4	SLC25A51	MANE Select
ENST00000566228.6	NM_032167.5	SNX29	MANE Select
ENST00000335694.4	NM_178311.3	GGTLC1	MANE Select
ENST00000275766.2	NM_080660.4	ZC3HAV1L	MANE Select
ENST00000355689.6	NM_152275.4	IFT70A	MANE Select
ENST00000534064.6	NM_033547.4	INTS4	MANE Select
ENST00000285083.10	NM_138381.5	OXNAD1	MANE Select
ENST00000310045.9	NM_032160.3	DSEL	MANE Select
ENST00000276173.5	NM_138382.3	RIPPLY1	MANE Select
ENST00000336273.8	NM_178812.4	MTDH	MANE Select
ENST00000338779.11	NM_138383.3	MTSS2	MANE Select
ENST00000301599.7	NM_203411.2	TMEM88	MANE Select
ENST00000317502.11	NM_138384.4	MTG1	MANE Select
ENST00000393792.3	NM_152277.3	UBTD2	MANE Select
ENST00000309950.8	NM_001017920.3	DAPL1	MANE Select
ENST00000623527.4	NM_033100.4	CDHR1	MANE Select
ENST00000361200.7	NM_001080426.3	STYXL2	MANE Select
ENST00000367854.8	NM_052862.4	RCSD1	MANE Select
ENST00000296603.5	NM_001007527.2	LMBRD2	MANE Select
ENST00000256441.5	NM_033281.6	KGD4	MANE Select
ENST00000588268.6	NM_153257.5	ZNF461	MANE Select
ENST00000532828.7	NM_152279.4	ZNF585B	MANE Select
ENST00000295055.12	NM_144575.3	CAPN13	MANE Select
ENST00000532726.6	NM_001389712.2	GLYATL1	MANE Select
ENST00000435159.3	NM_001136103.3	TMEM132C	MANE Select
ENST00000292641.4	NM_052863.3	SCGB3A1	MANE Select
ENST00000382936.8	NM_001127266.2	TMEM129	MANE Select
ENST00000532414.3	NM_001093725.2	MEX3A	MANE Select
ENST00000336174.12	NM_001003787.4	STRADA	MANE Select
ENST00000412177.6	NM_001164257.2	PRR29	MANE Select
ENST00000310392.5	NM_033418.4	METTL18	MANE Select
ENST00000367763.8	NM_152281.3	GORAB	MANE Select
ENST00000274054.3	NM_138386.3	NAF1	MANE Select
ENST00000367727.9	NM_139240.4	C1orf105	MANE Select
ENST00000600229.6	NM_139161.5	CRB3	MANE Select
ENST00000310546.3	NM_080862.3	SPSB4	MANE Select
ENST00000286353.9	NM_001037172.3	PXYLP1	MANE Select
ENST00000344641.8	NM_138777.5	MRRF	MANE Select
ENST00000417201.4	NM_033117.4	RBM18	MANE Select
ENST00000297265.5	NM_152284.4	CHMP4C	MANE Select
ENST00000448814.7	NM_001195305.3	BBIP1	MANE Select
ENST00000307144.6	NM_033195.3	LDHAL6B	MANE Select
ENST00000395527.9	NM_001243439.2	SPECC1	MANE Select
ENST00000380622.5	NM_001135995.2	ATXN3L	MANE Select
ENST00000548673.6	NM_001367886.1	BICDL1	MANE Select
ENST00000368693.6	NM_145235.5	FANK1	MANE Select
ENST00000269097.9	NM_138387.4	G6PC3	MANE Select
ENST00000293414.6	NM_080863.5	ASB16	MANE Select
ENST00000395091.3	NM_001172679.2	ZNF764	MANE Select
ENST00000309395.7	NM_173468.4	MOB1B	MANE Select
ENST00000607714.6	NM_001001563.5	TIMM50	MANE Select
ENST00000361717.4	NM_052864.3	TIFA	MANE Select
ENST00000377710.10	NM_052865.4	MGME1	MANE Select
ENST00000377452.4	NM_080820.6	DTD1	MANE Select
ENST00000358869.5	NM_138389.4	FAM114A1	MANE Select
ENST00000437356.7	NM_001142311.2	TMEM169	MANE Select
ENST00000367242.4	NM_138391.6	TMEM183A	MANE Select
ENST00000371421.9	NM_152285.4	ARRDC1	MANE Select
ENST00000277540.7	NM_138778.5	DPH7	MANE Select
ENST00000331427.9	NM_178160.3	OTOP2	MANE Select
ENST00000341772.5	NM_139072.4	DNER	MANE Select
ENST00000620913.5	NM_033518.4	SLC38A5	MANE Select
ENST00000253354.2	NM_033197.3	BPIFB1	MANE Select
ENST00000288710.7	NM_145038.5	DRC1	MANE Select
ENST00000247815.9	NM_001370285.1	HELB	MANE Select
ENST00000291842.10	NM_138392.4	SHKBP1	MANE Select
ENST00000689584.1	NM_033445.3	H2AC25	MANE Select
ENST00000443381.7	NM_001113525.2	ZNF276	MANE Select
ENST00000233596.8	NM_138393.4	REEP6	MANE Select
ENST00000395479.10	NM_001329556.3	REEP6	MANE Plus Clinical
ENST00000259239.8	NM_033416.3	IMP4	MANE Select
ENST00000449105.8	NM_138394.4	HNRNPLL	MANE Select
ENST00000267938.9	NM_173469.4	UBE2Q2	MANE Select
ENST00000258214.3	NM_033212.4	CCDC102A	MANE Select
ENST00000282276.8	NM_138395.4	MARS2	MANE Select
ENST00000380548.9	NM_001040272.6	ADAMTSL1	MANE Select
ENST00000221480.6	NM_080662.4	PEX11G	MANE Select
ENST00000266643.6	NM_138396.6	MARCHF9	MANE Select
ENST00000232974.11	NM_145166.4	ZBTB47	MANE Select
ENST00000287590.6	NM_145236.3	B3GNT7	MANE Select
ENST00000304081.9	NM_033253.4	NT5C1B	MANE Select
ENST00000378402.10	NM_177531.6	PKHD1L1	MANE Select
ENST00000308197.10	NM_144576.4	COQ10A	MANE Select
ENST00000376032.9	NM_138779.5	TEX30	MANE Select
ENST00000451794.6	NM_001285485.2	NEURL3	MANE Select
ENST00000339686.8	NM_033317.5	DMKN	MANE Select
ENST00000449291.7	NM_145201.6	NAPRT	MANE Select
ENST00000308251.6	NM_172347.3	KCNG4	MANE Select
ENST00000347147.9	NM_001011655.3	TMEM44	MANE Select
ENST00000318663.5	NM_152288.3	ORAI3	MANE Select
ENST00000302851.8	NM_152289.3	ZNF561	MANE Select
ENST00000264833.9	NM_058164.4	OLFM2	MANE Select
ENST00000407847.5	NM_001136239.4	PRDM6	MANE Select
ENST00000368090.5	NM_145167.3	PIGM	MANE Select
ENST00000314485.12	NM_052868.6	IGSF8	MANE Select
ENST00000614859.5	NM_152290.4	CFAP107	MANE Select
ENST00000300658.9	NM_033419.5	PGAP3	MANE Select
ENST00000674294.1	NM_001364171.2	ODAD1	MANE Select
ENST00000367153.9	NM_001199050.2	LEMD1	MANE Select
ENST00000253669.10	NM_033417.2	HAUS8	MANE Select
ENST00000317040.12	NM_138401.4	MVB12A	MANE Select
ENST00000415673.7	NM_138402.6	SP140L	MANE Select
ENST00000371172.8	NM_033207.5	OPALIN	MANE Select
ENST00000305963.3	NM_173470.3	MMGT1	MANE Select
ENST00000223167.5	NM_138403.5	MYL10	MANE Select
ENST00000343131.7	NM_001143764.3	SYCE1	MANE Select
ENST00000477922.4	NM_001293626.2	MGAM2	MANE Select
ENST00000535612.6	NM_001199196.2	ARMC6	MANE Select
ENST00000366503.3	NM_033213.5	ZNF670	MANE Select
ENST00000395468.9	NM_144578.4	MAPK1IP1L	MANE Select
ENST00000697147.1	NM_001395978.1	TPTE2	MANE Select
ENST00000328945.7	NM_145168.3	SDR42E1	MANE Select
ENST00000344646.10	NM_174890.4	ZFAND4	MANE Select
ENST00000394876.7	NM_001134665.3	TRMT10A	MANE Select
ENST00000382722.10	NM_172364.5	CACNA2D4	MANE Select
ENST00000287380.6	NM_145647.4	TBC1D31	MANE Select
ENST00000251547.10	NM_033182.7	FBXO44	MANE Select
ENST00000382581.5	NM_033296.3	MRFAP1	MANE Select
ENST00000635031.2	NM_138699.3	MRFAP1L2	MANE Select
ENST00000310074.8	NM_152293.3	TADA2B	MANE Select
ENST00000394708.7	NM_001163435.3	TBCK	MANE Select
ENST00000372449.6	NM_001350562.2	TJAP1	MANE Select
ENST00000425538.6	NM_001146312.3	MYOCD	MANE Select
ENST00000270593.2	NM_033068.3	ACP4	MANE Select
ENST00000301408.7	NM_033043.2	CGB5	MANE Select
ENST00000317658.5	NM_033328.3	CAPZA3	MANE Select
ENST00000368149.3	NM_033515.3	ARHGAP18	MANE Select
ENST00000449022.7	NM_017954.11	CADPS2	MANE Select
ENST00000373696.8	NM_052957.5	GCNA	MANE Select
ENST00000335754.8	NM_022899.5	ACTR8	MANE Select
ENST00000335514.10	NM_016311.5	ATP5IF1	MANE Select
ENST00000382073.4	NM_001007033.2	CLEC6A	MANE Select
ENST00000474905.6	NM_080385.5	CPA5	MANE Select
ENST00000350908.9	NM_014491.4	FOXP2	MANE Select
ENST00000308360.8	NM_033198.4	PIGS	MANE Select
ENST00000269346.9	NM_032646.6	TTYH2	MANE Select
ENST00000711671.1	NM_001401501.2	MUC16	MANE Select
ENST00000444565.2	NM_033482.4	POM121L2	MANE Select
ENST00000684222.1	NM_001385261.1	CGB7	MANE Select
ENST00000652263.1	NM_001080457.2	LRRC4B	MANE Select
ENST00000307358.7	NM_053044.5	HTRA3	MANE Select
ENST00000296238.4	NM_033259.3	CAMK2N2	MANE Select
ENST00000321339.3	NM_177478.2	FTMT	MANE Select
ENST00000592502.2	NM_033204.4	ZNF101	MANE Select
ENST00000380155.4	NM_032796.4	SYAP1	MANE Select
ENST00000611161.2	NM_001301782.2	LENG9	MANE Select
ENST00000321442.10	NM_022754.7	SFXN1	MANE Select
ENST00000565659.2	NM_033194.3	HSPB9	MANE Select
ENST00000272433.7	NM_144579.3	SFXN5	MANE Select
ENST00000392349.9	NM_016467.5	ORMDL1	MANE Select
ENST00000304046.7	NM_139280.4	ORMDL3	MANE Select
ENST00000331923.9	NM_016631.4	PAXBP1	MANE Select
ENST00000343666.6	NM_053045.2	TMEM203	MANE Select
ENST00000448456.4	NM_033183.3	CGB8	MANE Select
ENST00000611299.5	NM_001242394.2	SYTL3	MANE Select
ENST00000372989.6	NM_001370165.1	SYTL4	MANE Select
ENST00000297875.7	NM_138780.3	SYTL5	MANE Select
ENST00000344936.7	NM_018287.7	ARHGAP12	MANE Select
ENST00000382483.4	NM_178857.6	RP1L1	MANE Select
ENST00000311303.8	NM_001393797.1	ABCC12	MANE Select
ENST00000241891.10	NM_033282.4	OPN4	MANE Select
ENST00000296839.5	NM_033260.4	FOXQ1	MANE Select
ENST00000693335.1	NM_033258.2	GNG8	MANE Select
ENST00000308153.9	NM_012412.5	H2AZ2	MANE Select
ENST00000313624.12	NM_033255.5	EPSTI1	MANE Select
ENST00000342697.5	NM_033285.4	TP53INP1	MANE Select
ENST00000301242.9	NM_033256.3	PPP1R14A	MANE Select
ENST00000223208.10	NM_018718.3	CEP41	MANE Select
ENST00000510461.6	NM_133372.3	FNIP1	MANE Select
ENST00000480744.3	NM_001394901.1	LIMS3	MANE Select
ENST00000260129.6	NM_024831.8	TGS1	MANE Select
ENST00000237500.10	NM_033546.4	MYL12B	MANE Select
ENST00000303961.9	NM_080732.4	EGLN2	MANE Select
ENST00000250457.9	NM_022073.4	EGLN3	MANE Select
ENST00000303927.4	NM_145040.3	CAVIN3	MANE Select
ENST00000358758.12	NM_145239.3	PRRT2	MANE Select
ENST00000357967.9	NM_001142725.2	ERI2	MANE Select
ENST00000269298.10	NM_133491.5	SAT2	MANE Select
ENST00000310850.9	NM_080664.3	DTD2	MANE Select
ENST00000329970.8	NM_138408.4	GTF3C6	MANE Select
ENST00000381410.5	NM_001102575.2	SNX18	MANE Select
ENST00000257776.5	NM_138409.4	MRAP2	MANE Select
ENST00000369724.5	NM_033411.5	RWDD2A	MANE Select
ENST00000334983.10	NM_138410.4	CMTM7	MANE Select
ENST00000600100.6	NM_001308429.2	GARIN5A	MANE Select
ENST00000312988.9	NM_207312.3	TUBA3E	MANE Select
ENST00000415061.8	NM_001145971.2	RDH13	MANE Select
ENST00000336123.5	NM_052872.4	IL17F	MANE Select
ENST00000314067.11	NM_001102564.3	IFT43	MANE Select
ENST00000215095.11	NM_052874.5	STX1B	MANE Select
ENST00000362007.6	NM_144580.3	GLMP	MANE Select
ENST00000267119.6	NM_033448.3	KRT71	MANE Select
ENST00000393708.3	NM_001397406.1	FDX2	MANE Select
ENST00000370646.9	NM_138413.4	HOGA1	MANE Select
ENST00000620954.2	NM_080666.4	WDR89	MANE Select
ENST00000247194.9	NM_144581.2	L3HYPDH	MANE Select
ENST00000372114.4	NM_033550.4	TP53RK	MANE Select
ENST00000317058.8	NM_138414.3	SGF29	MANE Select
ENST00000313237.10	NM_138415.5	PHF21B	MANE Select
ENST00000281187.10	NM_052875.5	VPS26B	MANE Select
ENST00000431683.7	NM_001080407.3	GLB1L3	MANE Select
ENST00000292431.5	NM_052876.4	NACC1	MANE Select
ENST00000349456.9	NM_080667.7	CFAP36	MANE Select
ENST00000372457.9	NM_201542.5	MED8	MANE Select
ENST00000371614.2	NM_138417.3	KTI12	MANE Select
ENST00000007264.7	NM_058192.3	RPUSD1	MANE Select
ENST00000619929.5	NM_133373.5	PLCD3	MANE Select
ENST00000270631.2	NM_178449.4	PTH2	MANE Select
ENST00000420702.6	NM_001099286.3	MTFR2	MANE Select
ENST00000275517.8	NM_080668.4	CDCA5	MANE Select
ENST00000333244.6	NM_138420.4	AHNAK2	MANE Select
ENST00000524803.6	NM_138421.3	SAAL1	MANE Select
ENST00000395301.8	NM_001039846.2	IZUMO4	MANE Select
ENST00000316097.13	NM_079834.4	SCAMP4	MANE Select
ENST00000329478.4	NM_138422.4	ADAT3	MANE Select
ENST00000306243.7	NM_130468.4	CHST14	MANE Select
ENST00000299957.11	NM_138423.4	GOLM2	MANE Select
ENST00000640217.2	NM_001388308.1	KIF12	MANE Select
ENST00000587086.3	NM_001291291.2	MISP3	MANE Select
ENST00000612814.5	NM_080669.6	SLC46A1	MANE Select
ENST00000229281.6	NM_138425.4	C12orf57	MANE Select
ENST00000398473.7	NM_052879.5	LARP4	MANE Select
ENST00000223145.10	NM_138426.4	GLCCI1	MANE Select
ENST00000612339.4	NM_145041.4	TMEM106A	MANE Select
ENST00000645534.1	NM_033409.4	SLC52A3	MANE Select
ENST00000361731.4	NM_145169.3	SFT2D1	MANE Select
ENST00000272438.9	NM_144582.3	TEX261	MANE Select
ENST00000521580.3	NM_138428.6	SMIM12	MANE Select
ENST00000294517.11	NM_052998.4	AZIN2	MANE Select
ENST00000373463.8	NM_033504.4	TMEM54	MANE Select
ENST00000321253.7	NM_080386.4	TUBA3D	MANE Select
ENST00000295488.8	NM_133636.5	HELQ	MANE Select
ENST00000379500.7	NM_052999.4	CMTM1	MANE Select
ENST00000332884.11	NM_183075.3	CYP2U1	MANE Select
ENST00000612156.3	NM_001394807.1	ADPRHL1	MANE Select
ENST00000301327.5	NM_138431.3	SLC33A2	MANE Select
ENST00000403593.9	NM_001304993.2	SDSL	MANE Select
ENST00000648057.3	NM_138433.5	KLHDC7B	MANE Select
ENST00000325113.9	NM_053280.5	CIMAP1A	MANE Select
ENST00000215912.10	NM_052880.5	PIK3IP1	MANE Select
ENST00000651461.1	NM_001102592.2	HENMT1	MANE Select
ENST00000333407.11	NM_138435.4	FAM83F	MANE Select
ENST00000323146.8	NM_080670.4	SLC35A4	MANE Select
ENST00000594947.6	NM_033468.4	ZNF257	MANE Select
ENST00000430490.7	NM_001102594.3	DTX2	MANE Select
ENST00000269834.1	NM_052882.1	ZIM3	MANE Select
ENST00000372090.6	NM_025077.4	TOE1	MANE Select
ENST00000265758.7	NM_017528.5	BUD23	MANE Select
ENST00000684578.1	NM_001387360.1	TRIM9	MANE Select
ENST00000524230.9	NM_052883.3	TXNRD3	MANE Select
ENST00000380433.5	NM_053049.4	UCN3	MANE Select
ENST00000447370.6	NM_052884.3	SIGLEC11	MANE Select
ENST00000280871.9	NM_052885.4	SLC2A13	MANE Select
ENST00000261893.9	NM_032857.5	LACTB	MANE Select
ENST00000371068.11	NM_018100.4	EFHC1	MANE Select
ENST00000301407.8	NM_033377.2	CGB1	MANE Select
ENST00000359342.7	NM_033378.2	CGB2	MANE Select
ENST00000336119.8	NM_001243133.2	NLRP3	MANE Select
ENST00000614891.5	NM_052886.3	MAL2	MANE Select
ENST00000279178.4	NM_080866.3	SLC22A9	MANE Select
ENST00000392679.6	NM_001318777.2	TIRAP	MANE Select
ENST00000372517.8	NM_001017922.2	ERMAP	MANE Select
ENST00000543378.7	NM_001321350.2	LRRC37B	MANE Select
ENST00000293230.10	NM_134268.5	CYGB	MANE Select
ENST00000673097.2	NM_052889.4	CARD16	MANE Select
ENST00000340880.5	NM_052890.4	PGLYRP2	MANE Select
ENST00000683862.1	NM_052891.3	PGLYRP3	MANE Select
ENST00000481247.6	NM_001099272.2	BTBD9	MANE Select
ENST00000600059.6	NM_001388485.1	LMTK3	MANE Select
ENST00000373381.9	NM_001281956.2	CSMD2	MANE Select
ENST00000355673.8	NM_052897.4	MBD6	MANE Select
ENST00000327381.7	NM_052898.2	XKR4	MANE Select
ENST00000303991.5	NM_052899.3	GPRIN1	MANE Select
ENST00000297405.10	NM_198123.2	CSMD3	MANE Select
ENST00000373069.10	NM_001330988.2	SLC25A25	MANE Select
ENST00000456909.6	NM_052902.4	STK11IP	MANE Select
ENST00000615383.5	NM_052903.6	TUBGCP5	MANE Select
ENST00000369261.9	NM_052904.4	KLHL32	MANE Select
ENST00000288670.14	NM_052905.4	FMNL2	MANE Select
ENST00000402918.7	NM_052906.5	ELFN2	MANE Select
ENST00000682704.1	NM_001366854.1	TMEM132B	MANE Select
ENST00000674365.1	NM_001281503.2	SLITRK1	MANE Select
ENST00000269214.10	NM_052911.3	ESCO1	MANE Select
ENST00000407595.3	NM_001080433.2	CCDC85A	MANE Select
ENST00000296978.4	NM_001258277.2	TMEM200A	MANE Select
ENST00000472487.6	NM_001085487.3	MYSM1	MANE Select
ENST00000269391.11	NM_052916.3	RNF157	MANE Select
ENST00000392825.8	NM_052917.4	GALNT13	MANE Select
ENST00000263054.11	NM_052918.5	SORCS1	MANE Select
ENST00000486442.6	NM_052920.2	KLHL29	MANE Select
ENST00000452236.3	NM_052923.2	SCAND3	MANE Select
ENST00000289013.11	NM_052924.3	RHPN1	MANE Select
ENST00000326764.10	NM_052925.4	LENG8	MANE Select
ENST00000535214.6	NM_001184924.2	PNMA5	MANE Select
ENST00000307063.9	NM_001130864.2	PWWP2A	MANE Select
ENST00000305513.12	NM_052928.3	SMYD4	MANE Select
ENST00000688493.1	NM_001391957.1	FHAD1	MANE Select
ENST00000368057.8	NM_001184714.2	SLAMF6	MANE Select
ENST00000319481.8	NM_080597.4	OSBPL1A	MANE Select
ENST00000263650.12	NM_020896.4	OSBPL5	MANE Select
ENST00000190611.9	NM_032523.4	OSBPL6	MANE Select
ENST00000007414.8	NM_145798.3	OSBPL7	MANE Select
ENST00000261183.8	NM_020841.5	OSBPL8	MANE Select
ENST00000428468.6	NM_024586.6	OSBPL9	MANE Select
ENST00000396556.7	NM_017784.5	OSBPL10	MANE Select
ENST00000296220.6	NM_022776.5	OSBPL11	MANE Select
ENST00000579760.6	NM_030968.5	C1QTNF1	MANE Select
ENST00000652664.2	NM_031908.6	C1QTNF2	MANE Select
ENST00000382065.8	NM_181435.6	C1QTNF3	MANE Select
ENST00000302514.4	NM_031909.3	C1QTNF4	MANE Select
ENST00000528368.3	NM_001278431.2	C1QTNF5	MANE Select
ENST00000337843.7	NM_031910.4	C1QTNF6	MANE Select
ENST00000444304.3	NM_031911.5	C1QTNF7	MANE Select
ENST00000517956.5	NM_058229.4	FBXO32	MANE Select
ENST00000398136.7	NM_052932.3	TMEM123	MANE Select
ENST00000417410.7	NM_001135674.2	SMIM19	MANE Select
ENST00000483720.7	NM_001004051.4	GPRASP2	MANE Select
ENST00000320848.7	NM_203462.3	MRFAP1L1	MANE Select
ENST00000356588.8	NM_052933.4	TSGA13	MANE Select
ENST00000326674.10	NM_175732.3	PTPMT1	MANE Select
ENST00000396958.8	NM_138439.3	FLYWCH2	MANE Select
ENST00000374193.9	NM_001012361.4	WDR31	MANE Select
ENST00000304735.4	NM_138440.3	VASN	MANE Select
ENST00000374126.10	NM_001318042.2	ZNF618	MANE Select
ENST00000370315.4	NM_138441.3	CGAS	MANE Select
ENST00000367135.8	NM_052934.4	SLC26A9	MANE Select
ENST00000435506.7	NM_052935.5	NT5C3B	MANE Select
ENST00000445755.7	NM_001136203.2	CCDC124	MANE Select
ENST00000282058.11	NM_138443.4	HAUS1	MANE Select
ENST00000276609.8	NM_052832.4	SLC26A7	MANE Select
ENST00000308660.6	NM_178450.5	MARCHF3	MANE Select
ENST00000317243.10	NM_001102651.2	ZNF554	MANE Select
ENST00000372232.8	NM_052936.5	ATG4A	MANE Select
ENST00000377474.4	NM_138444.4	KCTD12	MANE Select
ENST00000371226.8	NM_145243.5	OMA1	MANE Select
ENST00000273990.6	NM_145244.4	DDIT4L	MANE Select
ENST00000465518.3	NM_001193532.3	RAB42	MANE Select
ENST00000354883.11	NM_001379210.1	SLC25A26	MANE Select
ENST00000292852.9	NM_024907.7	FBXO17	MANE Select
ENST00000522514.6	NM_052937.4	PCMTD1	MANE Select
ENST00000444847.2	NM_001303473.2	GPR146	MANE Select
ENST00000368176.8	NM_052938.5	FCRL1	MANE Select
ENST00000368184.8	NM_052939.4	FCRL3	MANE Select
ENST00000371370.8	NM_001256409.2	LRRC42	MANE Select
ENST00000355754.7	NM_052941.5	GBP4	MANE Select
ENST00000370459.8	NM_052942.5	GBP5	MANE Select
ENST00000270115.8	NM_198075.4	LRRC56	MANE Select
ENST00000466681.2	NM_138446.2	MALSU1	MANE Select
ENST00000276893.10	NM_152896.3	UHRF2	MANE Select
ENST00000287461.8	NM_138447.3	ZNF689	MANE Select
ENST00000430046.7	NM_138782.3	FCHO2	MANE Select
ENST00000286494.9	NM_182947.4	ARHGEF25	MANE Select
ENST00000620116.5	NM_001258280.2	ZNF501	MANE Select
ENST00000289166.6	NM_052943.4	TENT5B	MANE Select
ENST00000424767.7	NM_001352248.3	SLC5A11	MANE Select
ENST00000291232.5	NM_052945.4	TNFRSF13C	MANE Select
ENST00000291860.2	NM_153443.5	KIR3DL3	MANE Select
ENST00000317647.12	NM_001039724.4	NOSTRIN	MANE Select
ENST00000361673.4	NM_052947.4	ALPK2	MANE Select
ENST00000007510.9	NM_001366178.1	ARHGAP33	MANE Select
ENST00000538904.7	NM_001159944.3	EVI5L	MANE Select
ENST00000389749.9	NM_152307.3	TRMT61A	MANE Select
ENST00000615439.5	NM_170604.3	RASGRP4	MANE Select
ENST00000543942.7	NM_001170633.2	C12orf56	MANE Select
ENST00000319212.9	NM_001143688.3	DIS3L	MANE Select
ENST00000282026.2	NM_138450.6	ARL11	MANE Select
ENST00000450660.3	NM_001164839.2	FANCD2OS	MANE Select
ENST00000416617.3	NM_001330452.2	DRC10	MANE Select
ENST00000288111.12	NM_001136050.3	DHRS1	MANE Select
ENST00000298125.7	NM_052950.4	WDFY2	MANE Select
ENST00000282878.6	NM_138453.4	RAB3C	MANE Select
ENST00000301944.3	NM_138454.2	NXNL1	MANE Select
ENST00000330295.10	NM_138455.4	CTHRC1	MANE Select
ENST00000007390.3	NM_001001410.3	TSR3	MANE Select
ENST00000356392.9	NM_145045.5	ODAD3	MANE Select
ENST00000293771.10	NM_138783.4	ZNF653	MANE Select
ENST00000312838.9	NM_178841.4	RNF166	MANE Select
ENST00000312499.6	NM_152308.3	RMI2	MANE Select
ENST00000297565.9	NM_001142462.3	OSR2	MANE Select
ENST00000295628.4	NM_001099678.2	LRRC58	MANE Select
ENST00000315948.11	NM_198273.2	LYSMD3	MANE Select
ENST00000301887.9	NM_138456.4	BATF2	MANE Select
ENST00000377574.6	NM_144585.4	SLC22A12	MANE Select
ENST00000372622.8	NM_052951.3	DNTTIP1	MANE Select
ENST00000307972.10	NM_001012426.2	FOXP4	MANE Select
ENST00000301215.8	NM_133444.3	ZNF526	MANE Select
ENST00000396641.7	NM_052953.4	LRRC3B	MANE Select
ENST00000326974.9	NM_057161.4	KLHDC3	MANE Select
ENST00000295121.11	NM_138458.4	DNAAF10	MANE Select
ENST00000368494.4	NM_138459.5	NUS1	MANE Select
ENST00000371384.4	NM_080821.3	FAM210B	MANE Select
ENST00000371015.6	NM_080672.5	PHACTR3	MANE Select
ENST00000652641.2	NM_001320768.2	CYYR1	MANE Select
ENST00000339180.9	NM_001288746.2	CMTM5	MANE Select
ENST00000452443.3	NM_052955.3	TGM7	MANE Select
ENST00000273695.4	NM_138461.4	TM4SF19	MANE Select
ENST00000394264.7	NM_138333.5	PABIR1	MANE Select
ENST00000298585.3	NM_138462.3	ZMYND19	MANE Select
ENST00000411948.7	NM_198076.6	COX20	MANE Select
ENST00000307201.5	NM_198147.3	ABHD15	MANE Select
ENST00000292090.8	NM_138463.4	TLCD1	MANE Select
ENST00000367419.10	NM_138785.5	GINM1	MANE Select
ENST00000446656.4	NM_058165.3	MOGAT1	MANE Select
ENST00000520010.6	NM_001318890.3	ACSM1	MANE Select
ENST00000518698.6	NM_052958.4	C8orf34	MANE Select
ENST00000284288.3	NM_052959.3	PANX3	MANE Select
ENST00000294435.8	NM_052960.3	RBP7	MANE Select
ENST00000490799.6	NM_052961.4	SLC26A8	MANE Select
ENST00000397463.3	NM_144586.7	LYPD1	MANE Select
ENST00000296980.7	NM_052962.3	IL22RA2	MANE Select
ENST00000597582.2	NM_138466.2	ZNF837	MANE Select
ENST00000296059.7	NM_138786.4	TM4SF18	MANE Select
ENST00000369454.4	NM_171998.4	RAB39B	MANE Select
ENST00000361820.6	NM_133445.3	GRIN3A	MANE Select
ENST00000234389.3	NM_138690.3	GRIN3B	MANE Select
ENST00000329245.9	NM_052963.3	TOP1MT	MANE Select
ENST00000382348.2	NM_138983.3	OLIG1	MANE Select
ENST00000226951.11	NM_052964.4	CLNK	MANE Select
ENST00000645668.2	NM_052965.4	TSEN15	MANE Select
ENST00000367511.4	NM_052966.4	NIBAN1	MANE Select
ENST00000377127.4	NM_052967.2	MAS1L	MANE Select
ENST00000309106.3	NM_198923.2	MRGPRD	MANE Select
ENST00000227665.9	NM_001371904.1	APOA5	MANE Select
ENST00000389832.7	NM_001039165.4	MRGPRE	MANE Select
ENST00000309099.7	NM_145015.5	MRGPRF	MANE Select
ENST00000258105.8	NM_053050.5	MRPL53	MANE Select
ENST00000330133.5	NM_172251.3	MRPL54	MANE Select
ENST00000330261.5	NM_001007533.4	PPP1R27	MANE Select
ENST00000296277.9	NM_052969.3	RPL39L	MANE Select
ENST00000254963.7	NM_052970.5	HSPA12B	MANE Select
ENST00000563694.6	NM_053051.5	CNTROB	MANE Select
ENST00000617596.5	NM_053052.4	SNAP47	MANE Select
ENST00000296877.3	NM_052971.3	LEAP2	MANE Select
ENST00000275227.9	NM_052831.3	SLC18B1	MANE Select
ENST00000306390.7	NM_052972.3	LRG1	MANE Select
ENST00000687756.1	NM_001393769.1	MED12L	MANE Select
ENST00000508596.6	NM_181265.4	WDR17	MANE Select
ENST00000397068.8	NM_053017.5	ART5	MANE Select
ENST00000354700.10	NM_030649.3	ACAP3	MANE Select
ENST00000303965.9	NM_015230.4	ARAP2	MANE Select
ENST00000393609.8	NM_001040118.3	ARAP1	MANE Select
ENST00000547588.6	NM_001122772.3	AGAP2	MANE Select
ENST00000304032.13	NM_001037131.3	AGAP1	MANE Select
ENST00000397238.7	NM_031946.7	AGAP3	MANE Select
ENST00000367874.5	NM_053053.4	TADA1	MANE Select
ENST00000312106.6	NM_053054.4	CATSPER1	MANE Select
ENST00000368814.8	NM_053055.5	THEM4	MANE Select
ENST00000373125.9	NM_053281.3	DACH2	MANE Select
ENST00000396879.8	NM_172095.4	CATSPER2	MANE Select
ENST00000296694.5	NM_054023.5	SCGB3A2	MANE Select
ENST00000367929.3	NM_053282.5	SH2D1B	MANE Select
ENST00000293371.11	NM_053283.4	DCD	MANE Select
ENST00000319070.3	NM_053284.3	WFIKKN1	MANE Select
ENST00000247833.12	NM_022456.5	RAB3IP	MANE Select
ENST00000342203.8	NM_001166293.2	SSX2IP	MANE Select
ENST00000329773.3	NM_054030.4	MRGPRX2	MANE Select
ENST00000621697.2	NM_001370464.1	MRGPRX3	MANE Select
ENST00000314254.3	NM_054032.3	MRGPRX4	MANE Select
ENST00000540857.6	NM_001146729.2	PLAAT5	MANE Select
ENST00000427159.7	NM_017647.4	FTSJ3	MANE Select
ENST00000368851.10	NM_018593.5	SLC16A10	MANE Select
ENST00000339732.10	NM_054110.5	GALNT15	MANE Select
ENST00000293756.5	NM_054111.5	IP6K3	MANE Select
ENST00000253381.3	NM_054112.3	DEFB118	MANE Select
ENST00000269878.8	NM_054113.4	CIB3	MANE Select
ENST00000367066.8	NM_054114.5	TAGAP	MANE Select
ENST00000297784.10	NM_138691.3	TMC1	MANE Select
ENST00000358864.2	NM_080751.3	TMC2	MANE Select
ENST00000431365.3	NM_080864.4	RLN3	MANE Select
ENST00000612363.2	NM_001271893.4	TWIST2	MANE Select
ENST00000406610.7	NM_001302769.2	PARD3B	MANE Select
ENST00000394597.7	NM_001017368.2	RFFL	MANE Select
ENST00000322434.8	NM_058230.3	ZNF354B	MANE Select
ENST00000380097.8	NM_001003818.3	TRIM6	MANE Select
ENST00000349431.11	NM_058167.3	UBE2J2	MANE Select
ENST00000314565.9	NM_058169.6	BORCS5	MANE Select
ENST00000370103.9	NM_058170.4	OLFM3	MANE Select
ENST00000403729.7	NM_058172.6	ANTXR2	MANE Select
ENST00000308796.11	NM_058173.3	MUCL1	MANE Select
ENST00000322241.6	NM_080865.4	GPR62	MANE Select
ENST00000435634.3	NM_058219.3	EXOSC6	MANE Select
ENST00000374144.8	NM_001135196.2	C10orf71	MANE Select
ENST00000433452.6	NM_145202.5	PRAP1	MANE Select
ENST00000361518.10	NM_145806.4	ZNF511	MANE Select
ENST00000372833.6	NM_203298.3	CHCHD1	MANE Select
ENST00000299432.7	NM_001024593.2	MSS51	MANE Select
ENST00000355577.9	NM_001367801.1	CFAP70	MANE Select
ENST00000488181.3	NM_001350921.2	C10orf90	MANE Select
ENST00000260723.6	NM_144587.5	BTBD16	MANE Select
ENST00000368894.2	NM_001029888.3	FAM24A	MANE Select
ENST00000406217.8	NM_001363531.2	PSTK	MANE Select
ENST00000585316.3	NM_153034.4	ZNF488	MANE Select
ENST00000339364.10	NM_152309.3	PIK3AP1	MANE Select
ENST00000307450.11	NM_178832.4	MORN4	MANE Select
ENST00000684270.1	NM_001385875.1	ZFYVE27	MANE Select
ENST00000368808.3	NM_147191.1	MMP21	MANE Select
ENST00000372538.8	NM_144589.4	COMTD1	MANE Select
ENST00000359204.5	NM_145246.5	FRA10AC1	MANE Select
ENST00000371930.5	NM_144590.3	ANKRD22	MANE Select
ENST00000369893.10	NM_178858.6	SFXN2	MANE Select
ENST00000334464.7	NM_173791.5	PDZD8	MANE Select
ENST00000616763.6	NM_001276343.3	AGAP4	MANE Select
ENST00000339834.10	NM_001136200.2	BORCS7	MANE Select
ENST00000647634.2	NM_183058.3	LYZL2	MANE Select
ENST00000338595.7	NM_183239.2	GSTO2	MANE Select
ENST00000369727.4	NM_001002759.2	SFR1	MANE Select
ENST00000369783.4	NM_001129742.2	CALHM3	MANE Select
ENST00000368671.4	NM_152311.5	CLRN3	MANE Select
ENST00000299381.5	NM_173473.4	ANAPC16	MANE Select
ENST00000369230.4	NM_001011709.3	PNLIPRP3	MANE Select
ENST00000355697.7	NM_213649.2	SFXN4	MANE Select
ENST00000241305.4	NM_198148.3	CPXM2	MANE Select
ENST00000321522.2	NM_001005164.2	OR52E2	MANE Select
ENST00000380370.1	NM_001001916.2	OR52J3	MANE Select
ENST00000641819.1	NM_001004755.2	OR51L1	MANE Select
ENST00000641490.1	NM_001004749.2	OR51A7	MANE Select
ENST00000322101.5	NM_001004758.1	OR51S1	MANE Select
ENST00000322110.8	NM_001004753.2	OR51F2	MANE Select
ENST00000624978.1	NM_001005177.3	OR52R1	MANE Select
ENST00000334307.10	NM_138787.4	IFTAP	MANE Select
ENST00000328188.1	NM_001004703.1	OR4C46	MANE Select
ENST00000624868.2	NM_001004727.1	OR4X2	MANE Select
ENST00000309562.3	NM_001005470.1	OR4B1	MANE Select
ENST00000360213.1	NM_001004137.1	OR52M1	MANE Select
ENST00000325719.4	NM_001005172.2	OR52K2	MANE Select
ENST00000329434.3	NM_153444.1	OR5P2	MANE Select
ENST00000641167.1	NM_153445.2	OR5P3	MANE Select
ENST00000401752.6	NM_001300721.2	LARGE2	MANE Select
ENST00000326402.9	NM_152313.4	SLC36A4	MANE Select
ENST00000525166.6	NM_001367949.2	FAT3	MANE Select
ENST00000533122.4	NM_001136486.2	TRIM64	MANE Select
ENST00000281441.8	NM_138788.5	TMEM45B	MANE Select
ENST00000334636.10	NM_024514.5	CYP2R1	MANE Select
ENST00000524983.3	NM_001029865.4	DBX1	MANE Select
ENST00000610738.6	NM_001271458.2	POU2AF3	MANE Select
ENST00000280350.10	NM_138789.4	PIH1D2	MANE Select
ENST00000534921.3	NM_001395504.1	NXPE1	MANE Select
ENST00000389586.6	NM_182495.6	NXPE2	MANE Select
ENST00000356289.10	NM_001098526.2	JAML	MANE Select
ENST00000465995.6	NM_181706.5	DNAJC24	MANE Select
ENST00000282032.4	NM_152316.3	ARL14EP	MANE Select
ENST00000302124.8	NM_001003750.1	OR8I2	MANE Select
ENST00000317834.5	NM_001004684.1	OR2D3	MANE Select
ENST00000299459.3	NM_003700.1	OR2D2	MANE Select
ENST00000311352.3	NM_001005178.1	OR52W1	MANE Select
ENST00000641156.1	NM_001005179.4	OR56A4	MANE Select
ENST00000641900.1	NM_001388488.1	OR56A1	MANE Select
ENST00000534741.3	NM_001396075.1	TRIM51G	MANE Select
ENST00000550587.6	NM_001364818.2	DEPDC4	MANE Select
ENST00000298910.12	NM_198578.4	LRRK2	MANE Select
ENST00000344280.8	NM_182496.3	CCDC38	MANE Select
ENST00000543484.2	NM_001384896.1	TMEM52B	MANE Select
ENST00000327337.6	NM_001145475.3	FAM186A	MANE Select
ENST00000552951.7	NM_152318.3	NOPCHAP1	MANE Select
ENST00000641114.1	NM_001258285.2	OR2AP1	MANE Select
ENST00000309675.3	NM_206899.1	OR10P1	MANE Select
ENST00000293502.2	NM_148897.3	SDR9C7	MANE Select
ENST00000320743.8	NM_153377.5	LRIG3	MANE Select
ENST00000422113.7	NM_133448.3	TMEM132D	MANE Select
ENST00000266771.10	NM_145648.4	SLC15A4	MANE Select
ENST00000301068.11	NM_144593.3	RHEBL1	MANE Select
ENST00000548364.7	NM_152319.4	C12orf54	MANE Select
ENST00000547026.6	NM_001172681.2	ZNF641	MANE Select
ENST00000310248.4	NM_001004134.1	OR10AD1	MANE Select
ENST00000333850.4	NM_173353.4	TPH2	MANE Select
ENST00000536324.4	NM_001173467.3	SP7	MANE Select
ENST00000305879.8	NM_144594.3	GTSF1	MANE Select
ENST00000326258.1	NM_001005280.1	OR10A7	MANE Select
ENST00000305620.3	NM_175053.4	KRT74	MANE Select
ENST00000266742.9	NM_152905.4	NEDD1	MANE Select
ENST00000299157.5	NM_153687.4	IKBIP	MANE Select
ENST00000539745.2	NM_175054.2	H4C16	MANE Select
ENST00000266397.7	NM_152321.4	ERP27	MANE Select
ENST00000534526.7	NM_001370298.3	FGD4	MANE Select
ENST00000266508.14	NM_153207.5	AEBP2	MANE Select
ENST00000342331.5	NM_203436.3	ASCL4	MANE Select
ENST00000280758.10	NM_001018072.2	ABTB3	MANE Select
ENST00000551346.2	NM_152323.3	SPIC	MANE Select
ENST00000392977.8	NM_001286615.2	ANO4	MANE Select
ENST00000429722.3	NM_001145374.2	ALKBH2	MANE Select
ENST00000299162.10	NM_213596.3	FOXN4	MANE Select
ENST00000353487.7	NM_139015.5	SPPL3	MANE Select
ENST00000283547.2	NM_152324.3	TEX29	MANE Select
ENST00000379800.4	NM_145203.6	CSNK1A1L	MANE Select
ENST00000298386.7	NM_130806.5	RXFP2	MANE Select
ENST00000380473.8	NM_152325.3	TEX26	MANE Select
ENST00000418532.6	NM_001242868.2	SLAIN1	MANE Select
ENST00000377931.1	NM_198441.2	PRR20A	MANE Select
ENST00000283550.8	NM_145248.5	SPACA7	MANE Select
ENST00000409874.9	NM_153046.3	TDRD9	MANE Select
ENST00000286918.9	NM_152326.4	ANKRD9	MANE Select
ENST00000267584.9	NM_152327.5	AK7	MANE Select
ENST00000555523.6	NM_206949.3	IFI27L1	MANE Select
ENST00000325192.8	NM_001017923.2	DORIP1	MANE Select
ENST00000330149.10	NM_001079537.2	TRAPPC6B	MANE Select
ENST00000547315.6	NM_174891.4	CLBA1	MANE Select
ENST00000392593.9	NM_138790.5	PLD4	MANE Select
ENST00000330877.7	NM_152328.5	ADSS1	MANE Select
ENST00000557105.7	NM_001394190.1	RNASE11	MANE Select
ENST00000321760.11	NM_173846.5	TPPP2	MANE Select
ENST00000308227.2	NM_138331.2	RNASE8	MANE Select
ENST00000397496.7	NM_180982.3	MRPL52	MANE Select
ENST00000408907.5	NM_001099780.2	PSMB11	MANE Select
ENST00000641793.1	NM_001004712.2	OR4K14	MANE Select
ENST00000315683.1	NM_001004717.1	OR4L1	MANE Select
ENST00000315519.3	NM_001004480.1	OR11H6	MANE Select
ENST00000298288.11	NM_152329.4	LRR1	MANE Select
ENST00000359332.7	NM_172193.3	KLHDC1	MANE Select
ENST00000344768.10	NM_001267046.2	FRMD6	MANE Select
ENST00000555846.2	NM_199421.2	SOCS4	MANE Select
ENST00000556492.6	NM_001011713.3	NAA30	MANE Select
ENST00000621500.2	NM_145171.4	GPHB5	MANE Select
ENST00000380835.7	NM_001113475.3	NOXRED1	MANE Select
ENST00000651602.1	NM_001135048.2	JDP2	MANE Select
ENST00000556816.6	NM_194279.4	ISCA2	MANE Select
ENST00000326303.5	NM_152331.4	ACOT4	MANE Select
ENST00000380656.7	NM_144596.4	TTC8	MANE Select
ENST00000435962.7	NM_001128596.3	TC2N	MANE Select
ENST00000532405.6	NM_153646.4	SLC24A4	MANE Select
ENST00000359232.8	NM_001039355.3	SLC25A29	MANE Select
ENST00000305631.7	NM_206918.3	DEGS2	MANE Select
ENST00000636854.3	NM_001365790.2	KLHL33	MANE Select
ENST00000299601.10	NM_138792.4	LEO1	MANE Select
ENST00000304177.10	NM_144597.3	C15orf40	MANE Select
ENST00000340912.6	NM_145204.4	SENP8	MANE Select
ENST00000220058.9	NM_139242.4	MTFMT	MANE Select
ENST00000334287.3	NM_178859.4	SLC51B	MANE Select
ENST00000335968.8	NM_152334.3	TARS3	MANE Select
ENST00000311755.6	NM_001350932.3	HIGD2B	MANE Select
ENST00000301981.8	NM_144598.5	LRRC28	MANE Select
ENST00000388942.9	NM_152335.5	TMEM266	MANE Select
ENST00000337435.9	NM_144599.5	NIPA1	MANE Select
ENST00000614907.3	NM_001386094.1	AGBL1	MANE Select
ENST00000388988.9	NM_001013619.4	HYKK	MANE Select
ENST00000286760.5	NM_001080435.3	WHAMM	MANE Select
ENST00000334574.12	NM_001007122.4	FSD2	MANE Select
ENST00000696112.1	NM_001395548.1	PLA2G4E	MANE Select
ENST00000299578.10	NM_152337.3	C16orf46	MANE Select
ENST00000287706.8	NM_173474.4	NTAN1	MANE Select
ENST00000255759.11	NM_144600.4	CEP20	MANE Select
ENST00000378553.10	NM_178452.6	DNAAF1	MANE Select
ENST00000573854.6	NM_001308172.2	ACSM2A	MANE Select
ENST00000324344.9	NM_173475.4	DCUN1D3	MANE Select
ENST00000339176.8	NM_198443.2	NRN1L	MANE Select
ENST00000567572.6	NM_181553.4	CMTM3	MANE Select
ENST00000299191.4	NM_144602.4	C16orf78	MANE Select
ENST00000289805.10	NM_152339.4	SPATA2L	MANE Select
ENST00000579310.6	NM_001271907.2	SPATA33	MANE Select
ENST00000356120.9	NM_172167.3	NOXO1	MANE Select
ENST00000345165.10	NM_001378030.1	CCDC78	MANE Select
ENST00000695302.1	NM_153208.3	IQCK	MANE Select
ENST00000382280.8	NM_145252.3	ZG16B	MANE Select
ENST00000318782.9	NM_152341.5	PAQR4	MANE Select
ENST00000301011.10	NM_144604.4	ZC3H18	MANE Select
ENST00000570682.2	NM_001002911.4	GPR139	MANE Select
ENST00000570137.7	NM_152342.4	CDYL2	MANE Select
ENST00000304283.9	NM_133450.4	ANKS3	MANE Select
ENST00000283474.12	NM_145253.3	UBALD1	MANE Select
ENST00000268231.13	NM_144605.5	SEPTIN12	MANE Select
ENST00000316491.14	NM_001130913.2	KRABD5	MANE Select
ENST00000279396.11	NM_001083613.2	TMEM219	MANE Select
ENST00000449606.7	NM_001083614.2	EARS2	MANE Select
ENST00000330943.9	NM_182854.4	SNX20	MANE Select
ENST00000561878.2	NM_145254.3	TMEM170A	MANE Select
ENST00000341249.11	NM_001080510.5	METTL23	MANE Select
ENST00000323777.8	NM_001080439.3	HSF5	MANE Select
ENST00000545221.2	NM_001004707.4	OR4D2	MANE Select
ENST00000284073.7	NM_138962.4	MSI2	MANE Select
ENST00000374759.8	NM_001037984.3	SLC38A10	MANE Select
ENST00000392446.10	NM_001159773.2	CANT1	MANE Select
ENST00000614341.5	NM_173477.5	USH1G	MANE Select
ENST00000392621.6	NM_174892.4	CD300LB	MANE Select
ENST00000389916.5	NM_153209.4	KIF19	MANE Select
ENST00000348931.9	NM_199321.3	ZPBP2	MANE Select
ENST00000332439.5	NM_144607.6	CYB5D1	MANE Select
ENST00000572195.3	NM_080822.3	OVCA2	MANE Select
ENST00000285199.12	NM_153210.5	USP43	MANE Select
ENST00000396267.3	NM_001304947.3	KRABD2	MANE Select
ENST00000269127.5	NM_181707.3	CHCT1	MANE Select
ENST00000331780.5	NM_152343.3	SPATA32	MANE Select
ENST00000589230.6	NM_001303441.2	HEXIM2	MANE Select
ENST00000293406.8	NM_001371445.1	LSM12	MANE Select
ENST00000315286.13	NM_144609.3	CCDC43	MANE Select
ENST00000588408.6	NM_173478.3	CNTD1	MANE Select
ENST00000631683.2	NM_001304438.2	TMEM132E	MANE Select
ENST00000311378.5	NM_175575.6	WFIKKN2	MANE Select
ENST00000393354.7	NM_001159387.2	B4GALNT2	MANE Select
ENST00000269053.8	NM_173847.5	SPACA3	MANE Select
ENST00000301037.11	NM_001174103.2	RSKR	MANE Select
ENST00000317338.17	NM_178860.5	SEZ6	MANE Select
ENST00000394859.8	NM_152345.5	ANKRD13B	MANE Select
ENST00000301335.10	NM_152346.3	SLC43A2	MANE Select
ENST00000301391.8	NM_144611.4	CYB5D2	MANE Select
ENST00000439424.6	NM_174893.4	BACC1	MANE Select
ENST00000318833.4	NM_153018.3	ZFP3	MANE Select
ENST00000381550.8	NM_001288702.2	GGT6	MANE Select
ENST00000329078.8	NM_001124758.3	SPNS2	MANE Select
ENST00000331493.7	NM_152347.5	EFCAB13	MANE Select
ENST00000351111.7	NM_145255.4	MRPL10	MANE Select
ENST00000409644.6	NM_001163809.2	WDR81	MANE Select
ENST00000310924.7	NM_019020.4	TBC1D16	MANE Select
ENST00000409257.10	NM_001010982.5	AFMID	MANE Select
ENST00000578689.2	NM_152219.4	GJD3	MANE Select
ENST00000394052.5	NM_152349.3	KRT222	MANE Select
ENST00000377755.9	NM_001389244.1	KRT40	MANE Select
ENST00000399277.6	NM_001042697.2	ZSWIM7	MANE Select
ENST00000323019.9	NM_139162.4	MIEF2	MANE Select
ENST00000395645.4	NM_001042450.4	SLC5A10	MANE Select
ENST00000651643.1	NM_152352.4	FAM210A	MANE Select
ENST00000642948.1	NM_001384474.1	LOXHD1	MANE Select
ENST00000334598.12	NM_194281.4	INO80C	MANE Select
ENST00000317571.8	NM_001135993.2	TTC39C	MANE Select
ENST00000343998.8	NM_001044369.3	DIPK1C	MANE Select
ENST00000291715.5	NM_152353.3	CLDND2	MANE Select
ENST00000444460.7	NM_001202457.3	ZNF816	MANE Select
ENST00000321545.5	NM_213598.4	ZNF543	MANE Select
ENST00000614924.5	NM_001102597.3	CEACAM20	MANE Select
ENST00000617231.5	NM_133452.3	RAVER1	MANE Select
ENST00000641669.1	NM_001005191.3	OR7D4	MANE Select
ENST00000541538.1	NM_001005192.2	OR7G1	MANE Select
ENST00000641627.1	NM_001004456.2	OR1M1	MANE Select
ENST00000326529.9	NM_144613.5	COX6B2	MANE Select
ENST00000269881.8	NM_145046.5	CALR3	MANE Select
ENST00000301452.5	NM_133492.3	ACER1	MANE Select
ENST00000309324.9	NM_205767.3	MICOS13	MANE Select
ENST00000381393.3	NM_144614.4	MBD3L2	MANE Select
ENST00000596148.3	NM_001042462.2	TRAPPC5	MANE Select
ENST00000311069.6	NM_174895.3	PCP2	MANE Select
ENST00000358375.9	NM_133169.6	OSCAR	MANE Select
ENST00000396403.9	NM_001004301.4	ZNF813	MANE Select
ENST00000357901.5	NM_152355.3	ZNF441	MANE Select
ENST00000323169.10	NM_152356.4	ZNF491	MANE Select
ENST00000304060.10	NM_152357.3	ZNF440	MANE Select
ENST00000674460.1	NM_175871.4	SWSAP1	MANE Select
ENST00000458408.6	NM_001080503.3	CCDC159	MANE Select
ENST00000598418.6	NM_001270639.2	JOSD2	MANE Select
ENST00000293405.8	NM_152358.3	IZUMO2	MANE Select
ENST00000598293.6	NM_001199753.2	CPT1C	MANE Select
ENST00000293350.9	NM_153329.4	ALDH16A1	MANE Select
ENST00000270235.11	NM_145807.4	NTN5	MANE Select
ENST00000342929.4	NM_176810.2	NLRP13	MANE Select
ENST00000850972.1	NM_001433706.1	NLRP8	MANE Select
ENST00000850973.1	NM_001433705.1	NLRP5	MANE Select
ENST00000610935.2	NM_001002836.4	ZNF787	MANE Select
ENST00000536220.7	NM_001172690.2	ZNF573	MANE Select
ENST00000355868.4	NM_173479.4	WDR88	MANE Select
ENST00000595645.6	NM_001169126.2	TMIGD2	MANE Select
ENST00000326282.5	NM_152361.3	EID2B	MANE Select
ENST00000327473.9	NM_152362.3	TNFAIP8L1	MANE Select
ENST00000306908.10	NM_173480.3	ZNF57	MANE Select
ENST00000422989.6	NM_001007561.3	IRGQ	MANE Select
ENST00000300811.8	NM_182498.4	ZNF428	MANE Select
ENST00000300961.10	NM_144616.4	JSRP1	MANE Select
ENST00000357066.8	NM_130807.3	MOB3A	MANE Select
ENST00000355415.7	NM_174983.5	MFSD12	MANE Select
ENST00000644452.3	NM_133261.3	GIPC3	MANE Select
ENST00000308961.5	NM_175614.5	NDUFA11	MANE Select
ENST00000215582.8	NM_173481.4	MISP	MANE Select
ENST00000339007.4	NM_145256.3	LRRC25	MANE Select
ENST00000641398.1	NM_001004713.2	OR1I1	MANE Select
ENST00000590071.7	NM_001080436.2	WTIP	MANE Select
ENST00000404801.2	NM_175872.5	ZNF792	MANE Select
ENST00000331552.12	NM_176880.6	NR2C2AP	MANE Select
ENST00000004982.6	NM_144617.3	HSPB6	MANE Select
ENST00000292574.4	NM_173482.3	TEKTL1	MANE Select
ENST00000269703.8	NM_173483.4	CYP4F22	MANE Select
ENST00000591812.2	NM_001195833.2	RINL	MANE Select
ENST00000292853.9	NM_178820.5	FBXO27	MANE Select
ENST00000454744.7	NM_001243079.2	PLK5	MANE Select
ENST00000683109.1	NM_001256441.2	C19orf47	MANE Select
ENST00000322107.1	NM_001004465.1	OR10H4	MANE Select
ENST00000404085.7	NM_152363.6	ANKLE1	MANE Select
ENST00000332235.8	NM_001136263.2	C2CD4C	MANE Select
ENST00000368918.8	NM_144618.3	GABPB2	MANE Select
ENST00000368806.2	NM_001008536.2	TCHHL1	MANE Select
ENST00000316073.3	NM_001122965.1	RPTN	MANE Select
ENST00000629482.3	NM_001102601.3	CCDC163	MANE Select
ENST00000368482.8	NM_182499.4	TDRD10	MANE Select
ENST00000304760.3	NM_001010846.3	SHE	MANE Select
ENST00000320567.6	NM_152365.3	KDF1	MANE Select
ENST00000284617.7	NM_145257.5	CCSAP	MANE Select
ENST00000376085.4	NM_001010847.2	LRRC38	MANE Select
ENST00000359318.8	NM_001103170.3	AADACL3	MANE Select
ENST00000379031.10	NM_153339.3	PUSL1	MANE Select
ENST00000379198.5	NM_080605.4	B3GALT6	MANE Select
ENST00000294664.11	NM_145172.5	DNAI3	MANE Select
ENST00000368011.9	NM_152366.5	KLHDC9	MANE Select
ENST00000367618.8	NM_144696.6	AXDND1	MANE Select
ENST00000369500.4	NM_152367.3	MAB21L3	MANE Select
ENST00000455833.7	NM_001136265.2	IFFO2	MANE Select
ENST00000369158.2	NM_021059.3	H3C14	MANE Select
ENST00000271227.11	NM_001114106.3	SLC44A3	MANE Select
ENST00000683729.1	NM_001350175.2	ATXN7L2	MANE Select
ENST00000369948.8	NM_001245025.3	CFAP276	MANE Select
ENST00000366928.10	NM_138794.5	LYPLAL1	MANE Select
ENST00000366476.1	NM_001004690.1	OR2M5	MANE Select
ENST00000641626.1	NM_001004689.2	OR2M3	MANE Select
ENST00000641276.1	NM_001004692.2	OR2T12	MANE Select
ENST00000317861.1	NM_001001918.1	OR14C36	MANE Select
ENST00000328782.3	NM_001001821.1	OR2T34	MANE Select
ENST00000642090.1	NM_001004693.2	OR2T10	MANE Select
ENST00000366473.4	NM_001004696.2	OR2T4	MANE Select
ENST00000641193.1	NM_001001964.2	OR2T11	MANE Select
ENST00000367382.6	NM_001376861.1	ATP6V1G3	MANE Select
ENST00000284142.7	NM_080868.3	ASB17	MANE Select
ENST00000370867.8	NM_138467.3	TYW3	MANE Select
ENST00000326665.10	NM_001002912.5	ERICH3	MANE Select
ENST00000354431.9	NM_001105659.2	LRRIQ3	MANE Select
ENST00000378344.7	NM_182752.4	TPRG1L	MANE Select
ENST00000419916.8	NM_152371.5	PRXL2B	MANE Select
ENST00000374434.4	NM_152372.4	MYOM3	MANE Select
ENST00000360032.4	NM_172225.2	DMBX1	MANE Select
ENST00000334857.3	NM_001004469.1	OR10J5	MANE Select
ENST00000372766.4	NM_001008740.4	TMCO2	MANE Select
ENST00000372699.8	NM_152373.4	ZNF684	MANE Select
ENST00000234827.6	NM_153035.3	TCEANC2	MANE Select
ENST00000312553.10	NM_153703.5	PODN	MANE Select
ENST00000370137.6	NM_144620.4	LRRC39	MANE Select
ENST00000339480.3	NM_153212.3	GJB4	MANE Select
ENST00000681531.1	NM_001379301.1	HMGB4	MANE Select
ENST00000235150.5	NM_001300826.2	RNF19B	MANE Select
ENST00000442999.3	NM_001080438.1	A3GALT2	MANE Select
ENST00000368424.4	NM_144622.3	DCST2	MANE Select
ENST00000682510.1	NM_001367479.1	DNAH14	MANE Select
ENST00000318244.4	NM_001355235.2	OR2AJ1	MANE Select
ENST00000641545.1	NM_001396106.1	OR14L1	MANE Select
ENST00000641149.2	NM_001004492.2	OR2B11	MANE Select
ENST00000339948.3	NM_001009992.1	ZNF648	MANE Select
ENST00000367565.2	NM_172000.4	TEDDM1	MANE Select
ENST00000373042.5	NM_198446.3	C1orf122	MANE Select
ENST00000235532.9	NM_145047.5	OSCP1	MANE Select
ENST00000270815.5	NM_152374.2	C1orf216	MANE Select
ENST00000400664.3	NM_152375.3	KLHDC7A	MANE Select
ENST00000289815.13	NM_001039500.3	VWA5B1	MANE Select
ENST00000375099.4	NM_152376.5	UBXN10	MANE Select
ENST00000371201.3	NM_152377.3	C1orf87	MANE Select
ENST00000272217.7	NM_138795.4	ARL8A	MANE Select
ENST00000367268.5	NM_177402.5	SYT2	MANE Select
ENST00000308302.4	NM_198447.2	GOLT1A	MANE Select
ENST00000489294.2	NM_175866.5	UHMK1	MANE Select
ENST00000367948.7	NM_001002901.4	FCRLB	MANE Select
ENST00000437684.7	NM_001367482.1	WDR64	MANE Select
ENST00000366649.7	NM_152379.4	FSAF1	MANE Select
ENST00000604000.4	NM_153713.3	LIX1L	MANE Select
ENST00000366933.5	NM_138796.4	SPATA17	MANE Select
ENST00000334232.9	NM_145861.4	EDARADD	MANE Select
ENST00000372299.4	NM_173484.4	KLF17	MANE Select
ENST00000439858.6	NM_144626.3	TMEM125	MANE Select
ENST00000368254.6	NM_001304817.2	TSACC	MANE Select
ENST00000361170.7	NM_178229.5	IQGAP3	MANE Select
ENST00000368235.8	NM_144772.3	NAXE	MANE Select
ENST00000270747.8	NM_153213.5	ARHGEF19	MANE Select
ENST00000336520.8	NM_181463.3	MRPL55	MANE Select
ENST00000693095.1	NM_175055.3	H2BC26	MANE Select
ENST00000484310.6	NM_001349884.2	DRAM2	MANE Select
ENST00000369738.9	NM_181643.6	CIMAP3	MANE Select
ENST00000369718.4	NM_001300834.2	C1orf162	MANE Select
ENST00000334438.1	NM_001004475.1	OR10T2	MANE Select
ENST00000641540.1	NM_001160325.2	OR6P1	MANE Select
ENST00000623167.1	NM_001004477.1	OR10X1	MANE Select
ENST00000641002.1	NM_001004478.2	OR10Z1	MANE Select
ENST00000641861.1	NM_001005184.2	OR6K6	MANE Select
ENST00000641846.1	NM_001005185.2	OR6N1	MANE Select
ENST00000366974.9	NM_001042552.3	TATDN3	MANE Select
ENST00000612929.2	NM_080606.4	BHLHE23	MANE Select
ENST00000370316.8	NM_152864.4	NKAIN4	MANE Select
ENST00000373461.9	NM_080607.3	VSTM2L	MANE Select
ENST00000396825.4	NM_001080472.4	FITM2	MANE Select
ENST00000372785.3	NM_080869.2	WFDC12	MANE Select
ENST00000372519.4	NM_080608.4	SPATA25	MANE Select
ENST00000279028.3	NM_080721.3	OCSTAMP	MANE Select
ENST00000371497.10	NM_173485.6	TSHZ2	MANE Select
ENST00000371168.4	NM_178456.3	CIMIP1	MANE Select
ENST00000371030.4	NM_178457.3	ZNF831	MANE Select
ENST00000354200.5	NM_144628.4	TBC1D20	MANE Select
ENST00000381623.4	NM_178460.3	SIRPD	MANE Select
ENST00000603872.2	NM_001256538.2	C20orf141	MANE Select
ENST00000678254.1	NM_144773.4	PROKR2	MANE Select
ENST00000334534.10	NM_001009608.3	SLX4IP	MANE Select
ENST00000347397.5	NM_138283.1	CSTL1	MANE Select
ENST00000376979.4	NM_080610.3	CST9L	MANE Select
ENST00000376971.4	NM_001008693.3	CST9	MANE Select
ENST00000339738.10	NM_080611.5	DUSP15	MANE Select
ENST00000349552.1	NM_174897.2	BPIFB6	MANE Select
ENST00000375454.8	NM_178466.5	BPIFA3	MANE Select
ENST00000375222.4	NM_080825.4	C20orf144	MANE Select
ENST00000217402.3	NM_176812.5	CHMP4B	MANE Select
ENST00000217446.8	NM_080476.5	PIGU	MANE Select
ENST00000374408.4	NM_178468.6	FAM83C	MANE Select
ENST00000400588.5	NM_001037814.1	GAB4	MANE Select
ENST00000399562.9	NM_173793.5	C22orf39	MANE Select
ENST00000327374.9	NM_152906.7	TANGO2	MANE Select
ENST00000302097.3	NM_080740.5	ZNF280A	MANE Select
ENST00000400358.9	NM_001098497.3	SGSM1	MANE Select
ENST00000334018.11	NM_133455.4	EMID1	MANE Select
ENST00000215941.9	NM_138797.4	ANKRD54	MANE Select
ENST00000294952.13	NM_001135629.3	PPP1R21	MANE Select
ENST00000409520.7	NM_001277053.2	TRABD2A	MANE Select
ENST00000334462.10	NM_001031738.3	TMEM150A	MANE Select
ENST00000295119.9	NM_138285.5	NUP35	MANE Select
ENST00000409195.6	NM_152381.6	XIRP2	MANE Select
ENST00000354611.9	NM_001039693.3	TYW5	MANE Select
ENST00000376865.1	NM_001011717.1	NMS	MANE Select
ENST00000308528.9	NM_174898.3	LYG1	MANE Select
ENST00000289359.6	NM_138798.3	MITD1	MANE Select
ENST00000325385.12	NM_152383.5	DIS3L2	MANE Select
ENST00000256722.10	NM_207315.4	CMPK2	MANE Select
ENST00000305997.8	NM_138799.4	MBOAT2	MANE Select
ENST00000682447.1	NM_001367498.1	CNTNAP5	MANE Select
ENST00000372977.8	NM_138572.3	TAF8	MANE Select
ENST00000281017.8	NM_152834.4	TMEM18	MANE Select
ENST00000331203.7	NM_153214.3	FBLN7	MANE Select
ENST00000407683.6	NM_001167600.3	NEU4	MANE Select
ENST00000286070.10	NM_152945.4	RBM45	MANE Select
ENST00000398634.7	NM_001100396.2	CIMIP6	MANE Select
ENST00000272395.3	NM_138800.3	TRIM43	MANE Select
ENST00000295240.8	NM_152384.3	BBS5	MANE Select
ENST00000447353.6	NM_001085447.2	CFAP210	MANE Select
ENST00000356140.10	NM_138326.3	ACMSD	MANE Select
ENST00000358299.7	NM_001288622.3	ICA1L	MANE Select
ENST00000389915.4	NM_001009993.4	FAM168B	MANE Select
ENST00000641559.1	NM_001001656.3	OR9A4	MANE Select
ENST00000288861.5	NM_001029881.3	CIB4	MANE Select
ENST00000272324.10	NM_001008387.3	REG3G	MANE Select
ENST00000295049.9	NM_144629.3	RFTN2	MANE Select
ENST00000401408.6	NM_152385.4	CLHC1	MANE Select
ENST00000282406.9	NM_172069.4	PLEKHH2	MANE Select
ENST00000396654.7	NM_001039569.2	AP1S3	MANE Select
ENST00000334816.12	NM_001322331.2	C2orf76	MANE Select
ENST00000321276.8	NM_152386.4	SGPP2	MANE Select
ENST00000243349.13	NM_145259.3	ACVR1C	MANE Select
ENST00000272223.3	NM_145260.3	OSR1	MANE Select
ENST00000333610.4	NM_001008237.3	TTC32	MANE Select
ENST00000272793.11	NM_172070.4	UBR3	MANE Select
ENST00000359878.8	NM_152387.4	KCTD18	MANE Select
ENST00000392257.8	NM_001127391.3	FLACC1	MANE Select
ENST00000323703.11	NM_144631.6	ZNF513	MANE Select
ENST00000433428.7	NM_139073.5	SPATA3	MANE Select
ENST00000334166.9	NM_194317.5	LYPD6	MANE Select
ENST00000409642.8	NM_177964.5	LYPD6B	MANE Select
ENST00000272252.10	NM_138801.3	GALM	MANE Select
ENST00000373883.4	NM_001005209.3	TMEM198	MANE Select
ENST00000289528.10	NM_138802.3	ZFAND2B	MANE Select
ENST00000281961.3	NM_152390.3	TMEM178A	MANE Select
ENST00000272852.4	NM_173077.3	CPO	MANE Select
ENST00000374412.8	NM_001039845.3	MDH1B	MANE Select
ENST00000381585.8	NM_001371321.1	CIMIP5	MANE Select
ENST00000295083.8	NM_152391.5	SLC66A3	MANE Select
ENST00000412401.3	NM_144632.5	TMEM182	MANE Select
ENST00000283946.8	NM_174899.5	FBXO36	MANE Select
ENST00000391980.7	NM_182501.4	MTERF4	MANE Select
ENST00000283233.10	NM_138803.4	CCDC148	MANE Select
ENST00000421985.2	NM_001321739.2	M1AP	MANE Select
ENST00000429747.6	NM_130808.3	CPNE4	MANE Select
ENST00000291458.9	NM_001017928.4	MIX23	MANE Select
ENST00000328405.7	NM_144633.3	KCNH8	MANE Select
ENST00000382564.8	NM_145261.4	DNAJC19	MANE Select
ENST00000327928.4	NM_001080440.1	OTOL1	MANE Select
ENST00000358781.7	NM_138805.3	FAM3D	MANE Select
ENST00000466937.2	NM_001329788.2	ZPLD1	MANE Select
ENST00000287748.8	NM_144634.4	LYZL4	MANE Select
ENST00000287777.5	NM_152393.4	KLHL40	MANE Select
ENST00000383763.6	NM_001039111.3	TRIM71	MANE Select
ENST00000383847.7	NM_144635.5	FAM131A	MANE Select
ENST00000308611.8	NM_138806.4	CD200R1	MANE Select
ENST00000396914.4	NM_001098502.2	CHCHD4	MANE Select
ENST00000296326.8	NM_001039617.2	ZDHHC19	MANE Select
ENST00000389622.7	NM_153605.4	CRYBG3	MANE Select
ENST00000326840.11	NM_080927.4	DCBLD2	MANE Select
ENST00000347624.4	NM_130830.5	LRRC15	MANE Select
ENST00000329759.6	NM_153690.5	FAM43A	MANE Select
ENST00000355552.8	NM_001136053.4	TPRA1	MANE Select
ENST00000302392.5	NM_144638.3	TMEM42	MANE Select
ENST00000290868.7	NM_144639.3	UROC1	MANE Select
ENST00000295910.11	NM_152394.5	ERICH6	MANE Select
ENST00000521288.2	NM_152395.3	NUDT16	MANE Select
ENST00000358511.11	NM_001102608.3	COL6A6	MANE Select
ENST00000682958.1	NM_139209.3	GRK7	MANE Select
ENST00000354905.3	NM_207316.3	TMEM207	MANE Select
ENST00000383790.8	NM_152396.4	METTL6	MANE Select
ENST00000455809.6	NM_001284401.2	TAMM41	MANE Select
ENST00000383814.8	NM_153480.2	IL17RE	MANE Select
ENST00000312295.5	NM_153708.3	RTP1	MANE Select
ENST00000310914.10	NM_152397.3	IQCF1	MANE Select
ENST00000436784.7	NM_145262.4	GLYCTK	MANE Select
ENST00000323588.9	NM_144641.4	PPM1M	MANE Select
ENST00000295896.13	NM_001355236.2	C3orf49	MANE Select
ENST00000343837.8	NM_001080537.2	SNTN	MANE Select
ENST00000478300.6	NM_001130003.2	SYNPR	MANE Select
ENST00000316436.4	NM_153215.3	LSMEM2	MANE Select
ENST00000324382.7	NM_153833.3	H1-8	MANE Select
ENST00000508632.6	NM_001014446.3	OCIAD2	MANE Select
ENST00000281142.10	NM_144643.4	SCLT1	MANE Select
ENST00000425929.6	NM_001099783.2	C4orf33	MANE Select
ENST00000643802.2	NM_001384332.1	SMIM43	MANE Select
ENST00000421491.4	NM_001114734.2	PABPC4L	MANE Select
ENST00000296513.7	NM_139243.4	ADAD1	MANE Select
ENST00000326866.5	NM_174900.5	ZFP42	MANE Select
ENST00000340417.8	NM_194282.4	LIN54	MANE Select
ENST00000295213.9	NM_145263.4	SPATA18	MANE Select
ENST00000309733.6	NM_152400.3	FAM241A	MANE Select
ENST00000332644.6	NM_182502.3	TMPRSS11B	MANE Select
ENST00000295448.8	NM_138335.3	GNPDA2	MANE Select
ENST00000280191.7	NM_144644.4	SPATA4	MANE Select
ENST00000538197.7	NM_001177382.2	CPEB2	MANE Select
ENST00000344408.10	NM_147127.5	EVC2	MANE Select
ENST00000640821.3	NM_001363794.2	ARL9	MANE Select
ENST00000205214.11	NM_181806.4	AASDH	MANE Select
ENST00000295645.9	NM_152401.3	PDCL2	MANE Select
ENST00000295898.8	NM_144645.4	C4orf36	MANE Select
ENST00000503585.6	NM_001258345.3	PACRGL	MANE Select
ENST00000310754.5	NM_152402.3	TRAM1L1	MANE Select
ENST00000296358.5	NM_177998.3	OTOP1	MANE Select
ENST00000296741.7	NM_153343.4	ENPP6	MANE Select
ENST00000394785.9	NM_178833.7	SLC9B2	MANE Select
ENST00000285947.5	NM_153706.4	SETD9	MANE Select
ENST00000652347.2	NM_139017.7	IL31RA	MANE Select
ENST00000303221.10	NM_198449.3	EMB	MANE Select
ENST00000506729.6	NM_173488.5	SLCO6A1	MANE Select
ENST00000340147.7	NM_001144954.2	C5orf47	MANE Select
ENST00000309241.10	NM_133263.4	PPARGC1B	MANE Select
ENST00000399564.5	NM_173489.5	MROH2B	MANE Select
ENST00000322350.10	NM_152403.4	EGFLAM	MANE Select
ENST00000296666.13	NM_130809.5	PRRC1	MANE Select
ENST00000381937.9	NM_001085411.3	NADK2	MANE Select
ENST00000274278.8	NM_152404.4	UGT3A1	MANE Select
ENST00000651391.1	NM_001042625.2	CAPSL	MANE Select
ENST00000396137.5	NM_152405.5	JMY	MANE Select
ENST00000593851.5	NM_001102609.3	C5orf58	MANE Select
ENST00000296600.5	NM_207317.3	ZNF474	MANE Select
ENST00000296824.4	NM_145265.3	CCDC127	MANE Select
ENST00000307832.3	NM_001001657.1	OR2Y1	MANE Select
ENST00000399816.4	NM_001145161.3	UBE2QL1	MANE Select
ENST00000399810.7	NM_001089584.3	CFAP90	MANE Select
ENST00000511437.6	NM_199133.4	ATPSCKMT	MANE Select
ENST00000296658.4	NM_138809.4	CMBL	MANE Select
ENST00000606183.4	NM_153216.2	POU5F2	MANE Select
ENST00000648817.1	NM_001012339.3	DNAJC21	MANE Select
ENST00000296721.9	NM_152406.4	AFAP1L1	MANE Select
ENST00000329271.8	NM_152407.4	GRPEL2	MANE Select
ENST00000454765.7	NM_173490.8	TMEM171	MANE Select
ENST00000296776.6	NM_153217.3	TMEM174	MANE Select
ENST00000286307.6	NM_173491.4	LSM11	MANE Select
ENST00000428202.7	NM_001099271.2	POC5	MANE Select
ENST00000311104.3	NM_194251.3	GPR151	MANE Select
ENST00000296632.8	NM_139164.3	STARD4	MANE Select
ENST00000513710.4	NM_139281.3	WDR36	MANE Select
ENST00000302764.9	NM_145266.6	NUDCD2	MANE Select
ENST00000296786.8	NM_145049.5	UBLCP1	MANE Select
ENST00000307624.8	NM_130767.3	ACOT12	MANE Select
ENST00000378693.4	NM_175873.6	SOWAHA	MANE Select
ENST00000378679.8	NM_001172700.2	SHROOM1	MANE Select
ENST00000394976.4	NM_001135586.1	C5orf24	MANE Select
ENST00000237283.9	NM_182503.3	ADAT2	MANE Select
ENST00000369689.6	NM_001009994.3	RIPPLY2	MANE Select
ENST00000369940.7	NM_001010844.4	IRAK1BP1	MANE Select
ENST00000275162.10	NM_001010852.4	CLVS2	MANE Select
ENST00000434551.3	NM_175057.4	TAAR9	MANE Select
ENST00000275216.3	NM_138327.4	TAAR1	MANE Select
ENST00000321680.11	NM_001127715.4	STXBP5	MANE Select
ENST00000392477.7	NM_181782.5	NCOA7	MANE Select
ENST00000229633.7	NM_138571.5	HINT3	MANE Select
ENST00000366888.7	NM_001080379.2	PACRG	MANE Select
ENST00000230053.11	NM_080742.3	B3GAT2	MANE Select
ENST00000370474.4	NM_145267.3	SDHAF4	MANE Select
ENST00000287097.6	NM_133493.5	CD109	MANE Select
ENST00000357183.9	NM_001394057.1	RAET1E	MANE Select
ENST00000275072.5	NM_001010853.3	PM20D2	MANE Select
ENST00000452027.3	NM_080743.5	SRSF12	MANE Select
ENST00000529246.4	NM_001145652.2	C6orf141	MANE Select
ENST00000380907.3	NM_148959.4	HUS1B	MANE Select
ENST00000396581.6	NM_001286633.2	TRIM40	MANE Select
ENST00000462446.6	NM_080870.4	MUCL3	MANE Select
ENST00000320531.3	NM_182504.4	TMEM270	MANE Select
ENST00000333149.7	NM_178125.3	TRIM50	MANE Select
ENST00000350513.3	NM_001001658.1	OR9A2	MANE Select
ENST00000409607.5	NM_001382496.1	LLCFC1	MANE Select
ENST00000359333.8	NM_001282876.2	TMEM139	MANE Select
ENST00000645489.3	NM_001436401.1	NOBOX	MANE Select
ENST00000641068.1	NM_001001659.3	OR2A14	MANE Select
ENST00000641698.1	NM_001005281.3	OR6B1	MANE Select
ENST00000408955.3	NM_001004685.1	OR2F2	MANE Select
ENST00000491431.2	NM_152411.4	ZNF786	MANE Select
ENST00000473520.2	NM_001414004.1	SSU72L6	MANE Select
ENST00000313669.12	NM_001278563.3	COL26A1	MANE Select
ENST00000350549.8	NM_001008270.3	PRSS37	MANE Select
ENST00000583337.4	NM_138693.4	KLF14	MANE Select
ENST00000297819.4	NM_145268.4	SSMEM1	MANE Select
ENST00000348904.4	NM_001100159.3	C7orf57	MANE Select
ENST00000674285.1	NM_001139456.2	SVOPL	MANE Select
ENST00000393085.4	NM_145808.4	MTPN	MANE Select
ENST00000285928.3	NM_144648.3	LRGUK	MANE Select
ENST00000420175.3	NM_001142459.2	ASB10	MANE Select
ENST00000547058.6	NM_001001317.5	PRSS58	MANE Select
ENST00000306984.8	NM_138701.4	MPLKIP	MANE Select
ENST00000275560.4	NM_080744.2	SSC4D	MANE Select
ENST00000283905.8	NM_138811.4	SPMIP4	MANE Select
ENST00000284629.7	NM_130768.3	ASZ1	MANE Select
ENST00000519106.2	NM_194284.3	CLDN23	MANE Select
ENST00000319286.6	NM_152412.3	ZNF572	MANE Select
ENST00000307599.5	NM_152413.3	GOT1L1	MANE Select
ENST00000518322.6	NM_145269.5	CIBAR1	MANE Select
ENST00000324849.9	NM_152415.3	VPS37A	MANE Select
ENST00000396124.9	NM_152416.4	NDUFAF6	MANE Select
ENST00000434581.7	NM_001286657.2	TMEM68	MANE Select
ENST00000311955.4	NM_139166.5	ABRA	MANE Select
ENST00000359228.4	NM_205545.3	LYPD2	MANE Select
ENST00000325017.4	NM_001136271.3	NKX2-6	MANE Select
ENST00000677595.1	NM_001382403.1	TMEM71	MANE Select
ENST00000382080.6	NM_139167.4	SGCZ	MANE Select
ENST00000396623.8	NM_144650.3	ADHFE1	MANE Select
ENST00000399598.7	NM_001077619.2	UBXN2B	MANE Select
ENST00000356297.5	NM_144651.5	PXDNL	MANE Select
ENST00000396987.7	NM_178819.4	GPAT4	MANE Select
ENST00000404895.7	NM_080872.4	UNC5D	MANE Select
ENST00000379957.9	NM_001286819.2	LETM2	MANE Select
ENST00000319675.5	NM_152418.4	DCAF4L2	MANE Select
ENST00000521268.6	NM_173848.7	RALYL	MANE Select
ENST00000379644.9	NM_152419.3	HGSNAT	MANE Select
ENST00000489339.2	NM_001371237.1	RNF183	MANE Select
ENST00000277554.4	NM_144653.5	NACC2	MANE Select
ENST00000429260.7	NM_001048265.2	PIERCE1	MANE Select
ENST00000376834.8	NM_152420.3	CARNMT1	MANE Select
ENST00000651200.2	NM_001128618.2	C9orf57	MANE Select
ENST00000334731.7	NM_182505.5	C9orf85	MANE Select
ENST00000377197.8	NM_001010940.3	CFAP95	MANE Select
ENST00000371688.8	NM_178469.4	LCN8	MANE Select
ENST00000371692.9	NM_152421.4	DIPK1B	MANE Select
ENST00000543175.5	NM_001002913.3	PTRH1	MANE Select
ENST00000388747.9	NM_001135219.2	PIP5KL1	MANE Select
ENST00000242310.4	NM_153809.2	TAF1L	MANE Select
ENST00000620992.5	NM_001253829.2	PTPDC1	MANE Select
ENST00000378909.4	NM_001017363.4	ARID3C	MANE Select
ENST00000378959.9	NM_148178.3	RPP25L	MANE Select
ENST00000312292.6	NM_203299.4	SPATA31G1	MANE Select
ENST00000374779.3	NM_001004482.1	OR13C5	MANE Select
ENST00000335040.1	NM_001004483.1	OR13C8	MANE Select
ENST00000641090.1	NM_001001961.3	OR13C3	MANE Select
ENST00000277216.3	NM_001001919.1	OR13C4	MANE Select
ENST00000334726.3	NM_001004485.1	OR13F1	MANE Select
ENST00000641027.1	NM_001004454.2	OR1L8	MANE Select
ENST00000373688.3	NM_001004457.2	OR1N2	MANE Select
ENST00000304880.2	NM_012363.1	OR1N1	MANE Select
ENST00000356928.2	NM_001184749.3	SLITRK4	MANE Select
ENST00000370503.2	NM_001009609.4	SPANXN3	MANE Select
ENST00000298296.1	NM_138702.1	MAGEC3	MANE Select
ENST00000380033.9	NM_153346.5	BEND2	MANE Select
ENST00000370357.5	NM_173493.3	PASD1	MANE Select
ENST00000371126.3	NM_178470.5	DCAF12L1	MANE Select
ENST00000611977.2	NM_001013742.4	DGKK	MANE Select
ENST00000372453.8	NM_173494.2	DNAAF6	MANE Select
ENST00000357175.6	NM_001171020.2	PWWP3B	MANE Select
ENST00000493442.2	NM_207318.4	FAM199X	MANE Select
ENST00000374869.8	NM_152424.4	AMER1	MANE Select
ENST00000373173.7	NM_198450.6	APOOL	MANE Select
ENST00000373177.3	NM_001177479.2	HDX	MANE Select
ENST00000378045.5	NM_173794.4	FUNDC1	MANE Select
ENST00000394143.6	NM_153834.4	ADGRG4	MANE Select
ENST00000379361.5	NM_173495.3	PTCHD1	MANE Select
ENST00000412172.4	NM_207319.4	PPP4R3C	MANE Select
ENST00000356790.2	NM_182506.3	MAGEB10	MANE Select
ENST00000441525.4	NM_001017930.2	DCAF8L1	MANE Select
ENST00000338352.3	NM_207320.3	OTUD6A	MANE Select
ENST00000373383.9	NM_145052.4	UPRT	MANE Select
ENST00000373359.4	NM_138703.5	MAGEE2	MANE Select
ENST00000399988.6	NM_001370158.1	MAGEB16	MANE Select
ENST00000339140.5	NM_198451.4	FOXR2	MANE Select
ENST00000424127.3	NM_001081573.3	GAB3	MANE Select
ENST00000340888.8	NM_001366977.1	PNCK	MANE Select
ENST00000338647.7	NM_001136273.2	ZFP92	MANE Select
ENST00000371124.5	NM_138289.4	ACTRT1	MANE Select
ENST00000682440.1	NM_178471.3	GPR119	MANE Select
ENST00000374951.6	NM_001017931.3	PAGE3	MANE Select
ENST00000424776.5	NM_001145346.2	RBMXL3	MANE Select
ENST00000276202.9	NM_144658.4	DOCK11	MANE Select
ENST00000374884.3	NM_001012968.3	SPIN4	MANE Select
ENST00000629237.2	NM_001039567.3	RPS4Y2	MANE Select
ENST00000355459.4	NM_181599.3	KRTAP13-1	MANE Select
ENST00000300258.8	NM_144659.7	TCP10L	MANE Select
ENST00000267291.7	NM_178861.5	RNF113B	MANE Select
ENST00000306151.9	NM_001040105.2	MUC17	MANE Select
ENST00000480796.6	NM_080873.3	ASB11	MANE Select
ENST00000296525.7	NM_080874.4	ASB5	MANE Select
ENST00000277458.5	NM_017873.4	ASB6	MANE Select
ENST00000332783.12	NM_198243.3	ASB7	MANE Select
ENST00000317697.8	NM_024095.5	ASB8	MANE Select
ENST00000380488.9	NM_001031739.3	ASB9	MANE Select
ENST00000695999.1	NM_002475.5	MYL6B	MANE Select
ENST00000597229.2	NM_018083.5	ZNF358	MANE Select
ENST00000408978.9	NM_138995.5	MYO3B	MANE Select
ENST00000317955.10	NM_030936.4	RNF32	MANE Select
ENST00000216099.13	NM_152426.4	APOBEC3D	MANE Select
ENST00000368706.9	NM_080388.3	S100A16	MANE Select
ENST00000299295.7	NM_024944.3	CHODL	MANE Select
ENST00000314265.3	NM_080389.3	DEFB104A	MANE Select
ENST00000372780.6	NM_080390.4	TCEAL2	MANE Select
ENST00000400299.6	NM_080430.4	SELENOM	MANE Select
ENST00000367385.9	NM_133494.3	NEK7	MANE Select
ENST00000301318.8	NM_020828.2	ZFP28	MANE Select
ENST00000378404.4	NM_080431.5	ACTRT2	MANE Select
ENST00000252997.3	NM_080473.5	GATA5	MANE Select
ENST00000217420.2	NM_080552.3	SLC32A1	MANE Select
ENST00000360321.7	NM_153269.3	C20orf96	MANE Select
ENST00000354932.6	NM_080574.4	BPIFA2	MANE Select
ENST00000245663.9	NM_001369741.1	ZBTB46	MANE Select
ENST00000243938.9	NM_080614.2	WFDC3	MANE Select
ENST00000621426.7	NM_001256798.2	NOL4L	MANE Select
ENST00000064571.3	NM_080617.6	CBLN4	MANE Select
ENST00000243914.8	NM_001386993.1	CTCFL	MANE Select
ENST00000329464.9	NM_182985.5	TRIM69	MANE Select
ENST00000710289.2	NM_152503.8	MROH8	MANE Select
ENST00000369886.8	NM_080621.5	SAMD10	MANE Select
ENST00000369916.5	NM_080622.4	ABHD16B	MANE Select
ENST00000452892.3	NM_001365692.1	CCM2L	MANE Select
ENST00000341446.9	NM_080626.6	BRI3BP	MANE Select
ENST00000237536.9	NM_080627.4	MTCL2	MANE Select
ENST00000217320.8	NM_080628.3	TLDC2	MANE Select
ENST00000372851.8	NM_182970.4	RIMS4	MANE Select
ENST00000457363.2	NM_001304369.2	ANKRD60	MANE Select
ENST00000356173.8	NM_080675.4	SUN5	MANE Select
ENST00000684519.1	NM_001351661.2	MACROD2	MANE Select
ENST00000579991.3	NM_080677.3	DYNLL2	MANE Select
ENST00000306406.5	NM_183240.3	TMEM37	MANE Select
ENST00000272930.9	NM_080678.3	UBE2F	MANE Select
ENST00000373207.2	NM_080722.4	ADAMTS14	MANE Select
ENST00000378491.9	NM_080723.5	NRSN1	MANE Select
ENST00000406438.5	NM_144775.3	SMCR8	MANE Select
ENST00000298283.5	NM_080746.3	RPL10L	MANE Select
ENST00000360774.6	NM_017662.5	TRPM6	MANE Select
ENST00000293745.7	NM_080747.3	KRT72	MANE Select
ENST00000381962.4	NM_080725.3	SRXN1	MANE Select
ENST00000374077.8	NM_080748.3	ROMO1	MANE Select
ENST00000372518.5	NM_080749.4	NEURL2	MANE Select
ENST00000255152.3	NM_080752.4	ZSWIM3	MANE Select
ENST00000372643.4	NM_080753.3	WFDC10A	MANE Select
ENST00000246090.6	NM_178477.5	BANF2	MANE Select
ENST00000304788.4	NM_152667.3	NANP	MANE Select
ENST00000382388.4	NM_139074.4	DEFB127	MANE Select
ENST00000377428.4	NM_178483.3	SCP2D1	MANE Select
ENST00000262487.5	NM_080826.2	ISM1	MANE Select
ENST00000372670.8	NM_080827.2	WFDC6	MANE Select
ENST00000444723.3	NM_001145350.2	C20orf173	MANE Select
ENST00000327979.8	NM_001290268.2	RIPOR3	MANE Select
ENST00000377009.8	NM_130794.2	CST11	MANE Select
ENST00000246105.4	NM_080831.4	DEFB129	MANE Select
ENST00000626650.3	NM_080764.4	ZNF280B	MANE Select
ENST00000358771.5	NM_001040023.2	SIRPA	MANE Select
ENST00000312600.4	NM_080832.3	PABPC5	MANE Select
ENST00000334121.11	NM_001077199.3	SREK1	MANE Select
ENST00000252998.2	NM_080833.3	RBBP8NL	MANE Select
ENST00000373973.7	NM_001365709.1	CNBD2	MANE Select
ENST00000381482.8	NM_080836.4	STK35	MANE Select
ENST00000217043.4	NM_178491.4	R3HDML	MANE Select
ENST00000503143.3	NM_130848.3	DCANP1	MANE Select
ENST00000355826.10	NM_001170687.4	MIB2	MANE Select
ENST00000354221.5	NM_080876.4	DUSP19	MANE Select
ENST00000673835.1	NM_001177316.2	SLC34A3	MANE Select
ENST00000368029.4	NM_080878.3	ITLN2	MANE Select
ENST00000304236.2	NM_080879.3	RAB40A	MANE Select
ENST00000451215.6	NM_001290258.2	ASB15	MANE Select
ENST00000487349.6	NM_001142733.3	ASB14	MANE Select
ENST00000362002.3	NM_130388.4	ASB12	MANE Select
ENST00000394005.4	NM_207321.3	ACSM6	MANE Select
ENST00000542569.6	NM_001174156.2	SAMD8	MANE Select
ENST00000371939.7	NM_001010939.3	LIPJ	MANE Select
ENST00000298746.5	NM_139169.5	TRUB1	MANE Select
ENST00000683449.1	NM_001318170.2	MPP7	MANE Select
ENST00000374201.8	NM_001018071.4	FRMPD2	MANE Select
ENST00000393077.3	NM_145206.4	VTI1A	MANE Select
ENST00000372202.6	NM_001269053.2	DYDC1	MANE Select
ENST00000520547.4	NM_001099692.2	EIF5AL1	MANE Select
ENST00000298068.10	NM_182765.6	HECTD2	MANE Select
ENST00000311575.6	NM_152429.5	FGFBP3	MANE Select
ENST00000588184.2	NM_001350931.2	SPMIP5	MANE Select
ENST00000369151.8	NM_153810.5	CACUL1	MANE Select
ENST00000318881.11	NM_175733.4	SYT9	MANE Select
ENST00000315571.6	NM_174902.4	LDLRAD3	MANE Select
ENST00000415576.7	NM_001025096.2	PSMA8	MANE Select
ENST00000624801.3	NM_001005161.3	OR52B4	MANE Select
ENST00000641896.1	NM_001405760.1	OR52I2	MANE Select
ENST00000396952.6	NM_152430.4	OR51E1	MANE Select
ENST00000640302.2	NM_001414000.1	SSU72L3	MANE Select
ENST00000684022.1	NM_001378157.1	XRRA1	MANE Select
ENST00000380184.2	NM_145053.5	UBQLNL	MANE Select
ENST00000529533.6	NM_001135091.2	MUC15	MANE Select
ENST00000449465.2	NM_001080446.3	FREY1	MANE Select
ENST00000358780.10	NM_144664.5	FAM76B	MANE Select
ENST00000536441.7	NM_144665.4	SESN3	MANE Select
ENST00000299001.11	NM_152431.3	PIWIL4	MANE Select
ENST00000298815.13	NM_152432.4	ARHGAP42	MANE Select
ENST00000531837.2	NM_198439.3	KBTBD3	MANE Select
ENST00000282251.10	NM_152434.3	CWF19L2	MANE Select
ENST00000323468.10	NM_153705.5	POGLUT3	MANE Select
ENST00000375614.7	NM_178834.5	LAYN	MANE Select
ENST00000302783.10	NM_001080441.4	TTC36	MANE Select
ENST00000294244.9	NM_138471.3	SPINDOC	MANE Select
ENST00000531066.6	NM_001329630.2	PLEKHA7	MANE Select
ENST00000336349.6	NM_194285.3	SPTY2D1	MANE Select
ENST00000280734.3	NM_153347.3	TMEM86A	MANE Select
ENST00000299454.5	NM_178168.1	OR10A5	MANE Select
ENST00000641258.1	NM_001004489.3	OR2AG1	MANE Select
ENST00000254579.11	NM_144666.3	DNHD1	MANE Select
ENST00000345127.9	NM_153026.3	PRICKLE1	MANE Select
ENST00000266736.7	NM_152435.3	AMDHD1	MANE Select
ENST00000431042.7	NM_001286234.2	SLC2A14	MANE Select
ENST00000333924.6	NM_181708.3	BCDIN3D	MANE Select
ENST00000308742.9	NM_001013620.4	ALG10B	MANE Select
ENST00000550916.6	NM_001270396.2	GLIPR1L2	MANE Select
ENST00000546355.4	NM_001365156.1	RFLNA	MANE Select
ENST00000337815.9	NM_152437.3	ZNF664	MANE Select
ENST00000381356.9	NM_001001660.3	ETFRF1	MANE Select
ENST00000331366.10	NM_153634.3	CPNE8	MANE Select
ENST00000449592.7	NM_001080825.2	TMEM120B	MANE Select
ENST00000288912.9	NM_144668.6	CFAP251	MANE Select
ENST00000442111.7	NM_001366886.1	GLT1D1	MANE Select
ENST00000532498.7	NM_001100917.2	TSPAN19	MANE Select
ENST00000330891.10	NM_032735.3	BEST3	MANE Select
ENST00000322886.12	NM_203394.3	E2F7	MANE Select
ENST00000394815.3	NM_182507.3	KRT80	MANE Select
ENST00000524981.9	NM_001306084.2	CFAP54	MANE Select
ENST00000299698.12	NM_144670.6	A2ML1	MANE Select
ENST00000398055.8	NM_152440.5	KICS2	MANE Select
ENST00000330828.3	NM_175874.4	C12orf60	MANE Select
ENST00000339235.4	NM_152441.3	FBXL14	MANE Select
ENST00000409300.6	NM_001286535.2	RAD9B	MANE Select
ENST00000683047.1	NM_144671.6	PHETA1	MANE Select
ENST00000313851.3	NM_001318932.2	FAM216B	MANE Select
ENST00000325686.7	NM_153218.4	LACC1	MANE Select
ENST00000357495.5	NM_001389320.1	HNRNPA1L2	MANE Select
ENST00000343307.5	NM_194318.4	B3GLCT	MANE Select
ENST00000551171.6	NM_152443.3	RDH12	MANE Select
ENST00000238558.5	NM_173849.3	GSC	MANE Select
ENST00000677451.1	NM_001382267.1	SERPINA12	MANE Select
ENST00000393140.6	NM_178013.4	PRIMA1	MANE Select
ENST00000684589.1	NM_001388067.1	MIPOL1	MANE Select
ENST00000298705.6	NM_172365.3	PPP1R36	MANE Select
ENST00000267488.9	NM_153811.3	SLC38A6	MANE Select
ENST00000267485.7	NM_001001872.4	ARMH4	MANE Select
ENST00000337334.7	NM_001206673.2	ABHD12B	MANE Select
ENST00000555661.6	NM_001146154.2	PTGR2	MANE Select
ENST00000286544.5	NM_152445.3	FAM161B	MANE Select
ENST00000689127.1	NM_001385106.1	LRRC74A	MANE Select
ENST00000342219.9	NM_199296.3	ISM2	MANE Select
ENST00000555265.6	NM_152446.5	CEP128	MANE Select
ENST00000288087.12	NM_138476.4	MDP1	MANE Select
ENST00000328459.11	NM_001010854.2	TTC7B	MANE Select
ENST00000298119.9	NM_152447.5	LRFN5	MANE Select
ENST00000340827.4	NM_152448.3	TERB2	MANE Select
ENST00000355522.5	NM_207322.3	C2CD4A	MANE Select
ENST00000684762.1	NM_001284417.2	LYSMD4	MANE Select
ENST00000288228.10	NM_152450.3	FAM81A	MANE Select
ENST00000569691.2	NM_001198784.2	PIERCE2	MANE Select
ENST00000535714.2	NM_001167902.2	PGPEP1L	MANE Select
ENST00000342683.6	NM_001143936.2	C15orf61	MANE Select
ENST00000359595.8	NM_178232.4	HAPLN3	MANE Select
ENST00000341735.5	NM_001039958.2	MESP2	MANE Select
ENST00000319669.5	NM_152453.4	TMCO5A	MANE Select
ENST00000394907.8	NM_138573.4	NRG4	MANE Select
ENST00000684362.1	NM_001372080.1	ZSCAN29	MANE Select
ENST00000267890.11	NM_173500.4	TTBK2	MANE Select
ENST00000356231.4	NM_138477.4	CDAN1	MANE Select
ENST00000299709.8	NM_001080442.3	SLC38A8	MANE Select
ENST00000389398.10	NM_173615.5	VWA3A	MANE Select
ENST00000646100.2	NM_144672.4	OTOA	MANE Select
ENST00000563169.7	NM_001305203.2	ZFP90	MANE Select
ENST00000334583.11	NM_001013838.3	CARMIL2	MANE Select
ENST00000304372.6	NM_001100915.3	KCTD19	MANE Select
ENST00000394106.7	NM_181521.3	CMTM4	MANE Select
ENST00000268595.3	NM_144673.3	CMTM2	MANE Select
ENST00000536005.7	NM_001178020.3	BEAN1	MANE Select
ENST00000283025.7	NM_144674.2	TEKT5	MANE Select
ENST00000569714.6	NM_174903.6	RNF151	MANE Select
ENST00000409413.4	NM_145270.3	PRR35	MANE Select
ENST00000397621.6	NM_153350.4	FBXL16	MANE Select
ENST00000681219.1	NM_001109659.2	C16orf92	MANE Select
ENST00000447459.7	NM_001109763.2	GSG1L	MANE Select
ENST00000682282.1	NM_001384763.1	SLC22A31	MANE Select
ENST00000288098.7	NM_001393494.1	IL34	MANE Select
ENST00000301744.7	NM_152457.3	ZNF597	MANE Select
ENST00000572449.6	NM_001369667.1	BICDL2	MANE Select
ENST00000288025.4	NM_144676.4	TMED6	MANE Select
ENST00000395216.3	NM_152458.7	ZNF785	MANE Select
ENST00000223459.11	NM_145271.4	ZNF688	MANE Select
ENST00000268281.9	NM_173502.5	PRSS36	MANE Select
ENST00000472572.8	NM_001098514.3	C16orf89	MANE Select
ENST00000299320.10	NM_139170.3	DNAAF8	MANE Select
ENST00000569840.7	NM_001199172.2	MGAT5B	MANE Select
ENST00000379504.8	NM_001082968.2	TOM1L2	MANE Select
ENST00000637944.2	NM_001363764.2	TEPSIN	MANE Select
ENST00000320865.4	NM_001009905.3	QTGAL	MANE Select
ENST00000693108.1	NM_001350451.2	RBFOX3	MANE Select
ENST00000326165.11	NM_139018.5	CD300LF	MANE Select
ENST00000572933.6	NM_020877.5	DNAH2	MANE Select
ENST00000331238.7	NM_178568.4	RTN4RL1	MANE Select
ENST00000305286.8	NM_173503.4	EFCAB3	MANE Select
ENST00000433844.4	NM_001099646.3	SLC47A2	MANE Select
ENST00000420162.7	NM_001007530.3	CDRT15	MANE Select
ENST00000352665.10	NM_145054.5	CFAP52	MANE Select
ENST00000293845.8	NM_144681.3	CCDC42	MANE Select
ENST00000619866.5	NM_001010855.4	PIK3R6	MANE Select
ENST00000328248.7	NM_153007.5	ODF4	MANE Select
ENST00000605587.2	NM_145272.4	C17orf50	MANE Select
ENST00000285013.11	NM_144682.6	SLFN13	MANE Select
ENST00000297307.7	NM_152462.2	SLC35G3	MANE Select
ENST00000394570.7	NM_001267052.2	UNC45B	MANE Select
ENST00000317310.5	NM_145273.4	CD300LG	MANE Select
ENST00000593135.6	NM_001265577.2	KIF18B	MANE Select
ENST00000361677.6	NM_173079.5	RUNDC1	MANE Select
ENST00000338165.9	NM_152463.4	EME1	MANE Select
ENST00000292114.8	NM_152464.3	VMA12	MANE Select
ENST00000682792.1	NM_001366301.1	PROCA1	MANE Select
ENST00000378895.9	NM_144683.4	DHRS13	MANE Select
ENST00000333751.8	NM_001363642.1	KCTD11	MANE Select
ENST00000409678.8	NM_178493.6	NOTUM	MANE Select
ENST00000318430.10	NM_152468.5	TMC8	MANE Select
ENST00000323571.9	NM_133264.5	WIPF2	MANE Select
ENST00000312150.5	NM_181534.4	KRT25	MANE Select
ENST00000342878.3	NM_145651.3	SCGB1C1	MANE Select
ENST00000307844.4	NM_139171.2	STARD6	MANE Select
ENST00000615052.5	NM_145055.5	ARK2N	MANE Select
ENST00000439986.9	NM_133459.4	CCBE1	MANE Select
ENST00000269503.9	NM_182511.4	CBLN2	MANE Select
ENST00000269205.7	NM_001034172.4	SLC25A52	MANE Select
ENST00000308128.9	NM_177986.5	DSG4	MANE Select
ENST00000592179.6	NM_173505.4	ANKRD29	MANE Select
ENST00000355285.10	NM_153000.5	APCDD1	MANE Select
ENST00000335624.5	NM_001163922.3	VSIG10L	MANE Select
ENST00000574814.2	NM_001193623.2	C19orf84	MANE Select
ENST00000637797.2	NM_001316972.2	SPACA6	MANE Select
ENST00000595962.6	NM_144684.4	ZNF480	MANE Select
ENST00000433050.6	NM_001143938.3	ZNF534	MANE Select
ENST00000421239.7	NM_001099694.2	ZNF578	MANE Select
ENST00000602168.2	NM_152473.3	ERVV-1	MANE Select
ENST00000598409.6	NM_001193628.2	SMIM17	MANE Select
ENST00000314391.3	NM_152474.5	C19orf18	MANE Select
ENST00000396147.6	NM_133460.3	ZNF418	MANE Select
ENST00000312026.6	NM_152475.3	ZNF417	MANE Select
ENST00000336128.12	NM_001172773.2	ZNF548	MANE Select
ENST00000451287.7	NM_001080401.2	PPM1N	MANE Select
ENST00000391946.7	NM_177417.3	KLC3	MANE Select
ENST00000402988.6	NM_001205280.2	IGSF23	MANE Select
ENST00000609812.6	NM_173506.7	LYPD4	MANE Select
ENST00000301480.5	NM_152476.3	ZNF560	MANE Select
ENST00000291934.4	NM_139172.3	TMEM190	MANE Select
ENST00000291823.3	NM_144685.5	HIPK4	MANE Select
ENST00000619895.5	NM_144686.4	TMC4	MANE Select
ENST00000301073.4	NM_153219.4	ZNF524	MANE Select
ENST00000325351.5	NM_203374.2	ZNF784	MANE Select
ENST00000293725.10	NM_145276.3	ZNF563	MANE Select
ENST00000592540.6	NM_182513.4	SPC24	MANE Select
ENST00000447857.8	NM_144688.5	KASH5	MANE Select
ENST00000391916.7	NM_145056.3	DACT3	MANE Select
ENST00000317578.7	NM_175875.5	SIX5	MANE Select
ENST00000377693.5	NM_001135113.2	IGFL2	MANE Select
ENST00000337995.4	NM_144689.5	ZNF420	MANE Select
ENST00000304116.10	NM_152477.5	ZNF565	MANE Select
ENST00000301295.11	NM_134444.5	NLRP4	MANE Select
ENST00000586929.6	NM_001320371.4	ZNF582	MANE Select
ENST00000333201.13	NM_152478.3	ZNF583	MANE Select
ENST00000252530.10	NM_174905.4	FAM98C	MANE Select
ENST00000328867.9	NM_144691.4	CAPN12	MANE Select
ENST00000392250.7	NM_001172774.2	DPY19L3	MANE Select
ENST00000392051.4	NM_001190441.3	LGALS16	MANE Select
ENST00000311308.7	NM_152479.6	TTC9B	MANE Select
ENST00000248244.6	NM_182919.4	TICAM1	MANE Select
ENST00000222033.6	NM_181710.4	ZNRF4	MANE Select
ENST00000329285.13	NM_001007248.3	ZNF599	MANE Select
ENST00000324675.4	NM_152481.2	FAM187B	MANE Select
ENST00000291495.5	NM_153221.2	CILP2	MANE Select
ENST00000646935.2	NM_001367856.1	PROSER3	MANE Select
ENST00000601372.6	NM_144693.3	ZNF558	MANE Select
ENST00000301200.3	NM_145057.4	CDC42EP5	MANE Select
ENST00000357774.9	NM_001098626.2	ZNF98	MANE Select
ENST00000683779.1	NM_001355237.2	ZNF738	MANE Select
ENST00000456283.7	NM_182515.4	ZNF714	MANE Select
ENST00000402377.3	NM_138286.3	ZNF681	MANE Select
ENST00000585675.6	NM_152482.3	C19orf25	MANE Select
ENST00000310127.10	NM_138813.4	ATP8B3	MANE Select
ENST00000323469.5	NM_145173.4	DIRAS1	MANE Select
ENST00000334241.9	NM_152791.5	ZNF555	MANE Select
ENST00000316950.11	NM_152484.3	ZNF569	MANE Select
ENST00000330173.6	NM_144694.5	ZNF570	MANE Select
ENST00000610222.3	NM_001253772.2	SYT6	MANE Select
ENST00000294811.2	NM_152485.4	C1orf74	MANE Select
ENST00000368607.8	NM_001255978.2	CREB3L4	MANE Select
ENST00000377004.9	NM_001170754.2	CIROZ	MANE Select
ENST00000340934.10	NM_144695.4	BROX	MANE Select
ENST00000616016.5	NM_001385641.1	SAMD11	MANE Select
ENST00000394834.8	NM_001134663.2	SAMD13	MANE Select
ENST00000471115.6	NM_198077.4	C1orf52	MANE Select
ENST00000377648.5	NM_153812.3	PHF13	MANE Select
ENST00000290363.6	NM_144697.4	CIART	MANE Select
ENST00000370203.9	NM_152487.3	TLCD4	MANE Select
ENST00000415641.8	NM_001143989.3	NBPF4	MANE Select
ENST00000371077.10	NM_001366232.2	UBE2U	MANE Select
ENST00000366618.8	NM_173508.4	SLC35F3	MANE Select
ENST00000336751.11	NM_213653.4	HJV	MANE Select
ENST00000355594.9	NM_144698.5	ANKRD35	MANE Select
ENST00000341785.5	NM_173509.3	FAM163A	MANE Select
ENST00000442621.2	NR_125716.2	OVAAL	MANE Select
ENST00000366600.8	NM_152490.5	B3GALNT2	MANE Select
ENST00000367147.9	NM_181644.5	SLC60A1	MANE Select
ENST00000367136.5	NM_152491.5	PM20D1	MANE Select
ENST00000366488.5	NM_145278.5	GCSAML	MANE Select
ENST00000357650.9	NM_133496.5	SLC30A7	MANE Select
ENST00000294600.7	NM_152492.3	CCDC27	MANE Select
ENST00000481882.7	NM_001322255.2	KNCN	MANE Select
ENST00000319928.9	NM_201403.3	MOB3C	MANE Select
ENST00000628545.2	NM_001367484.1	GLIS1	MANE Select
ENST00000698835.1	NM_001278141.3	NBPF12	MANE Select
ENST00000368747.2	NM_001010857.3	LELP1	MANE Select
ENST00000367696.7	NM_172071.4	RC3H1	MANE Select
ENST00000409358.2	NM_001099434.2	DCDC2B	MANE Select
ENST00000539719.6	NM_152493.3	ZNF362	MANE Select
ENST00000295542.6	NM_152494.4	DCST1	MANE Select
ENST00000272133.4	NM_152495.2	CNIH3	MANE Select
ENST00000373045.11	NM_001113482.2	MANEAL	MANE Select
ENST00000347310.10	NM_144701.3	IL23R	MANE Select
ENST00000439373.3	NM_001136107.2	NTMT2	MANE Select
ENST00000354422.4	NM_001017961.5	FAM78B	MANE Select
ENST00000362011.7	NM_198149.3	SHISA4	MANE Select
ENST00000366645.1	NM_175876.5	EXOC8	MANE Select
ENST00000374269.2	NM_152835.5	PDIK1L	MANE Select
ENST00000368931.8	NM_138278.4	BNIPL	MANE Select
ENST00000296387.6	NM_148960.3	CLDN19	MANE Select
ENST00000372492.9	NM_001378189.1	CFAP57	MANE Select
ENST00000523677.6	NM_182517.3	C1orf210	MANE Select
ENST00000372318.8	NM_152499.4	CCDC24	MANE Select
ENST00000450269.6	NM_001136537.3	BTBD19	MANE Select
ENST00000528266.6	NM_001114938.3	CCDC17	MANE Select
ENST00000337428.8	NM_144702.3	LRRC71	MANE Select
ENST00000329454.2	NM_178840.4	SRARP	MANE Select
ENST00000305943.9	NM_001010858.3	RNF187	MANE Select
ENST00000368140.6	NM_152501.5	PYHIN1	MANE Select
ENST00000332912.3	NM_001024601.3	SPATA45	MANE Select
ENST00000294829.5	NM_153606.4	GARIN4	MANE Select
ENST00000537425.3	NM_001393816.1	ADIG	MANE Select
ENST00000373003.2	NM_176791.4	GTSF1L	MANE Select
ENST00000372789.6	NM_145652.4	WFDC5	MANE Select
ENST00000718285.1	NR_185847.1	GNAS-AS1	MANE Select
ENST00000303142.11	NM_152504.4	SHLD1	MANE Select
ENST00000278980.11	NM_053041.3	COMMD7	MANE Select
ENST00000375483.4	NM_182519.3	BPIFB4	MANE Select
ENST00000279068.11	NM_144703.3	LSM14B	MANE Select
ENST00000681601.1	NM_001302998.2	LIPI	MANE Select
ENST00000288350.8	NM_152505.4	LCA5L	MANE Select
ENST00000380588.5	NM_001080444.2	IGSF5	MANE Select
ENST00000270162.8	NM_173354.5	SIK1	MANE Select
ENST00000296422.12	NM_139173.4	SLC9B1	MANE Select
ENST00000359963.4	NM_014406.5	CCT8L2	MANE Select
ENST00000684488.1	NM_001386955.1	XKR3	MANE Select
ENST00000440238.4	NM_001386814.1	AIFM3	MANE Select
ENST00000433039.2	NM_001128633.2	RIMBP3C	MANE Select
ENST00000292778.11	NM_001017964.2	YDJC	MANE Select
ENST00000402217.8	NM_182520.3	C22orf15	MANE Select
ENST00000216027.8	NM_172002.5	HSCB	MANE Select
ENST00000249064.9	NM_173510.4	CCDC117	MANE Select
ENST00000336726.11	NM_152510.4	HORMAD2	MANE Select
ENST00000334679.4	NM_152511.5	DUSP18	MANE Select
ENST00000382097.4	NM_001010859.3	C22orf42	MANE Select
ENST00000325157.7	NM_152512.4	ENTHD1	MANE Select
ENST00000307221.5	NM_145174.2	DNAJB7	MANE Select
ENST00000216241.14	NM_138481.2	CHADL	MANE Select
ENST00000401548.8	NM_152513.4	MEI1	MANE Select
ENST00000321753.8	NM_001002034.3	PHETA2	MANE Select
ENST00000329021.10	NM_145912.8	NFAM1	MANE Select
ENST00000216177.9	NM_138814.4	PNPLA5	MANE Select
ENST00000314567.8	NM_207327.5	CDPF1	MANE Select
ENST00000233336.7	NM_153712.5	TTL	MANE Select
ENST00000302450.11	NM_152515.5	CKAP2L	MANE Select
ENST00000259199.9	NM_172003.3	ZNG1B	MANE Select
ENST00000295201.5	NM_144705.4	TEKT4	MANE Select
ENST00000419482.7	NM_198274.4	SMYD1	MANE Select
ENST00000650052.2	NM_144706.4	C2orf15	MANE Select
ENST00000319460.2	NM_148961.4	OTOS	MANE Select
ENST00000607357.2	NM_001163424.2	COPS9	MANE Select
ENST00000641019.2	NM_173351.2	OR6B3	MANE Select
ENST00000311832.6	NM_152516.4	COMMD1	MANE Select
ENST00000317620.14	NM_001165978.3	PROM2	MANE Select
ENST00000684021.1	NM_001378068.1	ANKAR	MANE Select
ENST00000520530.3	NM_001371389.2	FBXO41	MANE Select
ENST00000408939.4	NM_152517.3	IFT70B	MANE Select
ENST00000434632.6	NM_001321527.2	GPAT2	MANE Select
ENST00000439118.3	NM_001008949.3	ITPRIPL1	MANE Select
ENST00000623617.3	NM_001077637.3	RAB6D	MANE Select
ENST00000392238.3	NM_173511.4	FAM117B	MANE Select
ENST00000296096.6	NM_175769.3	TCF23	MANE Select
ENST00000401533.7	NM_001168241.2	GAREM2	MANE Select
ENST00000316752.11	NM_144709.4	PUS10	MANE Select
ENST00000397712.7	NM_144710.5	SEPTIN10	MANE Select
ENST00000281772.14	NM_152519.4	KANSL1L	MANE Select
ENST00000327757.10	NM_153021.5	PLB1	MANE Select
ENST00000295131.3	NM_182521.3	ZSWIM2	MANE Select
ENST00000410066.7	NM_152520.6	ZNF385B	MANE Select
ENST00000546354.6	NM_001291832.2	ERFE	MANE Select
ENST00000326446.10	NM_152522.7	ARL6IP6	MANE Select
ENST00000411432.6	NM_001127395.5	METTL21A	MANE Select
ENST00000295414.8	NM_001330218.2	CCNYL1	MANE Select
ENST00000392647.7	NM_144711.6	KLHL23	MANE Select
ENST00000682840.1	NM_001080545.3	PPP1R1C	MANE Select
ENST00000357799.9	NM_152524.6	SGO2	MANE Select
ENST00000439140.6	NM_001168221.2	CATSPERT	MANE Select
ENST00000685975.1	NM_001351537.2	SLC38A11	MANE Select
ENST00000409878.8	NM_001144889.2	SLC23A3	MANE Select
ENST00000519574.2	NM_170699.3	GPBAR1	MANE Select
ENST00000414820.6	NM_001320848.2	FAHD2B	MANE Select
ENST00000295092.3	NM_145175.4	LRATD1	MANE Select
ENST00000354545.8	NM_001170791.3	RMDN2	MANE Select
ENST00000272224.5	NM_182828.4	GDF7	MANE Select
ENST00000295190.9	NM_152527.5	SLC16A14	MANE Select
ENST00000438684.2	NM_001425333.1	MSL3B	MANE Select
ENST00000320256.6	NM_152792.4	ASPRV1	MANE Select
ENST00000359774.9	NM_001128212.3	WDSUB1	MANE Select
ENST00000005756.5	NM_173355.4	UPP2	MANE Select
ENST00000392552.7	NM_152529.7	GPR155	MANE Select
ENST00000296015.9	NM_133462.4	TTC14	MANE Select
ENST00000296161.9	NM_138287.3	DTX3L	MANE Select
ENST00000295569.12	NM_182522.5	TAFA4	MANE Select
ENST00000412997.6	NM_001199251.3	SGO1	MANE Select
ENST00000389050.5	NM_001252657.2	PP2D1	MANE Select
ENST00000295824.14	NM_144715.4	EFHB	MANE Select
ENST00000498165.6	NM_139245.4	PPM1L	MANE Select
ENST00000682715.1	NM_001366157.1	WDR49	MANE Select
ENST00000446859.7	NM_001172779.2	LRRC34	MANE Select
ENST00000383832.8	NM_153635.3	CPNE9	MANE Select
ENST00000478945.1	NM_138815.4	DPPA2	MANE Select
ENST00000206423.8	NM_199511.3	CCDC80	MANE Select
ENST00000334529.10	NM_181780.4	BTLA	MANE Select
ENST00000683445.1	NM_001277074.2	CCDC12	MANE Select
ENST00000392452.3	NM_178496.4	MB21D2	MANE Select
ENST00000356692.10	NM_174907.4	PPP4R2	MANE Select
ENST00000310380.11	NM_152531.5	XXYLT1	MANE Select
ENST00000259605.11	NM_022781.5	RNF38	MANE Select
ENST00000377960.9	NM_022343.4	GLIPR2	MANE Select
ENST00000514116.6	NM_001308313.2	ROPN1B	MANE Select
ENST00000318225.3	NM_152533.3	C3orf22	MANE Select
ENST00000383768.7	NM_001040432.4	ZCWPW2	MANE Select
ENST00000466830.6	NM_182523.2	CMC1	MANE Select
ENST00000691995.1	NM_001394966.1	NEK10	MANE Select
ENST00000392455.9	NM_178335.3	CCDC50	MANE Select
ENST00000518817.1	NM_001083308.1	PYDC2	MANE Select
ENST00000295872.8	NM_144718.4	SPICE1	MANE Select
ENST00000307526.4	NM_178868.5	CMTM8	MANE Select
ENST00000310232.11	NM_144719.4	CCDC13	MANE Select
ENST00000602845.2	NM_001355243.2	NCBP2AS2	MANE Select
ENST00000285046.10	NM_152536.4	FGD5	MANE Select
ENST00000418658.6	NM_175607.3	CNTN4	MANE Select
ENST00000393775.7	NM_001015887.3	IGSF11	MANE Select
ENST00000295622.6	NM_152539.3	TEX55	MANE Select
ENST00000508784.6	NM_001306215.2	ZNF827	MANE Select
ENST00000604030.7	NM_001378122.1	SH3D19	MANE Select
ENST00000507489.2	NM_001278624.2	NFXL1	MANE Select
ENST00000295461.10	NM_207330.3	NIPAL1	MANE Select
ENST00000512733.5	NM_001040202.2	PAQR3	MANE Select
ENST00000319234.5	NM_001080505.3	SHISA3	MANE Select
ENST00000401642.8	NM_152540.4	SCFD2	MANE Select
ENST00000511113.6	NM_001277353.2	MGAT4D	MANE Select
ENST00000610261.6	NM_182524.4	ZNF595	MANE Select
ENST00000409021.9	NM_001099433.2	JAKMIP1	MANE Select
ENST00000311638.7	NM_144721.6	THAP6	MANE Select
ENST00000311623.9	NM_178497.5	ODAPH	MANE Select
ENST00000257408.5	NM_175737.4	KLB	MANE Select
ENST00000308132.11	NM_001174070.3	FAM53A	MANE Select
ENST00000608933.6	NM_152542.5	PPM1K	MANE Select
ENST00000434826.3	NM_152543.3	SPMIP2	MANE Select
ENST00000389737.5	NM_152544.3	TRMT44	MANE Select
ENST00000264400.7	NM_152545.3	RASGEF1B	MANE Select
ENST00000408936.8	NM_001395010.1	DAB2IP	MANE Select
ENST00000396865.7	NM_173514.4	SLC38A9	MANE Select
ENST00000335244.9	NM_181776.3	SLC36A2	MANE Select
ENST00000398450.5	NM_001040129.3	SPINK13	MANE Select
ENST00000296953.6	NM_153607.3	CREBRF	MANE Select
ENST00000306467.10	NM_001375405.1	CEP120	MANE Select
ENST00000681962.1	NM_001349336.2	SLC25A48	MANE Select
ENST00000502346.2	NM_174909.5	TMEM167A	MANE Select
ENST00000316610.7	NM_203406.2	MBLAC2	MANE Select
ENST00000296595.11	NM_153354.5	TMEM161B	MANE Select
ENST00000339397.5	NM_152546.3	SRFBP1	MANE Select
ENST00000637938.2	NM_052909.5	PLEKHG4B	MANE Select
ENST00000274712.8	NM_144723.3	ZMAT2	MANE Select
ENST00000325631.10	NM_001038603.3	MARVELD2	MANE Select
ENST00000302057.6	NM_033267.5	IRX2	MANE Select
ENST00000327705.14	NM_152547.5	BTNL9	MANE Select
ENST00000380009.9	NM_198150.3	ARSK	MANE Select
ENST00000283357.10	NM_152548.3	FAM81B	MANE Select
ENST00000505624.6	NM_144725.4	TTC23L	MANE Select
ENST00000379611.10	NM_001040440.3	CCDC112	MANE Select
ENST00000522232.3	NM_206858.3	PPP1R2B	MANE Select
ENST00000302938.4	NM_130899.3	GARIN3	MANE Select
ENST00000683046.1	NM_205846.3	PRELID2	MANE Select
ENST00000359120.9	NM_152550.4	SH3RF2	MANE Select
ENST00000311450.9	NM_001029869.3	PLAC8L1	MANE Select
ENST00000424310.7	NM_001199383.2	RNF145	MANE Select
ENST00000237275.9	NM_001013623.3	ZC2HC1B	MANE Select
ENST00000342415.6	NM_152551.4	SNRNP48	MANE Select
ENST00000607772.6	NM_173515.4	CNKSR3	MANE Select
ENST00000367341.6	NM_130900.3	RAET1L	MANE Select
ENST00000439090.7	NM_001017373.4	SAMD3	MANE Select
ENST00000275230.6	NM_145176.3	SLC2A12	MANE Select
ENST00000324607.8	NM_001080480.3	MBOAT1	MANE Select
ENST00000510882.4	NM_138574.4	HDGFL1	MANE Select
ENST00000392167.4	NM_001271862.2	PNLDC1	MANE Select
ENST00000521654.7	NM_001286398.3	RNF217	MANE Select
ENST00000368417.6	NM_001040214.3	NKAIN2	MANE Select
ENST00000370367.4	NM_001017361.3	KHDC3L	MANE Select
ENST00000369562.9	NM_001031743.3	CFAP206	MANE Select
ENST00000373408.4	NM_138493.3	CCDC167	MANE Select
ENST00000394654.4	NM_001134405.2	RUNDC3B	MANE Select
ENST00000435803.6	NM_152701.5	ABCA13	MANE Select
ENST00000297145.9	NM_152556.3	SAMTOR	MANE Select
ENST00000422142.7	NM_001080511.4	CLEC2L	MANE Select
ENST00000297534.7	NM_197964.5	FMC1	MANE Select
ENST00000371959.9	NM_001113490.2	AMOT	MANE Select
ENST00000360768.5	NM_173517.6	VKORC1L1	MANE Select
ENST00000433060.3	NM_130847.3	AMOTL1	MANE Select
ENST00000324698.11	NM_178827.5	IQUB	MANE Select
ENST00000639828.2	NM_153033.5	KCTD7	MANE Select
ENST00000442682.7	NM_001085429.2	TMEM213	MANE Select
ENST00000307271.4	NM_175571.4	GIMAP8	MANE Select
ENST00000337323.3	NM_144727.3	CRYGN	MANE Select
ENST00000378061.7	NM_001001661.3	ZNF425	MANE Select
ENST00000458143.7	NM_001394198.1	ZNF746	MANE Select
ENST00000425642.3	NM_145230.4	ATP6V0E2	MANE Select
ENST00000400906.2	NM_207420.3	SLC2A7	MANE Select
ENST00000683327.1	NM_001384743.1	AMZ1	MANE Select
ENST00000297873.9	NM_152559.3	METTL27	MANE Select
ENST00000324941.5	NM_001077621.2	VPS37D	MANE Select
ENST00000401878.8	NM_053043.3	RBM33	MANE Select
ENST00000310398.7	NM_176813.5	AGR3	MANE Select
ENST00000615670.5	NM_001080826.3	PRAG1	MANE Select
ENST00000256404.8	NM_144962.3	PEBP4	MANE Select
ENST00000330560.8	NM_152562.4	CDCA2	MANE Select
ENST00000297632.8	NM_194291.3	TMEM65	MANE Select
ENST00000240285.10	NM_172037.5	RDH10	MANE Select
ENST00000335659.7	NM_001270377.2	ANKRD46	MANE Select
ENST00000305188.13	NM_001017420.3	ESCO2	MANE Select
ENST00000380254.7	NM_172366.4	FBXO16	MANE Select
ENST00000304916.4	NM_174911.5	LRATD2	MANE Select
ENST00000286688.6	NM_177965.4	CFAP418	MANE Select
ENST00000357162.7	NM_152564.5	VPS13B	MANE Select
ENST00000358544.7	NM_017890.5	VPS13B	MANE Plus Clinical
ENST00000324079.11	NM_001384899.1	TDRP	MANE Select
ENST00000262109.8	NM_207332.3	ERICH1	MANE Select
ENST00000297524.8	NM_138817.3	SLC7A13	MANE Select
ENST00000297459.4	NM_153015.3	TMEM74	MANE Select
ENST00000334705.12	NM_144963.4	FAM91A1	MANE Select
ENST00000297324.5	NM_001007090.3	C8orf48	MANE Select
ENST00000422365.7	NM_173518.5	MCMDC2	MANE Select
ENST00000325897.5	NM_173519.3	CLVS1	MANE Select
ENST00000518699.4	NM_001364841.2	NKX6-3	MANE Select
ENST00000399881.8	NM_001031836.3	KCNU1	MANE Select
ENST00000297354.7	NM_153225.4	SBSPON	MANE Select
ENST00000389532.9	NM_015447.4	CAMSAP1	MANE Select
ENST00000698399.1	NM_001258282.3	LINGO2	MANE Select
ENST00000375854.8	NM_001161625.2	NXNL2	MANE Select
ENST00000317446.7	NM_206920.3	MAMDC4	MANE Select
ENST00000341206.9	NM_198946.3	LCN6	MANE Select
ENST00000298545.4	NM_152572.3	AK8	MANE Select
ENST00000297913.3	NM_012364.1	OR1Q1	MANE Select
ENST00000321582.11	NM_001139442.2	TTLL11	MANE Select
ENST00000376447.4	NM_152573.4	RASEF	MANE Select
ENST00000512701.7	NM_152574.3	TTC39B	MANE Select
ENST00000297994.4	NM_144964.4	TRMT10B	MANE Select
ENST00000373289.4	NM_144965.3	TTC16	MANE Select
ENST00000375412.11	NM_198841.4	FAM120AOS	MANE Select
ENST00000380534.9	NM_153707.4	SAXO1	MANE Select
ENST00000380880.4	NM_001379081.2	FREM1	MANE Select
ENST00000399933.8	NM_001017969.3	BRD10	MANE Select
ENST00000443779.3	NM_001348107.3	SPAAR	MANE Select
ENST00000309235.6	NM_133464.5	ZNF483	MANE Select
ENST00000682961.1	NM_001378211.1	SHOC1	MANE Select
ENST00000337530.11	NM_133465.4	KIAA1958	MANE Select
ENST00000341170.5	NM_139246.5	TSTD2	MANE Select
ENST00000481138.6	NM_001001662.3	ZNF782	MANE Select
ENST00000376718.8	NM_015225.3	PRUNE2	MANE Select
ENST00000323684.4	NM_152577.4	CBLL2	MANE Select
ENST00000452779.3	NM_001102576.3	CSAG1	MANE Select
ENST00000370467.8	NM_152578.3	FMR1NB	MANE Select
ENST00000374900.5	NM_174912.4	FAAH2	MANE Select
ENST00000374888.3	NM_007157.4	ZXDB	MANE Select
ENST00000346193.5	NM_203408.4	FAM47A	MANE Select
ENST00000380492.8	NM_152581.4	MOSPD2	MANE Select
ENST00000276211.10	NM_144967.4	ARHGAP36	MANE Select
ENST00000375327.6	NM_001031745.5	RIBC1	MANE Select
ENST00000371431.8	NM_178813.6	AKAP14	MANE Select
ENST00000217999.3	NM_139282.3	RHOXF1	MANE Select
ENST00000379034.1	NM_173523.2	MAGEB6	MANE Select
ENST00000374251.6	NM_001025265.3	CXorf65	MANE Select
ENST00000374521.4	NM_001013579.3	AWAT1	MANE Select
ENST00000276101.7	NM_001002254.1	AWAT2	MANE Select
ENST00000373367.8	NM_144969.3	ZDHHC15	MANE Select
ENST00000500968.4	NM_201286.4	USP51	MANE Select
ENST00000708883.3	NM_001367790.1	TCEAL6	MANE Select
ENST00000217926.7	NM_001002916.5	H2BW1	MANE Select
ENST00000327877.10	NM_144970.3	CXorf38	MANE Select
ENST00000343004.10	NM_001387468.1	PABIR2	MANE Select
ENST00000645433.2	NM_001388447.1	PABIR3	MANE Select
ENST00000304790.3	NM_153716.2	HSFY2	MANE Select
ENST00000303766.12	NM_152585.3	RBMY1F	MANE Select
ENST00000687698.1	NM_001391956.1	USP54	MANE Select
ENST00000344586.9	NM_145285.3	NKX2-3	MANE Select
ENST00000427197.2	NM_001134658.3	SLC35G1	MANE Select
ENST00000369704.8	NM_001008723.2	CFAP58	MANE Select
ENST00000396005.8	NM_178498.4	SLC5A12	MANE Select
ENST00000298050.9	NM_181645.4	DEUP1	MANE Select
ENST00000305738.10	NM_138294.3	PATE1	MANE Select
ENST00000393084.6	NM_152587.5	C11orf65	MANE Select
ENST00000280706.3	NM_144972.5	LDHAL6A	MANE Select
ENST00000316375.3	NM_173525.3	C11orf42	MANE Select
ENST00000321196.8	NM_152588.3	TMTC2	MANE Select
ENST00000304361.9	NM_138337.6	CLEC12A	MANE Select
ENST00000973278.1	NM_001441815.1	CLECL1	MANE Select
ENST00000266712.11	NM_181783.4	TMTC3	MANE Select
ENST00000298699.7	NM_152589.3	C12orf50	MANE Select
ENST00000258494.14	NM_001034173.4	ALDH1L2	MANE Select
ENST00000458174.7	NM_001145728.2	LMNTD1	MANE Select
ENST00000389082.10	NM_144973.4	DENND5B	MANE Select
ENST00000293662.9	NM_181711.4	TAMALIN	MANE Select
ENST00000536262.3	NM_145913.5	SLC5A8	MANE Select
ENST00000354300.5	NM_139283.2	PPTC7	MANE Select
ENST00000308208.10	NM_152591.3	CCDC63	MANE Select
ENST00000327554.3	NM_178499.5	CCDC60	MANE Select
ENST00000337343.9	NM_178009.5	DGKH	MANE Select
ENST00000444614.8	NM_144974.5	CCDC122	MANE Select
ENST00000376958.5	NM_180989.6	GPR180	MANE Select
ENST00000379631.9	NM_145286.3	STOML3	MANE Select
ENST00000696955.1	NM_001395907.1	GARIN2	MANE Select
ENST00000554480.6	NM_001348543.2	TMEM229B	MANE Select
ENST00000682763.1	NM_152592.6	SYNE3	MANE Select
ENST00000342213.3	NM_175060.3	CLEC14A	MANE Select
ENST00000267426.6	NM_203402.3	FITM1	MANE Select
ENST00000267396.9	NM_173527.3	REM2	MANE Select
ENST00000555868.2	NM_001017970.3	TMEM30B	MANE Select
ENST00000399232.8	NM_001113498.3	MDGA2	MANE Select
ENST00000216471.5	NM_001010860.4	SAMD15	MANE Select
ENST00000267425.8	NM_174913.3	NOP9	MANE Select
ENST00000554922.6	NM_183387.3	EML5	MANE Select
ENST00000450892.7	NM_153700.2	STRC	MANE Select
ENST00000286732.5	NM_173528.4	CFAP161	MANE Select
ENST00000300504.7	NM_153356.3	TBC1D21	MANE Select
ENST00000321149.7	NM_130810.4	DNAAF4	MANE Select
ENST00000307050.6	NM_001382637.1	OTUD7A	MANE Select
ENST00000299084.9	NM_152594.3	SPRED1	MANE Select
ENST00000332145.3	NM_175881.5	CIMAP1C	MANE Select
ENST00000397766.4	NM_152595.5	PGBD4	MANE Select
ENST00000562188.7	NM_001324366.2	MAPDA	MANE Select
ENST00000458580.7	NM_001286441.2	EXD1	MANE Select
ENST00000350221.4	NM_152597.5	FSIP1	MANE Select
ENST00000319555.8	NM_153813.3	ZFPM1	MANE Select
ENST00000315906.10	NM_001145400.2	ADAD2	MANE Select
ENST00000381440.5	NM_001034841.4	ITPRIPL2	MANE Select
ENST00000505035.3	NM_001145545.2	C16orf82	MANE Select
ENST00000570010.6	NM_153688.4	ZFP1	MANE Select
ENST00000682825.1	NM_001370326.1	ANKFN1	MANE Select
ENST00000311269.10	NM_152598.4	MARCHF10	MANE Select
ENST00000329805.6	NM_152599.4	MFSD6L	MANE Select
ENST00000299977.9	NM_144975.4	SLFN5	MANE Select
ENST00000293404.8	NM_153006.3	NAGS	MANE Select
ENST00000309428.10	NM_178126.4	RETREG3	MANE Select
ENST00000507382.2	NM_153229.3	TMEM92	MANE Select
ENST00000310544.9	NM_178500.4	PHOSPHO1	MANE Select
ENST00000269051.9	NM_138328.3	RHBDL3	MANE Select
ENST00000576742.6	NM_145068.4	TRPV3	MANE Select
ENST00000574600.3	NM_001370549.1	SLC16A11	MANE Select
ENST00000321535.5	NM_153230.3	FBXO39	MANE Select
ENST00000329196.7	NM_175882.3	SPPL2C	MANE Select
ENST00000306658.8	NM_181535.3	KRT28	MANE Select
ENST00000590202.3	NM_145287.4	ZNF519	MANE Select
ENST00000620105.5	NM_001288980.2	C18orf54	MANE Select
ENST00000682614.1	NM_001102657.3	ZNF836	MANE Select
ENST00000403906.8	NM_001161425.2	ZNF610	MANE Select
ENST00000692063.1	NM_001321866.4	ZNF600	MANE Select
ENST00000682928.1	NM_001351774.2	ZNF320	MANE Select
ENST00000311044.8	NM_198458.3	ZNF497	MANE Select
ENST00000699333.1	NM_001397372.1	ZNF550	MANE Select
ENST00000303809.7	NM_145288.3	ZNF296	MANE Select
ENST00000596251.6	NM_133328.4	DEDD2	MANE Select
ENST00000397902.7	NM_001077624.3	ZNF846	MANE Select
ENST00000641288.2	NM_175883.4	OR7D2	MANE Select
ENST00000325421.7	NM_152600.3	ZNF579	MANE Select
ENST00000343325.9	NM_153358.3	ZNF791	MANE Select
ENST00000339282.12	NM_144976.4	ZNF564	MANE Select
ENST00000397732.8	NM_152601.4	ZNF709	MANE Select
ENST00000550507.7	NM_001308348.2	ZNF433	MANE Select
ENST00000595607.6	NM_153608.4	ZNF114	MANE Select
ENST00000682579.1	NM_001322917.1	ZNF567	MANE Select
ENST00000684119.1	NM_001387601.1	ZNF383	MANE Select
ENST00000390658.4	NM_153232.4	EID2	MANE Select
ENST00000434248.6	NM_001005851.3	ZNF780B	MANE Select
ENST00000419421.3	NM_001134316.2	PRR22	MANE Select
ENST00000310123.8	NM_139284.3	LGI4	MANE Select
ENST00000324444.9	NM_001039876.3	SYNE4	MANE Select
ENST00000397121.3	NM_001001411.3	ZNF676	MANE Select
ENST00000358296.11	NM_173531.4	ZNF100	MANE Select
ENST00000316433.9	NM_001172225.3	ZNF540	MANE Select
ENST00000393274.6	NM_001256404.2	DENND2C	MANE Select
ENST00000370456.5	NM_198460.3	GBP6	MANE Select
ENST00000263177.5	NM_001037317.2	PLPPR5	MANE Select
ENST00000370017.9	NM_001144937.3	FNDC7	MANE Select
ENST00000620048.6	NM_001195215.2	DENND1B	MANE Select
ENST00000444136.6	NM_001199085.3	TDRD5	MANE Select
ENST00000609928.6	NM_001199260.2	TOR1AIP2	MANE Select
ENST00000307786.8	NM_138705.4	CALML6	MANE Select
ENST00000327535.6	NM_170743.4	IFNLR1	MANE Select
ENST00000372638.4	NM_133467.3	CITED4	MANE Select
ENST00000371273.4	NM_001110533.2	CIMAP2	MANE Select
ENST00000328051.3	NM_173080.3	SPRR4	MANE Select
ENST00000371153.9	NM_181712.5	KANK4	MANE Select
ENST00000287482.6	NM_194292.3	SASS6	MANE Select
ENST00000272091.8	NM_152608.4	SDE2	MANE Select
ENST00000366513.9	NM_152609.3	CNST	MANE Select
ENST00000332947.6	NM_207334.3	FAM43B	MANE Select
ENST00000370425.8	NM_001017975.6	HFM1	MANE Select
ENST00000675840.1	NM_178422.6	PAQR7	MANE Select
ENST00000368236.8	NM_001105669.4	TTC24	MANE Select
ENST00000366875.5	NM_152610.3	CCDC185	MANE Select
ENST00000334179.5	NM_203412.2	UBL4B	MANE Select
ENST00000305479.3	NM_172005.2	WFDC13	MANE Select
ENST00000371149.8	NM_153360.3	APCDD1L	MANE Select
ENST00000378858.5	NM_152611.5	LRRN4	MANE Select
ENST00000535842.6	NM_001008409.5	TTLL9	MANE Select
ENST00000292779.4	NM_152612.3	CCDC116	MANE Select
ENST00000216144.4	NM_182527.3	CABP7	MANE Select
ENST00000676104.1	NM_001374504.1	TMPRSS6	MANE Select
ENST00000442487.8	NM_181773.5	APOBEC3H	MANE Select
ENST00000328823.13	NM_152613.3	WBP2NL	MANE Select
ENST00000433387.2	NM_001350317.3	TTLL8	MANE Select
ENST00000309931.3	NM_178821.3	DAW1	MANE Select
ENST00000393437.8	NM_198461.4	LONRF2	MANE Select
ENST00000295124.9	NM_144978.3	CCDC138	MANE Select
ENST00000651242.2	NM_001321971.2	ADGRF3	MANE Select
ENST00000313965.4	NM_152614.3	TEX44	MANE Select
ENST00000378661.4	NM_148962.5	OXER1	MANE Select
ENST00000379558.5	NM_199280.4	TOGARAM2	MANE Select
ENST00000304698.10	NM_177454.4	FAM171B	MANE Select
ENST00000272520.4	NM_182528.4	C1QL2	MANE Select
ENST00000309033.5	NM_181713.4	UBXN2A	MANE Select
ENST00000272367.7	NM_173535.3	CLEC4F	MANE Select
ENST00000404568.4	NM_133637.3	DQX1	MANE Select
ENST00000464300.7	NM_001113523.3	PARP15	MANE Select
ENST00000620149.2	NM_001040100.2	SPTSSB	MANE Select
ENST00000319153.4	NM_153330.6	DNAJB8	MANE Select
ENST00000464295.6	NM_153002.3	GPR156	MANE Select
ENST00000340369.4	NM_194293.4	XIRP1	MANE Select
ENST00000318037.3	NM_152617.4	RNF168	MANE Select
ENST00000319340.7	NM_152889.3	CHST13	MANE Select
ENST00000638394.2	NM_198859.4	PRICKLE2	MANE Select
ENST00000405109.5	NM_207335.4	KBTBD12	MANE Select
ENST00000274008.5	NM_145207.3	AFG2A	MANE Select
ENST00000314218.8	NM_152618.3	BBS12	MANE Select
ENST00000296550.12	NM_001040260.4	DCLK2	MANE Select
ENST00000334304.10	NM_145290.4	ADGRA3	MANE Select
ENST00000512596.6	NM_152620.3	TRIM60	MANE Select
ENST00000329798.5	NM_001168235.2	FREM3	MANE Select
ENST00000649156.2	NM_172250.3	MMAA	MANE Select
ENST00000337872.9	NM_145291.4	ZBTB49	MANE Select
ENST00000603357.3	NM_145715.3	TIGD2	MANE Select
ENST00000307439.10	NM_177532.5	RASSF6	MANE Select
ENST00000281722.8	NM_144979.5	RBM46	MANE Select
ENST00000690982.1	NM_001375905.1	SGMS2	MANE Select
ENST00000381199.8	NM_001297599.2	MIER3	MANE Select
ENST00000381375.7	NM_001170402.1	CDC20B	MANE Select
ENST00000282507.8	NM_174914.4	UGT3A2	MANE Select
ENST00000453514.6	NM_001114394.3	TENT2	MANE Select
ENST00000389063.3	NM_152624.6	DCP2	MANE Select
ENST00000326035.6	NM_153361.4	NIM1K	MANE Select
ENST00000274382.9	NM_153234.5	LIX1	MANE Select
ENST00000318442.6	NM_152625.3	ZNF366	MANE Select
ENST00000282226.5	NM_205548.3	FAM151B	MANE Select
ENST00000369700.4	NM_153362.3	PRSS35	MANE Select
ENST00000369846.9	NM_001122769.3	LCA5	MANE Select
ENST00000367734.4	NM_175747.2	OLIG3	MANE Select
ENST00000358430.8	NM_153235.4	TXLNB	MANE Select
ENST00000366795.4	NM_214462.5	DACT2	MANE Select
ENST00000230301.9	NM_144980.4	C6orf118	MANE Select
ENST00000328747.12	NM_152626.4	ZNF92	MANE Select
ENST00000392800.7	NM_145292.4	GALNTL5	MANE Select
ENST00000327968.7	NM_182699.4	DDX53	MANE Select
ENST00000421025.3	NM_153363.3	ZNF679	MANE Select
ENST00000340112.3	NM_139175.2	RNF133	MANE Select
ENST00000650262.2	NM_152627.3	CDC14C	MANE Select
ENST00000415914.4	NM_001130475.3	THAP5	MANE Select
ENST00000523505.3	NM_175884.6	CCDC71L	MANE Select
ENST00000289672.7	NM_138295.5	PKD1L1	MANE Select
ENST00000313543.5	NM_153236.4	GIMAP7	MANE Select
ENST00000302017.4	NM_207336.3	ZNF467	MANE Select
ENST00000609256.2	NM_177455.4	BHLHA15	MANE Select
ENST00000649409.2	NM_001365308.1	BMPER	MANE Select
ENST00000265827.8	NM_176814.5	ZNF800	MANE Select
ENST00000518476.6	NM_173538.3	CNBD1	MANE Select
ENST00000456015.7	NM_173851.3	SLC30A8	MANE Select
ENST00000303045.11	NM_152888.3	COL22A1	MANE Select
ENST00000311812.7	NM_152628.4	SNX31	MANE Select
ENST00000458549.7	NM_001008495.4	TMEM64	MANE Select
ENST00000398612.3	NM_001042416.3	ZNF596	MANE Select
ENST00000502986.4	NM_194294.5	IDO2	MANE Select
ENST00000371957.4	NM_153710.5	STKLD1	MANE Select
ENST00000382082.4	NM_133497.4	KCNV2	MANE Select
ENST00000373580.8	NM_182487.4	OLFML2A	MANE Select
ENST00000377311.4	NM_153237.2	TMEM252	MANE Select
ENST00000358701.10	NM_181701.4	QSOX2	MANE Select
ENST00000381971.8	NM_001042413.2	GLIS3	MANE Select
ENST00000639662.2	NM_001101338.2	ZNF883	MANE Select
ENST00000395395.7	NM_194320.4	ZNF169	MANE Select
ENST00000308293.6	NM_152630.5	TENT5D	MANE Select
ENST00000374919.6	NM_001010862.3	SPIN3	MANE Select
ENST00000329357.6	NM_152631.3	FAM47B	MANE Select
ENST00000486479.3	NM_001136233.3	SUPT20HL2	MANE Select
ENST00000696128.1	NM_001297563.2	TCEANC	MANE Select
ENST00000310164.3	NM_173798.4	ZCCHC12	MANE Select
ENST00000379044.5	NM_139058.3	ARX	MANE Select
ENST00000311787.6	NM_001164484.2	FAM170B	MANE Select
ENST00000374153.7	NM_001288740.3	TMEM273	MANE Select
ENST00000372841.8	NM_173540.3	POFUT4	MANE Select
ENST00000334011.10	NM_152635.3	OIT3	MANE Select
ENST00000305233.6	NM_138499.4	PWWP2B	MANE Select
ENST00000270061.12	NM_032627.5	SSBP4	MANE Select
ENST00000360345.8	NM_001371390.1	CLEC4C	MANE Select
ENST00000677665.1	NM_001024675.2	ACTL10	MANE Select
ENST00000496811.6	NM_020865.3	DHX36	MANE Select
ENST00000318351.2	NM_130770.3	HTR3C	MANE Select
ENST00000307194.6	NM_130759.4	GIMAP1	MANE Select
ENST00000279168.7	NM_130769.4	GPHA2	MANE Select
ENST00000317593.9	NM_130772.4	S100Z	MANE Select
ENST00000682242.1	NM_203495.4	COMMD6	MANE Select
ENST00000346279.4	NM_133179.3	XAGE3	MANE Select
ENST00000375501.2	NM_001386970.1	XAGE5	MANE Select
ENST00000259881.10	NM_014068.3	PSORS1C1	MANE Select
ENST00000259845.5	NM_014069.3	PSORS1C2	MANE Select
ENST00000356450.3	NM_001304963.2	NUDT10	MANE Select
ENST00000299164.4	NM_139055.4	ADAMTS15	MANE Select
ENST00000274181.7	NM_139056.4	ADAMTS16	MANE Select
ENST00000268070.9	NM_139057.4	ADAMTS17	MANE Select
ENST00000282849.10	NM_199355.4	ADAMTS18	MANE Select
ENST00000355591.8	NM_130902.3	COX7B2	MANE Select
ENST00000326902.7	NM_133267.3	GSX2	MANE Select
ENST00000306078.2	NM_133329.6	KCNG3	MANE Select
ENST00000274853.8	NM_133471.4	PPP1R18	MANE Select
ENST00000474037.6	NM_001348156.2	ZNF525	MANE Select
ENST00000311048.11	NM_133473.4	ZNF431	MANE Select
ENST00000511833.3	NM_133474.4	ZNF721	MANE Select
ENST00000318934.9	NM_001393985.1	ANKRD24	MANE Select
ENST00000683879.1	NM_001385745.1	ZNF384	MANE Select
ENST00000274487.9	NM_133638.6	ADAMTS19	MANE Select
ENST00000375687.10	NM_015338.6	ASXL1	MANE Select
ENST00000307142.9	NM_133477.3	SYNPO2	MANE Select
ENST00000321762.3	NM_133498.3	SPACA4	MANE Select
ENST00000220507.5	NM_133639.4	RHOV	MANE Select
ENST00000635918.2	NM_001355247.2	UBE2L5	MANE Select
ENST00000534750.6	NM_001276700.2	NLRP6	MANE Select
ENST00000359788.9	NM_138330.3	ZNF675	MANE Select
ENST00000339105.9	NM_206808.5	CLYBL	MANE Select
ENST00000381003.7	NM_174951.3	FAM9A	MANE Select
ENST00000327220.10	NM_205849.3	FAM9B	MANE Select
ENST00000380625.8	NM_174901.6	FAM9C	MANE Select
ENST00000298130.5	NM_138288.4	SPTSSA	MANE Select
ENST00000304672.6	NM_138296.3	PTCRA	MANE Select
ENST00000355209.9	NM_001018050.4	POLR3H	MANE Select
ENST00000289119.7	NM_138340.5	ABHD3	MANE Select
ENST00000498926.7	NM_001170543.2	PGAM5	MANE Select
ENST00000622824.1	NM_138706.5	B3GNT6	MANE Select
ENST00000274787.3	NM_138820.4	HIGD2A	MANE Select
ENST00000264651.3	NM_019016.3	KRT24	MANE Select
ENST00000381813.5	NM_001037160.3	CYS1	MANE Select
ENST00000373191.9	NM_024852.4	AGO3	MANE Select
ENST00000373210.4	NM_017629.4	AGO4	MANE Select
ENST00000425597.8	NM_138967.4	SCAMP5	MANE Select
ENST00000303749.8	NM_138969.4	SDR16C5	MANE Select
ENST00000375234.8	NM_153698.2	PRXL2C	MANE Select
ENST00000375256.5	NM_153695.4	ZNF367	MANE Select
ENST00000620264.5	NM_001278688.3	ANTXRL	MANE Select
ENST00000398250.6	NM_001030059.3	PLPP4	MANE Select
ENST00000407364.8	NM_001113528.2	METTL15	MANE Select
ENST00000639584.2	NM_001414002.2	SSU72L5	MANE Select
ENST00000278949.9	NM_198275.3	MPZL3	MANE Select
ENST00000532287.6	NM_001304274.2	IMMP1L	MANE Select
ENST00000316529.3	NM_001005181.2	OR56B4	MANE Select
ENST00000304620.5	NM_173352.4	KRT78	MANE Select
ENST00000280571.10	NM_145058.3	RILPL2	MANE Select
ENST00000673944.1	NM_001372106.1	DNAH10	MANE Select
ENST00000281471.11	NM_001113402.2	AMN1	MANE Select
ENST00000337737.8	NM_178502.4	DTX3	MANE Select
ENST00000394252.4	NM_152637.3	TMT1B	MANE Select
ENST00000378743.9	NM_144982.5	ZFC3H1	MANE Select
ENST00000552032.7	NM_182530.3	MYRFL	MANE Select
ENST00000280800.5	NM_173542.4	PLBD2	MANE Select
ENST00000324341.2	NM_153364.4	GARIN6	MANE Select
ENST00000850890.1	NR_186063.1	RMST	MANE Select
ENST00000358859.3	NM_152638.4	CCER1	MANE Select
ENST00000427587.9	NM_201400.4	EEF2KMT	MANE Select
ENST00000534837.6	NM_001244014.2	PIANP	MANE Select
ENST00000280665.11	NM_152640.5	DCP1B	MANE Select
ENST00000320560.13	NM_001025356.3	ANO6	MANE Select
ENST00000334344.11	NM_152641.4	ARID2	MANE Select
ENST00000267273.7	NM_001010977.3	METTL21C	MANE Select
ENST00000332853.9	NM_001031746.5	VSTM4	MANE Select
ENST00000278060.10	NM_152911.4	PAOX	MANE Select
ENST00000368898.8	NM_152644.3	FAM24B	MANE Select
ENST00000418030.7	NM_001198568.2	ADCY4	MANE Select
ENST00000299338.11	NM_152647.3	FAM227B	MANE Select
ENST00000309731.12	NM_001012642.3	GRAMD2A	MANE Select
ENST00000695545.1	NM_207338.4	LCTL	MANE Select
ENST00000290650.9	NM_174916.3	UBR1	MANE Select
ENST00000682850.1	NM_001387263.1	PATL2	MANE Select
ENST00000450168.3	NM_194436.3	LDHD	MANE Select
ENST00000288078.11	NM_145059.3	FCSK	MANE Select
ENST00000308807.12	NM_152649.4	MLKL	MANE Select
ENST00000433976.7	NM_001201407.2	ZNF778	MANE Select
ENST00000614302.5	NM_001243279.3	ACSF3	MANE Select
ENST00000293879.9	NM_145294.5	WDR90	MANE Select
ENST00000568449.7	NM_001257370.2	EME2	MANE Select
ENST00000359128.10	NM_178844.4	NLRC3	MANE Select
ENST00000361439.9	NM_145080.4	NSMCE1	MANE Select
ENST00000613509.2	NM_001214909.2	ZNF48	MANE Select
ENST00000302096.5	NM_001353425.2	LKAAEAR1	MANE Select
ENST00000327532.7	NM_173543.3	DZIP1L	MANE Select
ENST00000683103.1	NM_001366900.1	TTC21A	MANE Select
ENST00000333598.8	NM_174918.3	MCEMP1	MANE Select
ENST00000361113.10	NM_145295.4	ZNF627	MANE Select
ENST00000317060.4	NM_152654.3	DAND5	MANE Select
ENST00000292841.10	NM_001288800.2	ZNF585A	MANE Select
ENST00000592784.6	NM_001127255.2	NLRP7	MANE Select
ENST00000334928.11	NM_152657.4	GGN	MANE Select
ENST00000222374.3	NM_145296.2	CADM4	MANE Select
ENST00000292894.2	NM_152658.3	THAP8	MANE Select
ENST00000378975.8	NM_001040425.3	U2AF1L4	MANE Select
ENST00000601440.6	NM_001076675.3	ZNF626	MANE Select
ENST00000599164.6	NM_001321827.2	NIBAN3	MANE Select
ENST00000420022.4	NM_001101340.2	ADM5	MANE Select
ENST00000368777.2	NM_001387222.1	LCE4A	MANE Select
ENST00000370205.6	NM_144988.4	ALG14	MANE Select
ENST00000373954.11	NM_152660.3	FAM76A	MANE Select
ENST00000343433.7	NM_001004303.5	FYB2	MANE Select
ENST00000340381.11	NM_001130924.3	TMEM201	MANE Select
ENST00000371268.4	NM_182532.3	TMEM61	MANE Select
ENST00000334194.4	NM_178134.3	CYP4Z1	MANE Select
ENST00000378546.9	NM_182533.4	FAAP20	MANE Select
ENST00000530059.3	NM_001353655.3	CDCP2	MANE Select
ENST00000438567.7	NM_001011547.3	SLC5A9	MANE Select
ENST00000284376.8	NM_001330585.2	CC2D1B	MANE Select
ENST00000682118.1	NM_001385469.3	NBPF11	MANE Select
ENST00000334513.6	NM_001012758.3	NUDT17	MANE Select
ENST00000373610.8	NM_175852.4	TXLNA	MANE Select
ENST00000282670.7	NM_152665.3	DYNLT5	MANE Select
ENST00000536534.7	NM_001372062.1	PLD5	MANE Select
ENST00000308105.5	NM_001012970.3	SPMIP3	MANE Select
ENST00000336338.10	NM_206996.4	SPAG17	MANE Select
ENST00000302946.13	NM_144990.4	SLFNL1	MANE Select
ENST00000295682.6	NM_173852.4	KRTCAP2	MANE Select
ENST00000368633.2	NM_181715.3	CRTC2	MANE Select
ENST00000366711.4	NM_001010867.4	IBA57	MANE Select
ENST00000371328.5	NM_001012971.4	FAM209A	MANE Select
ENST00000382363.8	NM_001017981.2	RNF215	MANE Select
ENST00000249116.7	NM_145699.4	APOBEC3A	MANE Select
ENST00000308521.10	NM_145298.6	APOBEC3F	MANE Select
ENST00000306507.7	NM_012184.5	FOXD4L1	MANE Select
ENST00000413369.8	NM_001271049.2	CFAP221	MANE Select
ENST00000477737.6	NM_144992.5	VWA3B	MANE Select
ENST00000324768.6	NM_153836.4	CREG2	MANE Select
ENST00000409262.8	NM_001287491.2	TET3	MANE Select
ENST00000328895.9	NM_182536.3	GKN2	MANE Select
ENST00000303254.4	NM_152670.3	SPMIP9	MANE Select
ENST00000318357.9	NM_144994.8	ANKRD23	MANE Select
ENST00000303795.9	NM_173545.3	APLF	MANE Select
ENST00000264380.9	NM_015040.4	PIKFYVE	MANE Select
ENST00000288873.7	NM_173853.4	KRTCAP3	MANE Select
ENST00000441223.4	NM_001102659.3	FAM237A	MANE Select
ENST00000335390.6	NM_198276.3	TMEM17	MANE Select
ENST00000356388.9	NM_181784.3	SPRED2	MANE Select
ENST00000408957.7	NM_145702.4	TIGD1	MANE Select
ENST00000482387.7	NM_001394063.1	CFAP20DC	MANE Select
ENST00000404589.8	NM_001128214.2	KCTD6	MANE Select
ENST00000296252.9	NM_139248.3	LIPH	MANE Select
ENST00000394222.8	NM_001174150.2	ARL13B	MANE Select
ENST00000314636.3	NM_176815.5	DHFR2	MANE Select
ENST00000428798.7	NM_001145143.1	HTR3D	MANE Select
ENST00000295830.13	NM_001099645.2	RPL22L1	MANE Select
ENST00000296327.10	NM_152672.6	SLC51A	MANE Select
ENST00000311630.7	NM_001105573.2	FBXO45	MANE Select
ENST00000332780.4	NM_173546.3	KLHDC8B	MANE Select
ENST00000447234.7	NM_001282506.2	MUC20	MANE Select
ENST00000472788.6	NM_001105580.3	GABRR3	MANE Select
ENST00000535342.7	NM_001199165.4	CEP112	MANE Select
ENST00000571134.2	NM_001105571.3	DHRS7C	MANE Select
ENST00000518321.6	NM_001135036.2	TVP23C	MANE Select
ENST00000299736.5	NM_181716.3	CENPV	MANE Select
ENST00000285071.9	NM_144997.7	FLCN	MANE Select
ENST00000321560.4	NM_178836.4	PLD6	MANE Select
ENST00000685559.1	NM_001282290.2	ARHGAP27	MANE Select
ENST00000692273.1	NM_001392013.1	ZNF385C	MANE Select
ENST00000330175.9	NM_001257359.2	SAMD14	MANE Select
ENST00000379102.8	NM_001076680.3	LYRM9	MANE Select
ENST00000308027.7	NM_201566.3	SLC16A13	MANE Select
ENST00000333870.8	NM_175734.5	SPEM2	MANE Select
ENST00000392359.8	NM_001271006.2	CENPX	MANE Select
ENST00000306688.8	NM_144999.4	LRRC45	MANE Select
ENST00000255559.8	NM_139177.4	SLC39A11	MANE Select
ENST00000269383.8	NM_173547.4	TRIM65	MANE Select
ENST00000207549.9	NM_199242.3	UNC13D	MANE Select
ENST00000620284.5	NM_145654.4	RDM1	MANE Select
ENST00000355530.7	NM_182538.5	SPNS3	MANE Select
ENST00000419743.7	NM_001142958.2	FBXO15	MANE Select
ENST00000649141.2	NM_001025300.3	RAB12	MANE Select
ENST00000590800.6	NM_001318841.2	ZBTB7C	MANE Select
ENST00000306910.9	NM_173548.3	ZNF584	MANE Select
ENST00000318203.9	NM_152677.4	ZSCAN4	MANE Select
ENST00000383657.10	NM_198402.5	HACD2	MANE Select
ENST00000295770.4	NM_178862.3	STT3B	MANE Select
ENST00000495027.6	NM_001366028.2	DNAH12	MANE Select
ENST00000311180.9	NM_177966.7	PDE12	MANE Select
ENST00000311128.10	NM_152678.3	DENND6A	MANE Select
ENST00000383671.8	NM_173799.4	TIGIT	MANE Select
ENST00000379205.5	NM_001008393.4	C4orf46	MANE Select
ENST00000273861.5	NM_152679.4	SLC10A4	MANE Select
ENST00000304337.3	NM_145720.4	TIGD4	MANE Select
ENST00000304385.8	NM_152680.3	TMEM154	MANE Select
ENST00000295958.10	NM_174921.3	SMIM14	MANE Select
ENST00000306480.11	NM_001100389.2	TMEM192	MANE Select
ENST00000326397.10	NM_152682.4	RWDD4	MANE Select
ENST00000314970.11	NM_152683.4	PRIMPOL	MANE Select
ENST00000405303.7	NM_153365.3	TAPT1	MANE Select
ENST00000450845.7	NM_194296.2	SPATA24	MANE Select
ENST00000302060.10	NM_152686.4	DNAJC18	MANE Select
ENST00000296604.8	NM_145000.5	RANBP3L	MANE Select
ENST00000396496.7	NM_176816.5	CCDC125	MANE Select
ENST00000502276.6	NM_001304431.2	GAPT	MANE Select
ENST00000446378.3	NM_153610.5	CMYA5	MANE Select
ENST00000397936.8	NM_001112724.2	STK32A	MANE Select
ENST00000371505.5	NM_182539.4	DRC5	MANE Select
ENST00000281156.5	NM_152688.4	KHDRBS2	MANE Select
ENST00000307003.3	NM_145304.4	C7orf33	MANE Select
ENST00000297477.10	NM_001097620.2	TMEM184A	MANE Select
ENST00000308860.11	NM_174922.5	ADCK5	MANE Select
ENST00000524325.6	NM_145003.5	TSNARE1	MANE Select
ENST00000327892.13	NM_178014.4	TUBB	MANE Select
ENST00000265806.12	NM_001136108.3	R3HCC1	MANE Select
ENST00000328655.8	NM_198464.4	PRSS55	MANE Select
ENST00000304519.10	NM_001040032.2	C8orf74	MANE Select
ENST00000302495.5	NM_153692.4	HTRA4	MANE Select
ENST00000379907.9	NM_145004.7	ADAM32	MANE Select
ENST00000318528.8	NM_173549.3	ERICH5	MANE Select
ENST00000306317.7	NM_139278.4	LGI3	MANE Select
ENST00000288502.9	NM_153045.4	TMEM268	MANE Select
ENST00000380003.8	NM_018325.5	C9orf72	MANE Select
ENST00000380701.8	NM_173550.4	CCDC171	MANE Select
ENST00000373078.5	NM_197956.4	NAIF1	MANE Select
ENST00000651358.1	NM_001184940.2	FAM219A	MANE Select
ENST00000426546.7	NM_174923.3	CCDC107	MANE Select
ENST00000353234.5	NM_173551.5	ANKS6	MANE Select
ENST00000375472.8	NM_145006.4	SUSD3	MANE Select
ENST00000371894.5	NM_001017978.4	CT83	MANE Select
ENST00000217909.8	NM_145305.3	SLC25A43	MANE Select
ENST00000321110.2	NM_152694.3	RTL3	MANE Select
ENST00000243300.14	NM_198465.4	NRK	MANE Select
ENST00000639893.2	NM_001351601.3	INTS6L	MANE Select
ENST00000339249.5	NM_152695.6	ZNF449	MANE Select
ENST00000330374.7	NM_001017980.4	VMA21	MANE Select
ENST00000319560.7	NM_182541.2	TMEM31	MANE Select
ENST00000374968.9	NM_207339.4	PAGE2	MANE Select
ENST00000382867.4	NM_001001722.2	CDY2B	MANE Select
ENST00000324559.9	NM_213599.3	ANO5	MANE Select
ENST00000679737.1	NM_001378789.1	CERS3	MANE Select
ENST00000302451.9	NM_174924.2	PDILT	MANE Select
ENST00000589093.6	NM_001394894.2	NLRP11	MANE Select
ENST00000426820.7	NM_198268.3	HIPK1	MANE Select
ENST00000370859.8	NM_001130058.2	SLC44A5	MANE Select
ENST00000321420.5	NM_152698.3	AMER3	MANE Select
ENST00000611969.5	NM_001384134.1	MTLN	MANE Select
ENST00000319974.6	NM_153689.6	C2orf69	MANE Select
ENST00000315691.8	NM_173552.5	DIPK2A	MANE Select
ENST00000323460.10	NM_152699.5	SENP5	MANE Select
ENST00000316407.9	NM_001009899.4	USF3	MANE Select
ENST00000682553.1	NM_173553.4	TRIML2	MANE Select
ENST00000357872.9	NM_173800.5	LVRN	MANE Select
ENST00000243389.8	NM_078483.4	SLC36A1	MANE Select
ENST00000388923.5	NM_001010868.3	C6orf163	MANE Select
ENST00000334651.11	NM_145177.3	DHRSX	MANE Select
ENST00000318238.9	NM_152703.5	SAMD9L	MANE Select
ENST00000515384.2	NM_152704.4	AMER2	MANE Select
ENST00000378785.7	NM_001039211.3	ATAD3C	MANE Select
ENST00000282344.11	NM_182488.4	USP12	MANE Select
ENST00000372263.4	NM_001012973.3	PLAC9	MANE Select
ENST00000381120.8	NM_152912.5	MTIF3	MANE Select
ENST00000302945.3	NM_145657.3	GSX1	MANE Select
ENST00000302270.1	NM_001005204.1	OR8U1	MANE Select
ENST00000623907.1	NM_001004701.2	OR4C16	MANE Select
ENST00000641580.1	NM_001004700.3	OR4C11	MANE Select
ENST00000641692.1	NM_001004059.3	OR4S2	MANE Select
ENST00000314259.5	NM_001004704.2	OR4C6	MANE Select
ENST00000335605.1	NM_001004735.1	OR5D14	MANE Select
ENST00000625203.2	NM_001004738.2	OR5L1	MANE Select
ENST00000333976.7	NM_001001952.1	OR5D18	MANE Select
ENST00000641320.1	NM_001001921.2	OR5AS1	MANE Select
ENST00000313447.1	NM_001004058.2	OR8K5	MANE Select
ENST00000641661.1	NM_001004746.4	OR5T2	MANE Select
ENST00000641600.1	NM_001005199.2	OR8H1	MANE Select
ENST00000641662.1	NM_001005202.2	OR8K3	MANE Select
ENST00000533152.3	NM_001005205.3	OR8J1	MANE Select
ENST00000623286.1	NM_001004744.1	OR8U3	MANE Select
ENST00000641993.1	NM_001004742.3	OR5M3	MANE Select
ENST00000327216.5	NM_001005282.1	OR5M8	MANE Select
ENST00000528616.5	NM_001005245.1	OR5M11	MANE Select
ENST00000624596.2	NM_001004730.1	OR5AR1	MANE Select
ENST00000497933.3	NM_001005210.4	LRRC55	MANE Select
ENST00000527972.6	NM_001105565.3	SMTNL1	MANE Select
ENST00000300022.8	NM_145008.3	YPEL4	MANE Select
ENST00000431606.5	NM_001317078.4	MED19	MANE Select
ENST00000297203.3	NM_152706.4	TEX47	MANE Select
ENST00000333190.5	NM_181646.5	ZNF804B	MANE Select
ENST00000648843.3	NM_001366906.2	CABCOCO1	MANE Select
ENST00000399298.8	NM_178505.8	TMEM26	MANE Select
ENST00000372336.4	NM_153367.4	ZCCHC24	MANE Select
ENST00000331161.9	NM_145010.4	ENKUR	MANE Select
ENST00000298032.10	NM_173081.5	ARMC3	MANE Select
ENST00000335350.10	NM_170744.5	UNC5B	MANE Select
ENST00000298596.11	NM_152709.5	STOX1	MANE Select
ENST00000373279.6	NM_145306.3	FAM241B	MANE Select
ENST00000287078.7	NM_173555.4	TYSND1	MANE Select
ENST00000302609.8	NM_145011.4	ZNF25	MANE Select
ENST00000321660.2	NM_153368.3	GJD4	MANE Select
ENST00000374704.8	NM_145012.6	CCNY	MANE Select
ENST00000373789.8	NM_145307.4	RTKN2	MANE Select
ENST00000456372.4	NM_001318241.2	TBATA	MANE Select
ENST00000425380.7	NM_001134793.2	HYLS1	MANE Select
ENST00000682305.1	NM_001258244.2	TMEM218	MANE Select
ENST00000403796.7	NM_001145290.2	SLC37A2	MANE Select
ENST00000306842.3	NM_001005195.1	OR8B12	MANE Select
ENST00000641992.2	NM_001005198.2	OR8G5	MANE Select
ENST00000641224.2	NM_001004464.2	OR10G8	MANE Select
ENST00000375024.1	NM_001001953.1	OR10G9	MANE Select
ENST00000641123.1	NM_001004474.2	OR10S1	MANE Select
ENST00000321252.3	NM_001005187.1	OR6T1	MANE Select
ENST00000307033.3	NM_001001965.1	OR4D5	MANE Select
ENST00000683345.1	NM_001363644.2	TBCEL	MANE Select
ENST00000375095.3	NM_001198671.2	TLCD5	MANE Select
ENST00000362034.7	NM_181514.2	MRPL21	MANE Select
ENST00000294309.8	NM_139075.4	TPCN2	MANE Select
ENST00000299140.8	NM_174927.3	SPATA19	MANE Select
ENST00000302622.4	NM_001005186.2	OR6Q1	MANE Select
ENST00000641439.1	NM_001005211.2	OR9I1	MANE Select
ENST00000335397.3	NM_001005212.4	OR9Q1	MANE Select
ENST00000641291.1	NM_001005283.3	OR9Q2	MANE Select
ENST00000641683.2	NM_001004459.2	OR1S2	MANE Select
ENST00000641544.1	NM_001004458.4	OR1S1	MANE Select
ENST00000316770.2	NM_001004471.2	OR10Q1	MANE Select
ENST00000357377.3	NM_001005489.2	OR5B17	MANE Select
ENST00000360374.3	NM_001005218.3	OR5B21	MANE Select
ENST00000287275.6	NM_145016.4	GLYATL2	MANE Select
ENST00000361050.4	NM_001039396.2	MPEG1	MANE Select
ENST00000302040.6	NM_001001954.2	OR5A2	MANE Select
ENST00000641045.1	NM_001004728.2	OR5A1	MANE Select
ENST00000300127.3	NM_001004708.1	OR4D6	MANE Select
ENST00000313253.1	NM_001004706.1	OR4D11	MANE Select
ENST00000300146.10	NM_152716.3	PATL1	MANE Select
ENST00000278855.7	NM_173801.5	OOSP2	MANE Select
ENST00000405633.4	NM_001098835.2	MS4A15	MANE Select
ENST00000335613.10	NM_152718.2	VWCE	MANE Select
ENST00000294072.9	NM_153611.6	CYB561A3	MANE Select
ENST00000338608.7	NM_145017.3	SAXO4	MANE Select
ENST00000315938.5	NM_182833.3	GDPD4	MANE Select
ENST00000533655.6	NM_145018.4	DDIAS	MANE Select
ENST00000342404.8	NM_001286159.2	CCDC83	MANE Select
ENST00000279147.9	NM_153451.3	LTO1	MANE Select
ENST00000298738.3	NM_182542.3	ERICH6B	MANE Select
ENST00000310521.6	NM_152719.3	CBY2	MANE Select
ENST00000504404.2	NM_001306135.2	DLEU7	MANE Select
ENST00000322475.13	NM_001242312.2	FAM124A	MANE Select
ENST00000285116.8	NM_145060.4	SKA1	MANE Select
ENST00000398545.5	NM_145020.5	CFAP53	MANE Select
ENST00000382713.10	NM_152721.6	DOK6	MANE Select
ENST00000373673.5	NM_145178.4	ATOH7	MANE Select
ENST00000376495.5	NM_001145373.3	OTUD1	MANE Select
ENST00000298251.5	NM_152722.5	HEPACAM	MANE Select
ENST00000328965.9	NM_178507.4	OAF	MANE Select
ENST00000309880.6	NM_145719.3	TIGD3	MANE Select
ENST00000329203.5	NM_175885.4	FAM181B	MANE Select
ENST00000316398.5	NM_152723.3	CCDC89	MANE Select
ENST00000595396.3	NM_001282460.2	LRRC63	MANE Select
ENST00000312828.4	NM_173557.3	RNF152	MANE Select
ENST00000382405.8	NM_001330668.2	ZNG1E	MANE Select
ENST00000436087.7	NM_001143768.2	ZNF438	MANE Select
ENST00000395348.8	NM_194298.3	SLC16A9	MANE Select
ENST00000618804.5	NM_198215.4	FAM13C	MANE Select
ENST00000453424.7	NM_001282866.2	MARCHF8	MANE Select
ENST00000392524.7	NM_194247.4	HNRNPA3	MANE Select
ENST00000361807.8	NM_145312.4	ZNF485	MANE Select
ENST00000395810.6	NM_145313.4	RASGEF1A	MANE Select
ENST00000373758.5	NM_001001330.3	REEP3	MANE Select
ENST00000399262.7	NM_032776.3	JMJD1C	MANE Select
ENST00000378681.8	NM_145314.3	UCMA	MANE Select
ENST00000378116.9	NM_001010924.2	FAM171A1	MANE Select
ENST00000377369.7	NM_001145195.2	SLC39A12	MANE Select
ENST00000377304.7	NM_182543.5	NSUN6	MANE Select
ENST00000377275.4	NM_178815.5	ARL5B	MANE Select
ENST00000317449.5	NM_203422.4	LRRN4CL	MANE Select
ENST00000301785.7	NM_001079559.3	HNRNPUL2	MANE Select
ENST00000302708.9	NM_139178.4	ALKBH3	MANE Select
ENST00000382758.6	NM_001318939.2	EEF1AKMT1	MANE Select
ENST00000314759.6	NM_145061.6	SKA3	MANE Select
ENST00000382374.9	NM_152726.3	MICU2	MANE Select
ENST00000382108.8	NM_001166271.3	SPATA13	MANE Select
ENST00000290776.13	NM_152727.6	CPNE2	MANE Select
ENST00000349457.8	NM_001304376.3	ADGRG5	MANE Select
ENST00000567164.6	NM_001305173.2	PRSS54	MANE Select
ENST00000290567.14	NM_001143685.2	CES5A	MANE Select
ENST00000669361.2	NR_190189.1	LINC00305	MANE Select
ENST00000424296.7	NM_001145128.3	AK9	MANE Select
ENST00000319550.9	NM_152729.3	NT5DC1	MANE Select
ENST00000368596.4	NM_001366078.2	CALHM4	MANE Select
ENST00000368576.8	NM_145062.3	ZUP1	MANE Select
ENST00000368557.6	NM_001085480.3	FAM162B	MANE Select
ENST00000398212.7	NM_152730.6	TBC1D32	MANE Select
ENST00000370746.8	NM_152731.3	BEND6	MANE Select
ENST00000370989.7	NM_153699.3	GSTA5	MANE Select
ENST00000371211.7	NM_181744.4	OPN5	MANE Select
ENST00000283303.3	NM_153838.5	ADGRF4	MANE Select
ENST00000283296.12	NM_001098518.2	ADGRF5	MANE Select
ENST00000316081.11	NM_001010870.3	TDRD6	MANE Select
ENST00000674044.1	NM_001372081.1	SPATS1	MANE Select
ENST00000372163.5	NM_152732.5	RSPH9	MANE Select
ENST00000372441.2	NM_001012974.4	LRRC73	MANE Select
ENST00000424266.7	NM_001329686.2	OARD1	MANE Select
ENST00000287152.12	NM_145027.6	KIF6	MANE Select
ENST00000651039.2	NM_001286401.2	TMEM217	MANE Select
ENST00000274963.13	NM_173558.4	FGD2	MANE Select
ENST00000373674.4	NM_153370.3	PI16	MANE Select
ENST00000480824.7	NM_001286635.2	C6orf89	MANE Select
ENST00000373866.4	NM_001286574.2	ARMC12	MANE Select
ENST00000476320.6	NM_001008703.4	SMIM29	MANE Select
ENST00000293760.10	NM_181336.4	LEMD2	MANE Select
ENST00000395064.3	NM_152735.4	ZBTB9	MANE Select
ENST00000375527.3	NM_181842.3	ZBTB12	MANE Select
ENST00000651131.1	NM_001161376.2	C6orf136	MANE Select
ENST00000297012.5	NM_170745.3	H2AC1	MANE Select
ENST00000650836.2	NM_001364614.2	KDM1B	MANE Select
ENST00000379052.10	NM_001143942.2	RBM24	MANE Select
ENST00000488300.6	NM_152737.4	RNF182	MANE Select
ENST00000332995.12	NM_030948.6	PHACTR1	MANE Select
ENST00000416247.4	NM_001135575.2	SMIM13	MANE Select
ENST00000283141.11	NM_001040274.3	SYCP2L	MANE Select
ENST00000380283.5	NM_183373.4	PXDC1	MANE Select
ENST00000394152.7	NM_145115.3	ZSCAN25	MANE Select
ENST00000449309.2	NM_145111.4	FAM200A	MANE Select
ENST00000275358.8	NM_001135924.3	VWDE	MANE Select
ENST00000506618.5	NM_175886.3	PRPS1L1	MANE Select
ENST00000222567.6	NM_001002926.2	POLR1F	MANE Select
ENST00000418710.3	NM_182700.6	SP8	MANE Select
ENST00000283928.10	NM_175061.4	JAZF1	MANE Select
ENST00000292330.3	NM_145030.4	PPP1R35	MANE Select
ENST00000292377.4	NM_152742.3	GPC2	MANE Select
ENST00000340611.9	NM_152743.4	BRAT1	MANE Select
ENST00000404826.7	NM_152744.4	SDK1	MANE Select
ENST00000328914.5	NM_001037165.2	FOXK1	MANE Select
ENST00000401401.8	NM_198403.4	MMD2	MANE Select
ENST00000297056.11	NM_139179.4	DAGLB	MANE Select
ENST00000316731.13	NM_198097.5	CCZ1B	MANE Select
ENST00000423059.9	NM_015204.3	THSD7A	MANE Select
ENST00000402613.4	NM_001301009.2	VSTM2A	MANE Select
ENST00000457408.7	NM_182547.4	TMED4	MANE Select
ENST00000324453.13	NM_152793.3	MTURN	MANE Select
ENST00000319694.3	NM_175887.3	PRR15	MANE Select
ENST00000611745.2	NM_001110199.3	SRRM3	MANE Select
ENST00000334955.13	NM_198467.3	RSBN1L	MANE Select
ENST00000450689.7	NM_001142749.3	ELAPOR2	MANE Select
ENST00000292616.10	NM_152892.3	LRWD1	MANE Select
ENST00000413034.3	NM_001145268.2	FAM185A	MANE Select
ENST00000440067.4	NM_001394494.2	FBXL13	MANE Select
ENST00000465647.6	NM_001122838.3	NAPEPLD	MANE Select
ENST00000419735.8	NM_020725.2	ATXN7L1	MANE Select
ENST00000317716.14	NM_152750.5	CDHR3	MANE Select
ENST00000466271.3	NM_001369863.1	BEND7	MANE Select
ENST00000316334.5	NM_153371.4	LNX2	MANE Select
ENST00000333493.9	NM_170776.5	ADGRG3	MANE Select
ENST00000312719.10	NM_153612.4	HS3ST5	MANE Select
ENST00000310357.8	NM_148963.4	GPRC6A	MANE Select
ENST00000332958.3	NM_173560.4	RFX6	MANE Select
ENST00000360388.9	NM_001029858.4	SLC35F1	MANE Select
ENST00000306858.8	NM_001010872.3	FAM83B	MANE Select
ENST00000373161.6	NM_001010873.3	TSPO2	MANE Select
ENST00000244565.8	NM_173561.3	UNC5CL	MANE Select
ENST00000373731.7	NM_173562.5	KCTD20	MANE Select
ENST00000454782.3	NM_152990.4	PXT1	MANE Select
ENST00000360215.3	NM_182548.4	LHFPL5	MANE Select
ENST00000274938.8	NM_152753.4	SCUBE3	MANE Select
ENST00000289788.5	NM_001012455.2	ZSCAN23	MANE Select
ENST00000343684.4	NM_001007531.3	NKAPL	MANE Select
ENST00000274673.8	NM_173563.3	FAM217A	MANE Select
ENST00000339375.9	NM_152913.3	TMEM130	MANE Select
ENST00000275461.3	NM_152898.2	FERD3L	MANE Select
ENST00000300179.7	NM_173564.4	NYAP1	MANE Select
ENST00000396872.8	NM_153247.4	SLC29A4	MANE Select
ENST00000404406.6	NM_173565.5	RSPH10B	MANE Select
ENST00000615280.5	NM_001257967.3	ITPRID1	MANE Select
ENST00000323037.5	NM_147128.4	ZNRF2	MANE Select
ENST00000284136.11	NM_001384900.1	SEMA3D	MANE Select
ENST00000338033.9	NM_139021.3	MAPK15	MANE Select
ENST00000334056.10	NM_182756.4	SPDYA	MANE Select
ENST00000684409.1	NM_139249.4	MS4A6E	MANE Select
ENST00000326274.6	NM_182645.3	VGLL2	MANE Select
ENST00000262932.5	NM_152755.2	CNPY4	MANE Select
ENST00000334773.7	NM_152250.3	DEFB105A	MANE Select
ENST00000335186.3	NM_152251.4	DEFB106A	MANE Select
ENST00000335021.2	NM_001037668.1	DEFB107A	MANE Select
ENST00000328698.2	NM_001002035.2	DEFB108B	MANE Select
ENST00000371148.3	NM_001037497.2	DEFB110	MANE Select
ENST00000651554.2	NM_001369057.2	DEFB112	MANE Select
ENST00000398718.1	NM_001037729.1	DEFB113	MANE Select
ENST00000322066.4	NM_001037499.2	DEFB114	MANE Select
ENST00000400552.1	NM_001037730.1	DEFB115	MANE Select
ENST00000400549.1	NM_001037731.1	DEFB116	MANE Select
ENST00000376321.4	NM_153289.4	DEFB119	MANE Select
ENST00000376314.3	NM_001011878.3	DEFB121	MANE Select
ENST00000376309.4	NM_153324.4	DEFB123	MANE Select
ENST00000317676.3	NM_001037500.2	DEFB124	MANE Select
ENST00000382410.3	NM_153325.4	DEFB125	MANE Select
ENST00000334391.5	NM_001037732.3	DEFB128	MANE Select
ENST00000400079.1	NM_001037804.1	DEFB130A	MANE Select
ENST00000285393.4	NM_152565.1	ATP6V0D2	MANE Select
ENST00000272238.9	NM_001039362.2	ATP6V1C2	MANE Select
ENST00000599837.3	NM_139250.2	CTAG1A	MANE Select
ENST00000504123.7	NM_144571.3	CNOT6L	MANE Select
ENST00000604641.6	NM_139285.4	GAS2L2	MANE Select
ENST00000374206.4	NM_139286.4	CDC26	MANE Select
ENST00000323346.10	NM_139319.3	SLC17A8	MANE Select
ENST00000315212.4	NM_002936.6	RNASEH1	MANE Select
ENST00000368977.9	NM_145315.5	AFG1L	MANE Select
ENST00000332782.7	NM_145064.3	STAC3	MANE Select
ENST00000320740.12	NM_145065.3	PELI3	MANE Select
ENST00000333432.9	NM_032959.7	POLR2J2	MANE Select
ENST00000537309.1	NM_001007532.3	STH	MANE Select
ENST00000310673.4	NM_145658.4	SPESP1	MANE Select
ENST00000356897.1	NM_145659.3	IL27	MANE Select
ENST00000367330.6	NM_001288565.2	TMEM9	MANE Select
ENST00000589332.7	NM_001322286.2	ZNF396	MANE Select
ENST00000284503.7	NM_145043.4	NEIL2	MANE Select
ENST00000376352.6	NM_178509.6	STXBP4	MANE Select
ENST00000373471.10	NM_001441683.1	FNDC5	MANE Select
ENST00000394468.7	NM_001039372.4	HEPACAM2	MANE Select
ENST00000381210.8	NM_001010874.5	TECRL	MANE Select
ENST00000327423.11	NM_173566.3	PRR14L	MANE Select
ENST00000370383.5	NM_173567.5	EPHX4	MANE Select
ENST00000382407.1	NM_001003894.2	CDY1B	MANE Select
ENST00000327678.10	NM_014509.5	SERHL2	MANE Select
ENST00000357387.8	NM_152756.5	RICTOR	MANE Select
ENST00000318682.11	NM_001099408.2	EIF4E1B	MANE Select
ENST00000373935.4	NM_152230.5	IPMK	MANE Select
ENST00000321464.7	NM_001376113.1	ZBTB38	MANE Select
ENST00000519676.6	NM_001010875.4	SLC25A30	MANE Select
ENST00000379509.8	NM_001002257.3	LCLAT1	MANE Select
ENST00000383699.8	NM_001167675.2	CADM2	MANE Select
ENST00000368143.6	NM_001010876.2	TMEM244	MANE Select
ENST00000674370.2	NM_174931.4	GPATCH11	MANE Select
ENST00000314529.10	NM_175888.4	ZNF620	MANE Select
ENST00000399703.6	NM_147195.4	ANKRD18A	MANE Select
ENST00000683635.1	NM_001350599.2	MMS22L	MANE Select
ENST00000623400.4	NM_001330074.2	WASHC2C	MANE Select
ENST00000440978.2	NM_001375380.1	EBF3	MANE Select
ENST00000448612.6	NM_182552.5	WDR27	MANE Select
ENST00000305747.11	NM_203463.3	CERS6	MANE Select
ENST00000308259.10	NM_001031679.3	MSRB3	MANE Select
ENST00000400590.8	NM_001330059.2	ZDHHC20	MANE Select
ENST00000334289.7	NM_178127.5	ANGPTL5	MANE Select
ENST00000539294.6	NM_152758.6	YTHDF3	MANE Select
ENST00000680220.1	NM_001346249.2	RALGAPA1	MANE Select
ENST00000568000.6	NM_178863.5	KCTD13	MANE Select
ENST00000308748.10	NM_181718.4	ASPHD1	MANE Select
ENST00000357721.3	NM_001135863.2	ETFBKMT	MANE Select
ENST00000315796.5	NM_199227.3	METAP1D	MANE Select
ENST00000473989.8	NM_173569.4	UBN2	MANE Select
ENST00000339777.5	NM_001098519.2	LRRC43	MANE Select
ENST00000373275.5	NM_153252.5	BRWD3	MANE Select
ENST00000309295.9	NM_001099409.3	EHBP1L1	MANE Select
ENST00000308342.7	NM_152760.3	SNX32	MANE Select
ENST00000379211.8	NM_152761.3	CXorf58	MANE Select
ENST00000298097.8	NM_203301.4	FBXO33	MANE Select
ENST00000379289.6	NM_001130045.2	TTLL10	MANE Select
ENST00000532620.6	NM_152762.3	TSGA10IP	MANE Select
ENST00000299563.5	NM_001098638.2	RNF169	MANE Select
ENST00000368599.4	NM_153711.5	CALHM5	MANE Select
ENST00000300399.9	NM_174932.3	BPIFC	MANE Select
ENST00000635767.2	NM_001394446.1	LCORL	MANE Select
ENST00000311445.7	NM_182553.3	CNIH2	MANE Select
ENST00000370001.8	NM_152763.5	AKNAD1	MANE Select
ENST00000405044.7	NM_001039397.3	TBC1D28	MANE Select
ENST00000372592.8	NM_001100876.2	PHYHD1	MANE Select
ENST00000310442.5	NM_207340.3	ZDHHC24	MANE Select
ENST00000619706.5	NM_017696.3	MCM9	MANE Select
ENST00000277570.10	NM_153256.4	PROSER2	MANE Select
ENST00000367137.4	NM_173854.6	SLC41A1	MANE Select
ENST00000683896.1	NM_001353554.2	C11orf86	MANE Select
ENST00000325962.9	NM_001163560.3	MEIOB	MANE Select
ENST00000314891.11	NM_153613.3	LPCAT4	MANE Select
ENST00000376693.3	NM_001243750.2	NUDT8	MANE Select
ENST00000333017.7	NM_175735.4	LYG2	MANE Select
ENST00000305454.8	NM_152765.4	VXN	MANE Select
ENST00000343399.5	NM_001005490.2	OR6C74	MANE Select
ENST00000641740.2	NM_001388498.1	OR6C3	MANE Select
ENST00000454872.6	NM_207015.3	NAALADL2	MANE Select
ENST00000302422.4	NM_152766.5	TMEM256	MANE Select
ENST00000641644.1	NM_001005471.2	OR2T6	MANE Select
ENST00000638807.2	NM_001320466.2	ZDHHC23	MANE Select
ENST00000334269.3	NM_178438.5	LCE5A	MANE Select
ENST00000334067.5	NM_181623.3	KRTAP15-1	MANE Select
ENST00000373764.8	NM_198469.4	MORN5	MANE Select
ENST00000259466.1	NM_001005235.1	OR1L4	MANE Select
ENST00000329905.6	NM_001001412.4	CALHM1	MANE Select
ENST00000396385.4	NM_001128423.2	MPV17L	MANE Select
ENST00000327042.5	NM_173804.5	TMEM86B	MANE Select
ENST00000650044.2	NM_001393918.1	CBARP	MANE Select
ENST00000436235.6	NM_001077506.2	TAC4	MANE Select
ENST00000341552.10	NM_194302.4	CFAP65	MANE Select
ENST00000294543.11	NM_181719.7	TMCO4	MANE Select
ENST00000358105.8	NM_152770.3	CFAP299	MANE Select
ENST00000397272.7	NM_213600.4	PLA2G4F	MANE Select
ENST00000374511.8	NM_001424031.1	TXNDC8	MANE Select
ENST00000370608.8	NM_153259.4	MCOLN2	MANE Select
ENST00000303941.4	NM_178510.2	ANKK1	MANE Select
ENST00000397130.8	NM_153260.3	LRRC57	MANE Select
ENST00000409745.2	NM_001145113.3	MYADML2	MANE Select
ENST00000538173.2	NM_001357734.3	EIF2S3B	MANE Select
ENST00000457020.3	NM_173571.2	CT47A11	MANE Select
ENST00000413830.6	NM_001270989.2	EPGN	MANE Select
ENST00000640159.2	NM_001388199.1	LHFPL7	MANE Select
ENST00000398075.4	NM_203397.3	MBLAC1	MANE Select
ENST00000299045.8	NM_152772.3	TCP11L2	MANE Select
ENST00000510175.6	NM_001039127.6	ZNF718	MANE Select
ENST00000548380.6	NM_001351123.2	SPMIP11	MANE Select
ENST00000361132.9	NM_175062.4	RASGEF1C	MANE Select
ENST00000259939.4	NM_182757.4	RNF144B	MANE Select
ENST00000323570.8	NM_153702.4	ELMOD2	MANE Select
ENST00000274764.5	NM_170610.3	H2BC1	MANE Select
ENST00000370571.7	NM_152890.7	COL24A1	MANE Select
ENST00000646685.1	NM_001395276.1	OOSP1	MANE Select
ENST00000530810.2	NM_001004052.1	OR52B2	MANE Select
ENST00000302118.5	NM_174936.4	PCSK9	MANE Select
ENST00000379987.7	NM_001033047.3	NPNT	MANE Select
ENST00000325318.10	NM_152773.5	DYNLT2B	MANE Select
ENST00000424898.3	NM_001363519.1	PDZD9	MANE Select
ENST00000552360.4	NM_178511.6	INAFM1	MANE Select
ENST00000397537.3	NM_001077657.3	SMCO1	MANE Select
ENST00000397820.5	NM_001136482.3	C19orf38	MANE Select
ENST00000293805.10	NM_181844.4	BCL6B	MANE Select
ENST00000427478.7	NM_001281789.2	CNEP1R1	MANE Select
ENST00000367019.6	NM_001146262.4	SYT14	MANE Select
ENST00000380958.8	NM_175854.8	PAN3	MANE Select
ENST00000506364.6	NM_001372053.1	ANKRD31	MANE Select
ENST00000376233.8	NM_001199295.2	ZNF549	MANE Select
ENST00000373157.9	NM_001278298.2	COL6A5	MANE Select
ENST00000293695.8	NM_001105578.2	SYCE2	MANE Select
ENST00000405844.6	NM_001363562.2	TMEM196	MANE Select
ENST00000319856.5	NM_001004702.2	OR4C3	MANE Select
ENST00000319988.1	NM_001004725.1	OR4S1	MANE Select
ENST00000683500.2	NM_001291815.2	HMCN2	MANE Select
ENST00000399044.1	NM_001190790.2	CDRT15L2	MANE Select
ENST00000678116.1	NM_001382447.1	STEAP1B	MANE Select
ENST00000392568.7	NM_177533.5	NUDT14	MANE Select
ENST00000376504.4	NM_178161.3	PTF1A	MANE Select
ENST00000611551.1	NM_152914.3	NATD1	MANE Select
ENST00000307588.8	NM_152775.4	CCDC110	MANE Select
ENST00000329451.8	NM_173573.3	LMNTD2	MANE Select
ENST00000392993.7	NM_001039547.3	GK5	MANE Select
ENST00000394773.7	NM_153265.3	EML3	MANE Select
ENST00000636493.2	NM_001351596.2	CCDC197	MANE Select
ENST00000369020.8	NM_198081.5	SCML4	MANE Select
ENST00000334708.4	NM_001080451.2	SERPINA11	MANE Select
ENST00000328299.4	NM_152996.4	ST6GALNAC3	MANE Select
ENST00000641686.2	NM_001371596.2	MFSD8	MANE Select
ENST00000327259.5	NM_153266.4	TMEM151A	MANE Select
ENST00000368642.4	NM_174937.4	TCERG1L	MANE Select
ENST00000267838.7	NM_153374.3	LYSMD2	MANE Select
ENST00000379682.9	NM_001367774.2	BCLAF3	MANE Select
ENST00000537011.6	NM_001284292.2	NUTM1	MANE Select
ENST00000377182.5	NM_153267.5	MAMDC2	MANE Select
ENST00000378695.9	NM_001304964.2	GLIPR1L1	MANE Select
ENST00000379643.10	NM_001168465.2	MAP7D2	MANE Select
ENST00000360509.10	NM_182758.4	WDR72	MANE Select
ENST00000636213.3	NM_001371909.1	C10orf67	MANE Select
ENST00000624103.2	NM_001004752.2	OR51F1	MANE Select
ENST00000333383.8	NM_148896.5	NPB	MANE Select
ENST00000330915.7	NM_198471.3	KANK3	MANE Select
ENST00000604834.6	NM_152781.4	HEATR9	MANE Select
ENST00000297325.9	NM_001030019.2	SUN3	MANE Select
ENST00000507668.7	NM_001174072.3	SERINC5	MANE Select
ENST00000448587.6	NM_001396408.1	TINCR	MANE Select
ENST00000304195.8	NM_174938.6	FRMD3	MANE Select
ENST00000366534.9	NM_001130957.2	CATSPERE	MANE Select
ENST00000381624.4	NM_152784.4	CATSPERD	MANE Select
ENST00000636933.2	NM_001413064.1	PLCXD2	MANE Select
ENST00000349618.8	NM_001114759.3	ZNF683	MANE Select
ENST00000368013.8	NM_001025598.2	ARHGAP30	MANE Select
ENST00000308910.9	NM_152785.5	GCSAM	MANE Select
ENST00000300650.9	NM_207343.4	RNF214	MANE Select
ENST00000374165.6	NM_001278629.2	C9orf43	MANE Select
ENST00000367974.2	NM_001013625.4	CFAP126	MANE Select
ENST00000357731.10	NM_173808.3	NEGR1	MANE Select
ENST00000361902.5	NM_182701.1	GPX6	MANE Select
ENST00000275233.12	NM_001042683.3	SHPRH	MANE Select
ENST00000310085.6	NM_153376.3	CFAP184	MANE Select
ENST00000379499.3	NM_153270.3	KLHL34	MANE Select
ENST00000340524.10	NM_198152.5	UTS2B	MANE Select
ENST00000308527.6	NM_153271.2	SNX33	MANE Select
ENST00000288422.4	NM_152787.5	TAB3	MANE Select
ENST00000373640.5	NM_001144994.2	C2orf72	MANE Select
ENST00000445716.6	NM_152789.4	FAM133B	MANE Select
ENST00000311620.7	NM_145865.3	ANKS4B	MANE Select
ENST00000354193.5	NM_148893.3	SVIP	MANE Select
ENST00000318962.9	NM_147129.5	ALS2CL	MANE Select
ENST00000340027.10	NM_147130.3	NCR3	MANE Select
ENST00000375832.5	NM_001003693.3	LY6G6F	MANE Select
ENST00000369209.8	NM_025015.3	HSPA12A	MANE Select
ENST00000361781.7	NM_147156.4	SGMS1	MANE Select
ENST00000251127.11	NM_052867.4	NALCN	MANE Select
ENST00000643606.3	NM_147196.3	TMIE	MANE Select
ENST00000324384.4	NM_147197.2	WFDC11	MANE Select
ENST00000326000.2	NM_147198.4	WFDC9	MANE Select
ENST00000526914.2	NM_001393578.1	MRGPRX1	MANE Select
ENST00000367409.9	NM_018136.5	ASPM	MANE Select
ENST00000040738.10	NM_148894.3	BOD1L1	MANE Select
ENST00000446620.1	NM_176881.2	TAS2R39	MANE Select
ENST00000408947.4	NM_176882.2	TAS2R40	MANE Select
ENST00000408916.1	NM_176883.2	TAS2R41	MANE Select
ENST00000531678.1	NM_176884.2	TAS2R43	MANE Select
ENST00000390675.2	NM_176885.2	TAS2R31	MANE Select
ENST00000571573.2	NM_176886.2	TAS2R45	MANE Select
ENST00000533467.1	NM_176887.2	TAS2R46	MANE Select
ENST00000539585.1	NM_001097643.2	TAS2R30	MANE Select
ENST00000390673.2	NM_176888.2	TAS2R19	MANE Select
ENST00000538986.2	NM_176889.4	TAS2R20	MANE Select
ENST00000506868.1	NM_176890.2	TAS2R50	MANE Select
ENST00000391826.7	NM_152899.2	IL4I1	MANE Select
ENST00000378788.4	NM_001141917.2	SPATA31F1	MANE Select
ENST00000371901.4	NM_178033.2	CYP4X1	MANE Select
ENST00000308911.9	NM_001358689.2	TUBB8B	MANE Select
ENST00000307546.14	NM_001142782.2	MAGI3	MANE Select
ENST00000682474.1	NM_152891.3	PRSS33	MANE Select
ENST00000302964.4	NM_152901.4	PYDC1	MANE Select
ENST00000317987.6	NM_152997.4	FDCSP	MANE Select
ENST00000367833.7	NM_152902.5	TIPRL	MANE Select
ENST00000394621.7	NM_001244944.2	STEAP2	MANE Select
ENST00000378156.9	NM_015102.5	NPHP4	MANE Select
ENST00000215812.9	NM_174975.5	SEC14L3	MANE Select
ENST00000603928.3	NM_001355256.2	BRD3OS	MANE Select
ENST00000372207.4	NM_153274.3	BEST4	MANE Select
ENST00000376705.4	NM_153456.4	HS6ST3	MANE Select
ENST00000434837.8	NM_153487.4	MDGA1	MANE Select
ENST00000682532.1	NM_001386132.1	MAGEA2B	MANE Select
ENST00000311034.7	NM_178864.4	NPAS4	MANE Select
ENST00000290691.10	NM_153615.2	RGL4	MANE Select
ENST00000323061.7	NM_153757.4	NAP1L5	MANE Select
ENST00000371253.7	NM_153840.4	ADGRF1	MANE Select
ENST00000329291.6	NM_170725.3	PGBD2	MANE Select
ENST00000362512.1	NR_029422.2	RNU12	MANE Select
ENST00000375936.9	NM_172370.5	DAOA	MANE Select
ENST00000505920.1	NM_001165877.1	ATP5MGL	MANE Select
ENST00000534355.6	NM_170746.4	SELENOH	MANE Select
ENST00000298181.6	NM_173358.2	SSX7	MANE Select
ENST00000330523.10	NM_172006.2	WFDC10B	MANE Select
ENST00000331982.6	NM_172138.2	IFNL2	MANE Select
ENST00000413851.3	NM_172139.4	IFNL3	MANE Select
ENST00000333625.3	NM_172140.2	IFNL1	MANE Select
ENST00000313578.4	NM_173039.3	AQP11	MANE Select
ENST00000300773.3	NM_001395252.1	OR51B5	MANE Select
ENST00000641071.2	NM_001005491.2	OR10AG1	MANE Select
ENST00000312298.1	NM_001005492.1	OR5J2	MANE Select
ENST00000218249.7	NM_001031834.1	RAB40AL	MANE Select
ENST00000313546.8	NM_172240.3	POC1B	MANE Select
ENST00000377179.4	NM_001382360.1	ZNF311	MANE Select
ENST00000374111.8	NM_001042427.3	C10orf53	MANE Select
ENST00000278025.9	NM_001098483.3	FUOM	MANE Select
ENST00000684848.1	NM_001323087.2	JAKMIP3	MANE Select
ENST00000298630.8	NM_173575.4	STK32C	MANE Select
ENST00000370372.7	NM_173809.5	BLOC1S2	MANE Select
ENST00000369519.4	NM_001134363.3	RBM20	MANE Select
ENST00000429984.5	NM_001355263.2	NUTM2E	MANE Select
ENST00000419761.6	NM_173576.3	MKX	MANE Select
ENST00000555099.1	NM_001001955.2	OR4C13	MANE Select
ENST00000335238.4	NM_001005270.4	OR4C12	MANE Select
ENST00000528848.3	NM_001256686.2	CSNK2A3	MANE Select
ENST00000641270.1	NM_001004760.3	OR51V1	MANE Select
ENST00000332682.9	NM_001206626.2	TRIM49B	MANE Select
ENST00000414790.11	NR_002196.3	H19	MANE Select
ENST00000301896.6	NM_001037225.3	MAJIN	MANE Select
ENST00000398802.6	NM_182556.4	SLC25A45	MANE Select
ENST00000501122.4	NR_131012.1	NEAT1	MANE Select
ENST00000683865.1	NM_001378213.1	BCL9L	MANE Select
ENST00000317011.8	NM_181721.3	FOXR1	MANE Select
ENST00000503566.7	NM_001145018.3	DRC12	MANE Select
ENST00000641015.1	NM_001002917.2	OR8D1	MANE Select
ENST00000624618.2	NM_001002918.1	OR8D2	MANE Select
ENST00000356130.7	NM_001005196.1	OR8B4	MANE Select
ENST00000641668.1	NM_001005284.2	OR9G4	MANE Select
ENST00000331597.9	NM_182904.5	P4HA3	MANE Select
ENST00000298198.5	NM_173582.6	PGM2L1	MANE Select
ENST00000539798.3	NM_001039548.3	KLHL35	MANE Select
ENST00000340067.4	NM_001029859.3	KCTD21	MANE Select
ENST00000525077.2	NM_001286606.2	CRACR2B	MANE Select
ENST00000397510.9	NM_001042463.3	TMEM80	MANE Select
ENST00000356786.10	NM_032251.6	CCDC88B	MANE Select
ENST00000316461.9	NM_173810.4	TTC9C	MANE Select
ENST00000612278.4	NM_001136506.2	SLC22A24	MANE Select
ENST00000301459.5	NM_173587.4	RCOR2	MANE Select
ENST00000326737.3	NM_173811.4	HARBI1	MANE Select
ENST00000513874.6	NM_173588.4	IGSF22	MANE Select
ENST00000379829.2	NM_207186.2	OR10A4	MANE Select
ENST00000329293.4	NM_198474.4	OLFML1	MANE Select
ENST00000547103.7	NM_001378609.3	OTOGL	MANE Select
ENST00000313599.8	NM_174941.6	CD163L1	MANE Select
ENST00000416904.5	NM_001004304.4	ZNF740	MANE Select
ENST00000542104.6	NM_178169.4	RASSF3	MANE Select
ENST00000266383.10	NM_173593.4	B4GALNT3	MANE Select
ENST00000358433.3	NM_001005493.2	OR6C6	MANE Select
ENST00000267116.8	NM_173595.4	ANKRD52	MANE Select
ENST00000454355.7	NM_173596.3	SLC39A5	MANE Select
ENST00000338146.7	NM_207344.4	SPRYD4	MANE Select
ENST00000261654.10	NM_198827.5	ADGRD1	MANE Select
ENST00000355329.7	NM_173855.5	MORN3	MANE Select
ENST00000324472.9	NM_173812.5	DPY19L2	MANE Select
ENST00000355819.6	NM_207345.4	CLEC9A	MANE Select
ENST00000547754.6	NM_174942.3	GAS2L3	MANE Select
ENST00000310903.10	NM_001101421.4	MYO1H	MANE Select
ENST00000682272.1	NM_001388303.1	HECTD4	MANE Select
ENST00000339824.7	NM_173598.6	KSR2	MANE Select
ENST00000551765.6	NM_176818.3	GATC	MANE Select
ENST00000324616.9	NM_001031748.4	REDIC1	MANE Select
ENST00000398675.8	NM_173601.2	GXYLT1	MANE Select
ENST00000398458.4	NM_182559.3	TMPRSS12	MANE Select
ENST00000361283.4	NM_032436.4	CHAMP1	MANE Select
ENST00000400405.4	NM_198849.3	SIAH3	MANE Select
ENST00000312942.2	NM_173605.2	KCNRG	MANE Select
ENST00000629372.3	NM_001351003.2	TMEM272	MANE Select
ENST00000266943.11	NM_181785.4	SLC46A3	MANE Select
ENST00000321662.11	NM_001099652.2	GPR137C	MANE Select
ENST00000556489.4	NM_001243007.2	PROX2	MANE Select
ENST00000319374.4	NM_174976.2	ZDHHC22	MANE Select
ENST00000216468.8	NM_213601.3	TMED8	MANE Select
ENST00000361529.5	NM_207117.4	SLC25A47	MANE Select
ENST00000339917.10	NM_001184739.2	TSSK4	MANE Select
ENST00000280987.9	NM_173607.5	FAM177A1	MANE Select
ENST00000414716.8	NM_001112726.3	CEP170B	MANE Select
ENST00000392523.9	NM_001367178.1	TEDC1	MANE Select
ENST00000341459.8	NM_205850.3	SLC24A5	MANE Select
ENST00000389286.9	NM_173814.6	PRTG	MANE Select
ENST00000331090.11	NM_001042367.2	REC114	MANE Select
ENST00000567107.6	NM_001304388.2	GOLGA6L2	MANE Select
ENST00000328795.6	NM_001005241.4	OR4N4	MANE Select
ENST00000682753.1	NM_001348699.2	SAXO2	MANE Select
ENST00000397609.6	NM_173611.4	FAM98B	MANE Select
ENST00000290472.4	NM_178034.4	PLA2G4D	MANE Select
ENST00000614055.2	NM_001001413.3	GOLGA6L1	MANE Select
ENST00000525590.3	NM_001350919.3	GOLGA8G	MANE Select
ENST00000638704.2	NM_001367807.1	FBXL22	MANE Select
ENST00000622306.5	NM_173614.4	NOMO2	MANE Select
ENST00000433154.6	NM_001136505.2	TERB1	MANE Select
ENST00000648724.3	NM_001364782.1	CES4A	MANE Select
ENST00000314586.11	NM_178516.4	EXOC3L1	MANE Select
ENST00000566435.4	NM_001099456.3	NPW	MANE Select
ENST00000328540.8	NM_182563.4	BRICD5	MANE Select
ENST00000333503.8	NM_001042371.3	PGP	MANE Select
ENST00000715180.1	NM_001396456.1	GREP1	MANE Select
ENST00000329410.4	NM_175900.4	C16orf54	MANE Select
ENST00000563197.6	NM_173618.3	INO80E	MANE Select
ENST00000268533.9	NM_001105663.3	NUDT7	MANE Select
ENST00000315678.10	NM_001136509.3	ZNF843	MANE Select
ENST00000424439.3	NM_001301159.2	NHLRC4	MANE Select
ENST00000442039.3	NM_001272051.2	UQCC4	MANE Select
ENST00000620492.5	NM_001146336.2	TMEM114	MANE Select
ENST00000541793.7	NM_173619.4	CLEC18C	MANE Select
ENST00000612771.5	NM_178128.6	FADS6	MANE Select
ENST00000425042.7	NM_030630.3	HID1	MANE Select
ENST00000333213.11	NM_207346.3	TSEN54	MANE Select
ENST00000327490.8	NM_182565.4	UBALD2	MANE Select
ENST00000421688.7	NM_001395503.1	TMEM235	MANE Select
ENST00000694881.1	NM_001394669.1	CCDC57	MANE Select
ENST00000327949.15	NM_001330542.2	HEXD	MANE Select
ENST00000328739.6	NM_182566.3	VMO1	MANE Select
ENST00000580729.3	NM_001382359.1	C17orf58	MANE Select
ENST00000619286.5	NM_001085423.2	MILR1	MANE Select
ENST00000324348.9	NM_001358699.2	RNF227	MANE Select
ENST00000619038.5	NM_001204477.2	CDRT4	MANE Select
ENST00000432791.7	NM_015443.4	KANSL1	MANE Select
ENST00000449302.8	NM_001136483.3	CFAP97D1	MANE Select
ENST00000293443.12	NM_198475.3	FAM171A2	MANE Select
ENST00000409122.7	NM_001145080.3	MEIOC	MANE Select
ENST00000393382.8	NM_001130918.3	TTLL6	MANE Select
ENST00000268766.11	NM_178170.3	NEK8	MANE Select
ENST00000614443.2	NM_001346754.2	PIGW	MANE Select
ENST00000615133.2	NM_173625.5	C17orf78	MANE Select
ENST00000613478.2	NM_001136498.2	CISD3	MANE Select
ENST00000301659.9	NM_178171.5	GSDMA	MANE Select
ENST00000433363.7	NM_177550.5	SLC13A5	MANE Select
ENST00000323206.2	NM_178518.3	TMEM102	MANE Select
ENST00000357037.6	NM_012232.6	CAVIN1	MANE Select
ENST00000361193.8	NM_001166347.2	SLC26A11	MANE Select
ENST00000518137.6	NM_173627.5	ENDOV	MANE Select
ENST00000284116.9	NM_182569.4	GDPD1	MANE Select
ENST00000431388.3	NM_001086521.2	NDUFAF8	MANE Select
ENST00000423676.8	NM_001367292.2	LGALS9B	MANE Select
ENST00000320095.12	NM_001004431.3	METRNL	MANE Select
ENST00000389658.4	NM_005559.4	LAMA1	MANE Select
ENST00000580059.7	NM_001142730.3	KCTD1	MANE Select
ENST00000648945.2	NM_173629.3	DYNAP	MANE Select
ENST00000585477.2	NM_001257964.2	BOD1L2	MANE Select
ENST00000389474.8	NM_213602.3	SIGLEC15	MANE Select
ENST00000322342.4	NM_175907.6	PTGR3	MANE Select
ENST00000579022.5	NM_001037331.3	SMIM21	MANE Select
ENST00000408945.5	NM_001123366.2	HMSD	MANE Select
ENST00000389623.11	NM_001144950.2	SSC5D	MANE Select
ENST00000282282.4	NM_173631.4	ZNF547	MANE Select
ENST00000597850.2	NM_001010879.4	ZIK1	MANE Select
ENST00000317178.10	NM_173632.4	ZNF776	MANE Select
ENST00000282326.6	NM_182572.4	ZSCAN1	MANE Select
ENST00000683561.1	NM_001142578.2	ZNF780A	MANE Select
ENST00000378313.7	NM_198476.5	ACTMAP	MANE Select
ENST00000341747.8	NM_199285.3	PRR19	MANE Select
ENST00000301204.8	NM_173633.3	TMEM145	MANE Select
ENST00000601181.6	NM_198477.3	CXCL17	MANE Select
ENST00000314228.10	NM_174945.3	ZNF575	MANE Select
ENST00000377950.8	NM_001031749.3	LYPD5	MANE Select
ENST00000618787.5	NM_181845.2	ZNF283	MANE Select
ENST00000221462.9	NM_019121.2	PPP1R37	MANE Select
ENST00000686631.1	NM_198478.4	NKPD1	MANE Select
ENST00000698655.1	NM_001397346.1	TPRX1	MANE Select
ENST00000318083.11	NM_001130915.2	MAMSTR	MANE Select
ENST00000332955.7	NM_182575.3	IZUMO1	MANE Select
ENST00000334976.11	NM_206538.4	EMC10	MANE Select
ENST00000594211.2	NM_012315.2	KLK9	MANE Select
ENST00000601727.6	NM_001385465.1	SIGLECL1	MANE Select
ENST00000598071.6	NM_001199324.2	ZNF615	MANE Select
ENST00000594440.6	NM_001136499.2	ZNF841	MANE Select
ENST00000324436.5	NM_178525.5	ACTL9	MANE Select
ENST00000641125.1	NM_001004699.3	OR2Z1	MANE Select
ENST00000358987.8	NM_001367172.2	ZNF763	MANE Select
ENST00000439326.8	NM_001136501.3	ZNF844	MANE Select
ENST00000601241.6	NM_001025591.4	SCGB2B2	MANE Select
ENST00000401500.7	NM_001083961.2	WDR62	MANE Select
ENST00000392161.4	NM_133466.4	ZFP82	MANE Select
ENST00000338372.7	NM_198481.4	VSTM1	MANE Select
ENST00000326652.9	NM_001282011.2	TMEM150B	MANE Select
ENST00000424985.3	NM_001145402.2	GARIN5B	MANE Select
ENST00000215531.6	NM_001136503.2	SMIM24	MANE Select
ENST00000321510.7	NM_173637.4	SLC25A41	MANE Select
ENST00000329753.5	NM_001136507.2	MBD3L5	MANE Select
ENST00000642092.2	NM_001004466.2	OR10H5	MANE Select
ENST00000524140.7	NM_001007525.5	NWD1	MANE Select
ENST00000318596.8	NM_178526.5	SLC25A42	MANE Select
ENST00000392288.7	NM_001076678.3	ZNF493	MANE Select
ENST00000315489.5	NM_182577.3	CIMAP1D	MANE Select
ENST00000392153.8	NM_001353803.2	ZNF875	MANE Select
ENST00000361886.4	NM_182759.3	TAFA3	MANE Select
ENST00000479191.2	NM_001144956.3	RIIAD1	MANE Select
ENST00000368817.10	NM_182578.4	THEM5	MANE Select
ENST00000688073.1	NM_001010881.2	C1orf167	MANE Select
ENST00000358120.4	NM_001395936.1	OR2L13	MANE Select
ENST00000367714.4	NM_178527.4	SLC9C2	MANE Select
ENST00000641093.1	NM_001001966.2	OR14A16	MANE Select
ENST00000371891.8	NM_001010969.4	CYP4A22	MANE Select
ENST00000371759.7	NM_001136508.2	C1orf185	MANE Select
ENST00000581897.7	NM_001385408.1	NBPF15	MANE Select
ENST00000370035.8	NM_001010883.3	EEIG2	MANE Select
ENST00000369872.4	NM_001040709.2	SYPL2	MANE Select
ENST00000420578.7	NM_182580.3	CYB561D1	MANE Select
ENST00000606888.3	NM_001039888.4	ANKRD34A	MANE Select
ENST00000356545.7	NM_001242908.2	RSPO1	MANE Select
ENST00000373048.9	NM_001099439.2	EPHA10	MANE Select
ENST00000367935.10	NM_182581.4	SPATA46	MANE Select
ENST00000340281.9	NM_182976.4	ZNF326	MANE Select
ENST00000636805.2	NM_001376131.1	BTBD8	MANE Select
ENST00000431473.4	NM_173642.4	RIMKLA	MANE Select
ENST00000294454.6	NM_207348.3	SLC25A34	MANE Select
ENST00000636176.2	NM_001387010.1	C20orf204	MANE Select
ENST00000359801.8	NM_001122962.2	SIRPB2	MANE Select
ENST00000608990.6	NM_182584.4	C20orf203	MANE Select
ENST00000334068.4	NM_181600.3	KRTAP13-4	MANE Select
ENST00000255858.12	NM_174977.4	SEC14L4	MANE Select
ENST00000469800.7	NM_001394463.1	SH2D6	MANE Select
ENST00000688554.1	NM_001393655.1	NT5DC4	MANE Select
ENST00000389175.9	NM_001080539.2	CCDC150	MANE Select
ENST00000295317.4	NM_173647.4	RNF149	MANE Select
ENST00000403610.9	NM_001002919.3	ALKAL2	MANE Select
ENST00000443758.7	NM_173648.4	CCDC141	MANE Select
ENST00000445927.7	NM_001163561.2	STPG4	MANE Select
ENST00000343216.3	NM_173821.3	RTP5	MANE Select
ENST00000404031.6	NM_001382368.1	FAM240C	MANE Select
ENST00000296097.8	NM_173650.3	DNAJC5G	MANE Select
ENST00000697325.1	NM_001290030.2	ERICH2	MANE Select
ENST00000497473.6	NM_001039613.3	IAH1	MANE Select
ENST00000681958.1	NM_001321623.1	HYCC2	MANE Select
ENST00000673920.1	NM_001371986.1	UNC80	MANE Select
ENST00000697321.1	NM_198483.4	RUFY4	MANE Select
ENST00000408999.4	NM_182588.3	RGPD4	MANE Select
ENST00000405954.2	NM_001370465.2	DUSP28	MANE Select
ENST00000496242.7	NR_015391.2	TUSC7	MANE Select
ENST00000316549.11	NM_173653.4	SLC9A9	MANE Select
ENST00000383701.8	NM_001278689.2	EOGT	MANE Select
ENST00000389672.10	NM_001080448.3	EPHA6	MANE Select
ENST00000296438.9	NM_207102.2	FBXW12	MANE Select
ENST00000318887.8	NM_173824.4	C3orf38	MANE Select
ENST00000415389.6	NM_001256613.2	HTR3E	MANE Select
ENST00000432264.4	NM_001145093.4	ZNF619	MANE Select
ENST00000339296.10	NM_198484.5	ZNF621	MANE Select
ENST00000273375.8	NM_173825.5	RABL3	MANE Select
ENST00000624688.2	NM_001007534.2	PRR23E	MANE Select
ENST00000282466.4	NM_178822.5	IGSF10	MANE Select
ENST00000340171.7	NM_001308229.2	C3orf33	MANE Select
ENST00000394672.8	NM_001141947.3	CCDC66	MANE Select
ENST00000305815.10	NM_183061.3	SLC9C1	MANE Select
ENST00000342649.9	NM_173826.4	TCAIM	MANE Select
ENST00000322734.2	NM_173658.4	ZNF660	MANE Select
ENST00000272902.10	NM_182760.4	SUMF1	MANE Select
ENST00000383820.10	NM_173659.5	RPUSD3	MANE Select
ENST00000412055.6	NM_207351.5	PRRT3	MANE Select
ENST00000488423.2	NM_206831.3	DPH3	MANE Select
ENST00000335012.3	NM_001025266.3	C3orf70	MANE Select
ENST00000345063.8	NM_198485.4	TPRG1	MANE Select
ENST00000636793.2	NM_001363507.2	IQCM	MANE Select
ENST00000333141.7	NM_001029955.4	DCAF4L1	MANE Select
ENST00000378802.5	NM_207352.4	CYP4V2	MANE Select
ENST00000340083.6	NM_173660.5	DOK7	MANE Select
ENST00000433731.7	NM_001131034.4	RNF212	MANE Select
ENST00000609438.2	NM_198281.3	GPRIN3	MANE Select
ENST00000507544.3	NM_001297732.2	COX18	MANE Select
ENST00000415895.9	NM_182592.3	YIPF7	MANE Select
ENST00000358350.9	NM_015030.2	FRYL	MANE Select
ENST00000347063.9	NM_173662.4	RNF175	MANE Select
ENST00000422728.3	NM_001145191.2	FAM200B	MANE Select
ENST00000295268.4	NM_174952.3	STPG2	MANE Select
ENST00000511828.2	NM_001354435.2	C4orf54	MANE Select
ENST00000398186.5	NM_001171183.2	EFCAB9	MANE Select
ENST00000311601.6	NM_001017995.3	SH3PXD2B	MANE Select
ENST00000697116.2	NM_001413826.1	FAM153A	MANE Select
ENST00000310389.6	NM_173664.6	ARL10	MANE Select
ENST00000682413.1	NM_001145678.3	KIAA0825	MANE Select
ENST00000380007.3	NM_199243.3	GPR150	MANE Select
ENST00000510708.6	NM_173666.4	DTWD2	MANE Select
ENST00000297164.8	NM_173828.5	RELL2	MANE Select
ENST00000381647.7	NM_175921.6	RIMOC1	MANE Select
ENST00000335230.8	NM_181774.4	SLC36A3	MANE Select
ENST00000435029.6	NM_001099293.3	KIF4B	MANE Select
ENST00000641492.1	NM_206880.2	OR2V2	MANE Select
ENST00000389100.9	NM_001113561.2	RNF180	MANE Select
ENST00000513458.9	NM_173829.4	SREK1IP1	MANE Select
ENST00000519564.2	NM_001178089.3	ZNF454	MANE Select
ENST00000513185.3	NM_001366508.1	RGMB	MANE Select
ENST00000517392.6	NM_001271852.3	CEP57L1	MANE Select
ENST00000521072.7	NM_173672.5	PPIL6	MANE Select
ENST00000338728.10	NM_001366458.2	DCBLD1	MANE Select
ENST00000502583.6	NM_001170692.2	CAGE1	MANE Select
ENST00000322583.5	NM_175922.4	PRR18	MANE Select
ENST00000636260.2	NM_001374623.1	PNPLA1	MANE Select
ENST00000341495.7	NM_198153.3	TREML4	MANE Select
ENST00000493763.7	NM_001366481.3	RPL7L1	MANE Select
ENST00000408890.6	NM_182595.4	POM121L12	MANE Select
ENST00000636446.2	NM_001393663.1	CNPY1	MANE Select
ENST00000693451.1	NM_001378423.2	SPDYE1	MANE Select
ENST00000684770.1	NM_001363538.2	TCAF2	MANE Select
ENST00000329630.10	NM_173680.4	ZNF775	MANE Select
ENST00000639579.2	NM_001317056.2	ATG9B	MANE Select
ENST00000331410.10	NM_213603.3	ZNF789	MANE Select
ENST00000312849.4	NM_182597.3	LSMEM1	MANE Select
ENST00000416569.3	NM_173683.4	XKR6	MANE Select
ENST00000287437.8	NM_173685.4	NSMCE2	MANE Select
ENST00000358656.9	NM_001100598.2	ZNF707	MANE Select
ENST00000388913.4	NM_198488.5	FAM83H	MANE Select
ENST00000318063.10	NM_181723.3	MICU3	MANE Select
ENST00000330701.7	NM_173832.6	ZFP41	MANE Select
ENST00000354914.8	NM_173833.6	SCARA5	MANE Select
ENST00000521988.6	NM_001171797.2	TRIQK	MANE Select
ENST00000414645.6	NM_181787.3	DPY19L4	MANE Select
ENST00000428847.3	NM_001029860.4	FBXO43	MANE Select
ENST00000623646.3	NM_001304533.3	NKAIN3	MANE Select
ENST00000685739.1	NM_001364910.1	PPP1R42	MANE Select
ENST00000373631.8	NM_173689.7	CRB2	MANE Select
ENST00000336505.11	NM_001144877.3	SCAI	MANE Select
ENST00000373295.7	NM_001012502.3	CFAP157	MANE Select
ENST00000325643.6	NM_178828.5	SPATA31E1	MANE Select
ENST00000371633.8	NM_178536.4	LCN12	MANE Select
ENST00000371620.4	NM_183241.3	PAXX	MANE Select
ENST00000409012.6	NM_001128228.3	TPRN	MANE Select
ENST00000358022.6	NM_001004125.3	TUSC1	MANE Select
ENST00000372271.4	NM_033387.4	FAM78A	MANE Select
ENST00000319264.4	NM_203403.2	LURAP1L	MANE Select
ENST00000259362.1	NM_001001956.1	OR13C9	MANE Select
ENST00000641530.1	NM_001004484.2	OR13D1	MANE Select
ENST00000342833.4	NM_199135.4	FOXD4L3	MANE Select
ENST00000682941.1	NM_001353812.2	ATP11C	MANE Select
ENST00000649329.2	NR_173140.2	LINC00632	MANE Select
ENST00000434992.1	NM_001319967.1	NLRP2B	MANE Select
ENST00000675318.3	NM_001388464.1	H2BW2	MANE Select
ENST00000462683.6	NM_173834.4	YIPF6	MANE Select
ENST00000378653.8	NM_001304548.2	CFAP47	MANE Select
ENST00000683942.1	NM_001171109.2	FAM133A	MANE Select
ENST00000325250.2	NM_173699.4	MAGEB18	MANE Select
ENST00000540220.6	NM_194324.4	TMSB15B	MANE Select
ENST00000381297.10	NM_178129.5	P2RY8	MANE Select
ENST00000344209.10	NM_001199799.2	ILDR1	MANE Select
ENST00000333813.4	NM_172367.3	TRARG1	MANE Select
ENST00000681046.1	NM_001366245.2	LIN9	MANE Select
ENST00000309784.9	NM_173084.3	TRIM59	MANE Select
ENST00000252250.7	NM_173086.5	KRT6C	MANE Select
ENST00000286349.4	NM_152616.5	TRIM42	MANE Select
ENST00000425534.8	NM_001134651.2	EIF4E3	MANE Select
ENST00000242505.11	NM_173348.2	FAM149B1	MANE Select
ENST00000380005.9	NM_001131066.2	RFESD	MANE Select
ENST00000341702.3	NM_173856.2	VN1R2	MANE Select
ENST00000311170.5	NM_173857.3	VN1R4	MANE Select
ENST00000713554.1	NM_173858.1	VN1R5	MANE Select
ENST00000293303.5	NM_152467.5	KLHL10	MANE Select
ENST00000335125.11	NM_198083.4	DHRS4L2	MANE Select
ENST00000299443.6	NM_174981.6	POTED	MANE Select
ENST00000321731.8	NM_174978.3	C14orf39	MANE Select
ENST00000380243.9	NM_001144995.2	CCDC85C	MANE Select
ENST00000331128.6	NM_175065.3	H2AC21	MANE Select
ENST00000397333.4	NM_175066.4	DDX51	MANE Select
ENST00000553443.6	NM_001310135.5	TTC6	MANE Select
ENST00000275198.1	NM_175067.1	TAAR6	MANE Select
ENST00000305748.7	NM_175068.3	KRT73	MANE Select
ENST00000327939.4	NM_175619.3	ZAR1	MANE Select
ENST00000392613.10	NM_001006638.3	RAB37	MANE Select
ENST00000545712.7	NM_052845.4	MMAB	MANE Select
ENST00000674397.2	NM_175739.4	SERPINA9	MANE Select
ENST00000309276.11	NM_005167.7	PPM1J	MANE Select
ENST00000332281.6	NM_178310.4	SNAI3	MANE Select
ENST00000403683.2	NM_001005464.3	H3C15	MANE Select
ENST00000403766.8	NM_001144072.2	UBAC2	MANE Select
ENST00000305031.5	NM_175856.5	CHSY3	MANE Select
ENST00000621162.1	NM_181606.3	KRTAP7-1	MANE Select
ENST00000329621.6	NM_175857.4	KRTAP8-1	MANE Select
ENST00000332378.6	NM_175858.3	KRTAP11-1	MANE Select
ENST00000390689.3	NM_181607.3	KRTAP19-1	MANE Select
ENST00000399889.4	NM_181621.4	KRTAP13-2	MANE Select
ENST00000390690.3	NM_181622.2	KRTAP13-3	MANE Select
ENST00000334160.6	NM_181624.1	KRTAP23-1	MANE Select
ENST00000329122.2	NM_181602.2	KRTAP6-1	MANE Select
ENST00000334897.4	NM_181604.2	KRTAP6-2	MANE Select
ENST00000391624.2	NM_001433434.1	KRTAP6-3	MANE Select
ENST00000334055.5	NM_181608.2	KRTAP19-2	MANE Select
ENST00000334063.6	NM_181609.4	KRTAP19-3	MANE Select
ENST00000334058.3	NM_181610.3	KRTAP19-4	MANE Select
ENST00000334151.3	NM_181611.3	KRTAP19-5	MANE Select
ENST00000334046.5	NM_181612.3	KRTAP19-6	MANE Select
ENST00000334849.2	NM_181614.3	KRTAP19-7	MANE Select
ENST00000334664.3	NM_181615.2	KRTAP20-1	MANE Select
ENST00000330798.3	NM_181616.3	KRTAP20-2	MANE Select
ENST00000335093.5	NM_181619.2	KRTAP21-1	MANE Select
ENST00000333892.3	NM_181617.3	KRTAP21-2	MANE Select
ENST00000334680.3	NM_181620.2	KRTAP22-1	MANE Select
ENST00000382826.2	NM_001128077.1	KRTAP20-3	MANE Select
ENST00000302250.7	NM_176782.3	FAM151A	MANE Select
ENST00000332836.7	NM_176820.4	NLRP9	MANE Select
ENST00000691676.1	NM_001391958.1	NLRP10	MANE Select
ENST00000299481.5	NM_176822.4	NLRP14	MANE Select
ENST00000368729.9	NM_176823.4	S100A7A	MANE Select
ENST00000622500.2	NM_178172.6	GPIHBP1	MANE Select
ENST00000299665.3	NM_080387.5	CLEC4D	MANE Select
ENST00000448696.4	NM_176891.5	IFNE	MANE Select
ENST00000617070.5	NM_001164522.3	RAB7B	MANE Select
ENST00000332690.1	NM_177437.1	TAS2R60	MANE Select
ENST00000332826.7	NM_001012302.3	ANO9	MANE Select
ENST00000328880.6	NM_177551.4	HCAR2	MANE Select
ENST00000371481.9	NM_001195755.2	FFAR4	MANE Select
ENST00000334549.1	NM_181840.1	KCNK18	MANE Select
ENST00000377602.5	NM_001004470.3	ST8SIA6	MANE Select
ENST00000338487.6	NM_001003892.3	DUSP29	MANE Select
ENST00000336930.11	NM_001009909.4	LUZP2	MANE Select
ENST00000334418.6	NM_198489.3	CENATAC	MANE Select
ENST00000375026.7	NM_001013743.3	TMEM225	MANE Select
ENST00000641687.1	NM_001005197.2	OR8D4	MANE Select
ENST00000686984.1	NM_001365077.2	VSIG10L2	MANE Select
ENST00000278409.1	NM_003697.1	OR5F1	MANE Select
ENST00000544374.3	NM_001002925.1	OR5AP2	MANE Select
ENST00000511455.7	NM_207354.3	ANKRD13D	MANE Select
ENST00000533342.6	NM_001300975.2	ANKRD42	MANE Select
ENST00000329962.11	NM_178537.5	B4GALNT4	MANE Select
ENST00000332249.4	NM_001005173.3	OR52L1	MANE Select
ENST00000641124.1	NM_001004490.2	OR2AG2	MANE Select
ENST00000334221.5	NM_001008223.2	C1QL4	MANE Select
ENST00000392806.4	NM_181724.3	TMEM119	MANE Select
ENST00000330553.6	NM_175834.3	KRT79	MANE Select
ENST00000416284.8	NM_178539.5	TAFA2	MANE Select
ENST00000332018.5	NM_178540.5	C1QTNF9	MANE Select
ENST00000430083.2	NM_001386206.3	RNASE10	MANE Select
ENST00000261980.3	NM_182894.3	VSX2	MANE Select
ENST00000341689.4	NM_001080462.3	TMEM202	MANE Select
ENST00000280606.7	NM_001039503.3	PRSS53	MANE Select
ENST00000315150.10	NM_198490.3	RAB43	MANE Select
ENST00000609261.6	NM_001005920.4	JMJD8	MANE Select
ENST00000539556.6	NM_198491.3	CIBAR2	MANE Select
ENST00000576060.6	NM_001320436.2	TMEM95	MANE Select
ENST00000311506.10	NM_181725.4	METTL2A	MANE Select
ENST00000397861.7	NM_001085430.4	C17orf67	MANE Select
ENST00000328313.10	NM_178543.5	ENPP7	MANE Select
ENST00000374741.4	NM_001039842.3	OXLD1	MANE Select
ENST00000329214.13	NM_199287.3	CCDC137	MANE Select
ENST00000622299.5	NM_001040025.3	ARL16	MANE Select
ENST00000398532.9	NM_001365919.1	MSL1	MANE Select
ENST00000383467.3	NM_001105581.3	LRRC30	MANE Select
ENST00000299721.3	NM_181654.4	CPLX4	MANE Select
ENST00000492450.3	NM_001029997.4	ZNF181	MANE Select
ENST00000523638.6	NM_001166037.2	ZNF260	MANE Select
ENST00000347077.9	NM_178544.5	ZNF546	MANE Select
ENST00000322217.6	NM_001012643.4	MYPOP	MANE Select
ENST00000341294.4	NM_001029861.3	NANOS2	MANE Select
ENST00000330475.9	NM_213604.3	ADAMTSL5	MANE Select
ENST00000328853.11	NM_198492.4	CLEC4G	MANE Select
ENST00000368820.4	NM_001004432.4	LINGO4	MANE Select
ENST00000368318.5	NM_181885.3	RXFP4	MANE Select
ENST00000333279.3	NM_198493.3	ANKRD45	MANE Select
ENST00000361605.4	NM_207356.3	C1orf174	MANE Select
ENST00000338591.8	NM_198317.3	KLHL17	MANE Select
ENST00000378733.9	NM_001114748.2	TMEM240	MANE Select
ENST00000310991.8	NM_178545.4	TMEM52	MANE Select
ENST00000367462.5	NM_199051.3	BRINP3	MANE Select
ENST00000468695.6	NM_178547.5	ZBTB8OS	MANE Select
ENST00000373235.4	NM_178548.4	TFAP2E	MANE Select
ENST00000343776.10	NM_001367909.1	ZNF678	MANE Select
ENST00000366757.4	NM_183062.3	PRSS38	MANE Select
ENST00000367912.7	NM_001394065.1	CCDC190	MANE Select
ENST00000535358.6	NM_001145636.2	ARMH1	MANE Select
ENST00000372706.6	NM_001320179.2	ZFP69	MANE Select
ENST00000343605.5	NM_001001479.4	SLC35E4	MANE Select
ENST00000381821.2	NM_001163857.2	CIMIP4	MANE Select
ENST00000381348.5	NM_001395940.1	SMIM45	MANE Select
ENST00000280098.9	NM_001001664.3	SPOPL	MANE Select
ENST00000664447.2	NM_001367502.1	CYP27C1	MANE Select
ENST00000389758.4	NM_001394639.1	MROH2A	MANE Select
ENST00000343063.8	NM_194312.4	ESPNL	MANE Select
ENST00000329615.4	NM_001105519.3	CIMIP2C	MANE Select
ENST00000335524.7	NM_178553.4	PRR30	MANE Select
ENST00000432605.3	NM_001143959.4	C2orf74	MANE Select
ENST00000476379.6	NM_181426.2	CCDC39	MANE Select
ENST00000452691.7	NM_001135197.2	IHO1	MANE Select
ENST00000423778.7	NM_178554.6	KY	MANE Select
ENST00000282538.10	NM_207359.3	GADL1	MANE Select
ENST00000682701.1	NM_001394954.1	CCDC158	MANE Select
ENST00000508048.6	NM_001114387.2	TMPRSS11A	MANE Select
ENST00000332517.4	NM_178556.5	TRIML1	MANE Select
ENST00000682860.1	NM_001024611.3	LRRC66	MANE Select
ENST00000423729.3	NM_178557.4	NAT8L	MANE Select
ENST00000304460.11	NM_001003841.3	SLC6A19	MANE Select
ENST00000330794.9	NM_198282.4	STING1	MANE Select
ENST00000695508.1	NM_001367956.1	FAM170A	MANE Select
ENST00000328668.8	NM_001012301.4	ARSI	MANE Select
ENST00000600799.3	NM_001371919.1	H3Y2	MANE Select
ENST00000338682.8	NM_001004441.3	ANKRD34B	MANE Select
ENST00000331858.5	NM_001008783.3	SLC35D3	MANE Select
ENST00000409806.8	NM_207360.3	ZC3H12D	MANE Select
ENST00000274643.9	NM_001012418.5	MYLK4	MANE Select
ENST00000370370.4	NM_001025290.3	DPPA5	MANE Select
ENST00000373861.6	NM_001010886.5	CLPSL1	MANE Select
ENST00000426005.7	NM_178174.4	TREML1	MANE Select
ENST00000309683.11	NM_178558.5	ZNF680	MANE Select
ENST00000316333.9	NM_001080461.3	UNCX	MANE Select
ENST00000399429.8	NM_001037763.3	COL28A1	MANE Select
ENST00000404938.7	NM_001163941.2	ABCB5	MANE Select
ENST00000344962.9	NM_199136.5	FAM221A	MANE Select
ENST00000470691.2	NM_178561.5	CTAGE6	MANE Select
ENST00000486685.3	NM_178562.5	TSPAN33	MANE Select
ENST00000436302.6	NM_178563.4	AGBL3	MANE Select
ENST00000684634.1	NM_001081675.3	KLHL38	MANE Select
ENST00000442628.7	NM_178564.4	NRBP2	MANE Select
ENST00000359971.4	NM_213605.3	ZNF517	MANE Select
ENST00000323662.9	NM_001316309.2	WDR97	MANE Select
ENST00000696146.1	NM_001280561.2	CATSPERQ	MANE Select
ENST00000276659.10	NM_178565.5	RSPO2	MANE Select
ENST00000380916.9	NM_178566.6	ZDHHC21	MANE Select
ENST00000340967.3	NM_001010887.3	ACER2	MANE Select
ENST00000609883.3	NM_001405151.1	RTL5	MANE Select
ENST00000633930.2	NM_001013627.3	NHSL2	MANE Select
ENST00000373519.1	NM_001012977.3	PABPC1L2A	MANE Select
ENST00000055682.12	NM_001008537.3	NEXMIF	MANE Select
ENST00000333643.4	NM_001012978.3	BEX5	MANE Select
ENST00000372680.2	NM_001012979.3	TCEAL5	MANE Select
ENST00000217957.10	NM_182607.5	VSIG1	MANE Select
ENST00000338957.5	NM_001010888.4	ZC3H12B	MANE Select
ENST00000644105.2	NM_001367857.2	SATL1	MANE Select
ENST00000360028.4	NM_001013628.3	DCAF12L2	MANE Select
ENST00000695839.1	NM_001395362.2	RTL4	MANE Select
ENST00000371968.8	NM_178175.4	LHFPL1	MANE Select
ENST00000342995.4	NM_203407.3	EZHIP	MANE Select
ENST00000404743.9	NM_001128215.1	LIPM	MANE Select
ENST00000651965.1	NM_183374.3	CYP26C1	MANE Select
ENST00000392982.8	NM_001272046.2	VWA2	MANE Select
ENST00000425699.3	NM_199461.4	NANOS1	MANE Select
ENST00000372113.7	NM_001017924.5	LRIT2	MANE Select
ENST00000357878.7	NM_001105574.2	HMX3	MANE Select
ENST00000648824.2	NM_001395972.1	AKR1C8	MANE Select
ENST00000454679.7	NM_001142308.3	MALRD1	MANE Select
ENST00000422359.3	NM_001394757.1	EBLN1	MANE Select
ENST00000345043.2	NM_001005162.2	OR52B6	MANE Select
ENST00000399397.6	NM_001292063.2	OTOG	MANE Select
ENST00000684477.1	NM_001387274.1	DCDC1	MANE Select
ENST00000280325.7	NM_198498.3	POU2AF2	MANE Select
ENST00000308287.2	NM_206893.4	MS4A10	MANE Select
ENST00000641504.1	NM_001405852.1	OR2AT4	MANE Select
ENST00000315765.10	NM_001098672.2	HEPHL1	MANE Select
ENST00000641461.1	NM_001004460.2	OR10A2	MANE Select
ENST00000533663.6	NM_198185.7	OVCH2	MANE Select
ENST00000535986.2	NM_001395208.2	SMCO2	MANE Select
ENST00000537054.2	NM_001353179.2	OVCH1	MANE Select
ENST00000228567.7	NM_198992.4	SYT10	MANE Select
ENST00000399422.5	NM_001080454.2	ACSM4	MANE Select
ENST00000301190.11	NM_182608.4	ANKRD33	MANE Select
ENST00000641202.1	NM_054105.2	OR6C2	MANE Select
ENST00000641569.1	NM_001005494.2	OR6C4	MANE Select
ENST00000335017.1	NM_181788.1	H1-7	MANE Select
ENST00000641651.1	NM_001390849.1	OR8S1	MANE Select
ENST00000280481.9	NM_207361.6	FREM2	MANE Select
ENST00000684899.1	NM_001365552.1	NEK5	MANE Select
ENST00000320704.3	NM_001001968.1	OR6S1	MANE Select
ENST00000556826.6	NM_001306087.2	SLC35F4	MANE Select
ENST00000570145.2	NM_001395648.1	LRRC9	MANE Select
ENST00000342144.3	NM_182971.3	COX8C	MANE Select
ENST00000335449.11	NM_181789.4	GLDN	MANE Select
ENST00000290438.3	NM_001038640.2	GOLGA6A	MANE Select
ENST00000359440.6	NM_001080532.3	TMC3	MANE Select
ENST00000354377.8	NM_001004309.3	ZNF774	MANE Select
ENST00000616417.5	NM_001277313.2	FMN1	MANE Select
ENST00000444310.5	NM_001145011.2	C16orf96	MANE Select
ENST00000328086.12	NM_001012981.5	ZKSCAN2	MANE Select
ENST00000427980.7	NM_001137675.4	ATXN1L	MANE Select
ENST00000620267.2	NM_181536.2	PKD1L3	MANE Select
ENST00000392619.2	NM_181449.3	CD300E	MANE Select
ENST00000389313.9	NM_001114974.2	SMTNL2	MANE Select
ENST00000521764.3	NM_199290.4	NACA2	MANE Select
ENST00000301656.4	NM_181537.4	KRT27	MANE Select
ENST00000674182.1	NM_001129820.2	SLFN14	MANE Select
ENST00000333461.6	NM_198993.5	STAC2	MANE Select
ENST00000587848.3	NM_001277333.2	ANKRD62	MANE Select
ENST00000335523.8	NM_001146339.2	VSTM2B	MANE Select
ENST00000591344.2	NM_001193552.2	ZNF850	MANE Select
ENST00000339852.5	NM_001001414.2	NCCRP1	MANE Select
ENST00000318438.7	NM_001080468.4	SYCN	MANE Select
ENST00000638280.2	NM_001382345.1	LEUTX	MANE Select
ENST00000587539.2	NM_001033719.3	ZNF404	MANE Select
ENST00000421176.4	NM_001037813.4	ZNF284	MANE Select
ENST00000425202.6	NM_001195076.2	C19orf81	MANE Select
ENST00000598513.6	NM_182609.4	ZNF677	MANE Select
ENST00000434937.3	NM_001145014.2	RFPL4A	MANE Select
ENST00000586855.7	NM_001080456.5	ZSCAN5B	MANE Select
ENST00000329665.5	NM_181846.3	ZSCAN22	MANE Select
ENST00000339133.6	NM_001098622.3	NANOS3	MANE Select
ENST00000669674.2	NM_001145028.2	PALM3	MANE Select
ENST00000680073.1	NM_001164688.2	RD3	MANE Select
ENST00000376221.2	NM_001013630.2	AADACL4	MANE Select
ENST00000622421.3	NM_001013407.5	PRAMEF5	MANE Select
ENST00000317869.7	NM_001013631.3	HNRNPCL1	MANE Select
ENST00000415919.3	NM_001010890.3	PRAMEF9	MANE Select
ENST00000235347.4	NM_001039361.4	PRAMEF10	MANE Select
ENST00000690025.1	NM_001378204.1	CCDC18	MANE Select
ENST00000641470.1	NM_001005286.2	OR6F1	MANE Select
ENST00000283225.2	NM_001004732.2	OR14K1	MANE Select
ENST00000360358.3	NM_001001957.2	OR2W3	MANE Select
ENST00000641945.2	NM_001005522.2	OR2T8	MANE Select
ENST00000359594.3	NM_001005495.1	OR2T3	MANE Select
ENST00000357155.2	NM_001010985.3	MYBPHL	MANE Select
ENST00000641067.1	NM_001395749.1	OR10R2	MANE Select
ENST00000368106.4	NM_001004310.3	FCRL6	MANE Select
ENST00000294725.14	NM_198503.5	KCNT2	MANE Select
ENST00000370445.5	NM_020063.2	BARHL2	MANE Select
ENST00000339355.3	NM_001377534.1	DYNLT4	MANE Select
ENST00000641069.1	NM_001004694.3	OR2T29	MANE Select
ENST00000373345.9	NM_001164431.3	ARHGAP40	MANE Select
ENST00000217260.9	NM_001029871.4	RSPO4	MANE Select
ENST00000202625.7	NM_198994.3	TGM6	MANE Select
ENST00000562532.3	NM_001011718.2	XKR7	MANE Select
ENST00000281047.4	NM_001105569.3	MSGN1	MANE Select
ENST00000397899.7	NM_207362.3	CRACDL	MANE Select
ENST00000332372.6	NM_001004311.3	FIGLA	MANE Select
ENST00000398468.4	NM_001134462.2	NOTO	MANE Select
ENST00000425953.6	NM_001395961.1	ZNF892	MANE Select
ENST00000409261.6	NM_207363.3	NCKAP5	MANE Select
ENST00000428390.3	NM_001135649.3	FOXI3	MANE Select
ENST00000308618.5	NM_001080458.2	EVX2	MANE Select
ENST00000451199.7	NM_001397900.1	CDKL4	MANE Select
ENST00000309415.8	NM_001099289.3	SH3RF3	MANE Select
ENST00000309926.4	NM_207364.2	GPR148	MANE Select
ENST00000340806.7	NM_001080460.3	LRRIQ4	MANE Select
ENST00000335556.7	NM_001304366.2	SAMD7	MANE Select
ENST00000356517.4	NM_207365.4	AADACL2	MANE Select
ENST00000389740.3	NM_001038705.3	GPR149	MANE Select
ENST00000360311.5	NM_001137674.3	ZNF860	MANE Select
ENST00000452346.7	NM_001395507.1	TMPRSS7	MANE Select
ENST00000488794.6	NM_001199215.3	CD200R1L	MANE Select
ENST00000340634.6	NM_198504.4	PAQR9	MANE Select
ENST00000358241.1	NM_001004312.2	RTP2	MANE Select
ENST00000682035.1	NM_198184.2	OSTN	MANE Select
ENST00000342358.9	NM_198505.4	ATP13A5	MANE Select
ENST00000623665.2	NM_001354631.1	REELD1	MANE Select
ENST00000455694.7	NM_183375.5	PRSS48	MANE Select
ENST00000334306.4	NM_001029870.3	SOWAHB	MANE Select
ENST00000594814.6	NM_198506.5	LRIT3	MANE Select
ENST00000438480.7	NM_001042690.2	MSANTD1	MANE Select
ENST00000273905.7	NM_197965.3	SLC10A6	MANE Select
ENST00000328546.5	NM_178135.5	HSD17B13	MANE Select
ENST00000358571.3	NM_001029886.3	PFN3	MANE Select
ENST00000444149.7	NM_001136116.3	ZNF879	MANE Select
ENST00000377801.8	NM_001005473.3	PLCXD3	MANE Select
ENST00000522154.2	NM_001145805.2	IRGM	MANE Select
ENST00000338333.5	NM_001355274.2	FBLL1	MANE Select
ENST00000513312.3	NM_001190787.3	MCIDAS	MANE Select
ENST00000423391.3	NM_001017992.4	ACTBL2	MANE Select
ENST00000312637.5	NM_198507.3	FAM174A	MANE Select
ENST00000512528.3	NM_001363818.2	MTX3	MANE Select
ENST00000229554.10	NM_001010892.3	RSPH4A	MANE Select
ENST00000541398.7	NM_001077706.3	ECT2L	MANE Select
ENST00000503581.6	NM_001142800.2	EYS	MANE Select
ENST00000244576.9	NM_001076781.3	ZNF391	MANE Select
ENST00000376883.2	NM_001109809.5	ZFP57	MANE Select
ENST00000388975.4	NM_207366.3	SEPTIN14	MANE Select
ENST00000400331.10	NM_182762.4	MACC1	MANE Select
ENST00000418316.2	NM_001001667.1	OR6V1	MANE Select
ENST00000641592.1	NM_001004135.2	OR2A12	MANE Select
ENST00000641044.2	NM_001005287.2	OR2A1	MANE Select
ENST00000398291.4	NM_001102386.3	GNAT3	MANE Select
ENST00000223114.9	NM_178176.4	MOGAT3	MANE Select
ENST00000682356.1	NM_001128926.4	GARIN1A	MANE Select
ENST00000662584.2	NM_001394401.1	STRA8	MANE Select
ENST00000340940.5	NM_198508.4	KLRG2	MANE Select
ENST00000518568.3	NM_001010893.3	SLC10A5	MANE Select
ENST00000696331.1	NM_001395425.1	ADGRD2	MANE Select
ENST00000623824.2	NM_198180.3	QRFP	MANE Select
ENST00000259357.3	NM_001004451.1	OR1J1	MANE Select
ENST00000623530.2	NM_001004450.3	OR1B1	MANE Select
ENST00000402558.7	NM_194313.4	KIF24	MANE Select
ENST00000377694.2	NM_001007563.3	IGFBPL1	MANE Select
ENST00000307584.6	NM_001018116.2	CAVIN4	MANE Select
ENST00000338637.13	NM_007137.5	ZNF81	MANE Select
ENST00000218436.7	NM_198510.3	ITIH6	MANE Select
ENST00000378619.4	NM_001170331.2	LANCL3	MANE Select
ENST00000423387.4	NM_001195522.3	MPC1L	MANE Select
ENST00000451261.7	NM_001353450.2	DCAF8L2	MANE Select
ENST00000343905.5	NM_001105576.3	SOWAHD	MANE Select
ENST00000338616.6	NM_001004486.1	OR13H1	MANE Select
ENST00000695460.1	NM_001353453.3	CCDC160	MANE Select
ENST00000370540.2	NM_001013403.3	CXorf66	MANE Select
ENST00000333026.4	NM_198512.3	DGAT2L6	MANE Select
ENST00000374473.6	NM_001363807.1	RAB41	MANE Select
ENST00000381130.3	NM_001011719.2	ARSH	MANE Select
ENST00000602297.1	NM_001271752.1	MAGEB5	MANE Select
ENST00000417339.4	NM_001355276.2	CENPVL3	MANE Select
ENST00000697560.1	NM_001396022.1	GNG5B	MANE Select
ENST00000568584.6	NM_177987.3	TUBB8	MANE Select
ENST00000295057.4	NM_178839.5	LRRTM1	MANE Select
ENST00000361320.5	NM_178011.5	LRRTM3	MANE Select
ENST00000282611.8	NM_178019.3	CATSPER3	MANE Select
ENST00000259818.8	NM_178012.5	TUBB2B	MANE Select
ENST00000393812.4	NM_178148.4	SLC35B2	MANE Select
ENST00000373709.8	NM_178865.5	SERINC2	MANE Select
ENST00000333911.9	NM_001349018.2	NME9	MANE Select
ENST00000328801.6	NM_001272005.2	OTOP3	MANE Select
ENST00000259983.8	NM_001145020.3	C6orf52	MANE Select
ENST00000335385.4	NM_005995.5	TBX10	MANE Select
ENST00000319863.13	NM_182612.4	GATD1	MANE Select
ENST00000550413.2	NM_001370299.1	AMIGO2	MANE Select
ENST00000375353.5	NM_182614.4	TMEM255B	MANE Select
ENST00000300069.5	NM_194272.3	RBPMS2	MANE Select
ENST00000319580.13	NM_182703.6	ANKDD1A	MANE Select
ENST00000357484.10	NM_182616.4	ARPIN	MANE Select
ENST00000329697.10	NM_001105069.2	ACSM2B	MANE Select
ENST00000288040.11	NM_001370523.4	CLEC18A	MANE Select
ENST00000453996.7	NM_001012759.3	CTU2	MANE Select
ENST00000330137.12	NM_182620.4	SKA2	MANE Select
ENST00000455127.7	NM_207368.5	MCRIP1	MANE Select
ENST00000335426.9	NM_182704.2	SELENOV	MANE Select
ENST00000597700.6	NM_001321981.2	ZNF530	MANE Select
ENST00000517870.2	NM_001042693.3	SHISAL2A	MANE Select
ENST00000375662.5	NM_182623.3	FAM131C	MANE Select
ENST00000381254.7	NM_001130009.3	GEN1	MANE Select
ENST00000420128.6	NM_001363886.2	FTCDNL1	MANE Select
ENST00000332629.7	NM_182627.3	WDR53	MANE Select
ENST00000383693.8	NM_001085451.2	LNP1	MANE Select
ENST00000352312.6	NM_182628.3	CFAP100	MANE Select
ENST00000324642.4	NM_182632.3	SLC6A18	MANE Select
ENST00000311946.8	NM_001099287.2	NIPAL4	MANE Select
ENST00000303230.6	NM_021072.4	HCN1	MANE Select
ENST00000340413.7	NM_198887.3	NUP43	MANE Select
ENST00000429591.4	NM_182633.3	ZNF713	MANE Select
ENST00000334493.11	NM_198285.3	WDR86	MANE Select
ENST00000312891.3	NM_181538.3	GJC3	MANE Select
ENST00000377413.3	NM_199244.3	FOXD4L4	MANE Select
ENST00000704800.1	NM_001401600.1	NMNAT3	MANE Select
ENST00000338832.4	NM_001145024.1	PLET1	MANE Select
ENST00000335099.8	NM_178570.3	RTN4RL2	MANE Select
ENST00000582579.6	NM_001331076.1	GPR142	MANE Select
ENST00000524407.7	NM_001256715.2	DNAAF3	MANE Select
ENST00000329722.8	NM_001010905.3	C6orf58	MANE Select
ENST00000358491.9	NM_001001415.4	ZNF429	MANE Select
ENST00000367360.7	NM_001001788.4	RAET1G	MANE Select
ENST00000376874.9	NM_178314.5	RILPL1	MANE Select
ENST00000335123.4	NM_178348.2	LCE1A	MANE Select
ENST00000360090.4	NM_178349.2	LCE1B	MANE Select
ENST00000607093.2	NM_178351.4	LCE1C	MANE Select
ENST00000326233.7	NM_178352.3	LCE1D	MANE Select
ENST00000368770.4	NM_178353.2	LCE1E	MANE Select
ENST00000334371.4	NM_178354.3	LCE1F	MANE Select
ENST00000368779.2	NM_178428.4	LCE2A	MANE Select
ENST00000368783.2	NM_178429.5	LCE2C	MANE Select
ENST00000368784.2	NM_178430.4	LCE2D	MANE Select
ENST00000335674.1	NM_178431.1	LCE3A	MANE Select
ENST00000335633.1	NM_178433.1	LCE3B	MANE Select
ENST00000684028.1	NM_178434.3	LCE3C	MANE Select
ENST00000368789.2	NM_178435.4	LCE3E	MANE Select
ENST00000437605.4	NM_001388465.1	TBC1D26	MANE Select
ENST00000334266.1	NM_181429.2	TAS2R42	MANE Select
ENST00000334586.10	NM_180990.4	ZACN	MANE Select
ENST00000310954.7	NM_180991.5	SLCO4C1	MANE Select
ENST00000619609.1	NM_207421.4	PADI6	MANE Select
ENST00000444122.3	NM_001395999.1	RAMACL	MANE Select
ENST00000396077.8	NM_181489.6	ZNF445	MANE Select
ENST00000335552.5	NM_181539.5	KRT26	MANE Select
ENST00000294854.13	NM_001137669.2	RGSL1	MANE Select
ENST00000335174.6	NM_181726.4	ANKRD37	MANE Select
ENST00000360770.3	NM_181684.3	KRTAP12-2	MANE Select
ENST00000334325.2	NM_181727.2	SPATA12	MANE Select
ENST00000391617.1	NM_181686.2	KRTAP12-1	MANE Select
ENST00000380095.2	NM_181688.3	KRTAP10-10	MANE Select
ENST00000334425.2	NM_001381946.1	GPR141	MANE Select
ENST00000683810.1	NM_001207005.2	ZNF233	MANE Select
ENST00000427199.3	NM_021649.7	TICAM2	MANE Select
ENST00000511885.6	NM_181808.4	POLN	MANE Select
ENST00000331593.6	NM_181809.4	BMP8A	MANE Select
ENST00000250823.5	NM_181880.2	VCY1B	MANE Select
ENST00000432233.8	NM_021250.4	LILRA5	MANE Select
ENST00000375494.4	NM_001376932.3	BPIFB3	MANE Select
ENST00000345088.3	NM_199286.4	DPPA3	MANE Select
ENST00000640199.4	NM_182705.3	RFLNB	MANE Select
ENST00000366609.4	NM_182972.3	IRF2BP2	MANE Select
ENST00000367405.5	NM_194314.3	ZBTB41	MANE Select
ENST00000382119.1	NM_001145465.1	NANOGNB	MANE Select
ENST00000696167.1	NM_001395513.1	TMPRSS9	MANE Select
ENST00000371763.6	NM_182974.3	GLT6D1	MANE Select
ENST00000422730.4	NM_001282275.2	PRAC2	MANE Select
ENST00000399677.5	NM_001395501.1	PRSS41	MANE Select
ENST00000358406.10	NM_015917.3	GSTK1	MANE Select
ENST00000532404.6	NM_203494.5	USP50	MANE Select
ENST00000542735.2	NM_194249.3	DND1	MANE Select
ENST00000395906.8	NM_006382.4	FBXW10B	MANE Select
ENST00000233627.14	NM_024407.5	NDUFS7	MANE Select
ENST00000369301.3	NM_198514.4	NHLRC2	MANE Select
ENST00000333254.4	NM_198515.3	CCDC172	MANE Select
ENST00000227756.5	NM_198516.3	GALNT18	MANE Select
ENST00000338965.9	NM_001202439.3	NCR3LG1	MANE Select
ENST00000343597.4	NM_198947.4	FAM111B	MANE Select
ENST00000333449.9	NM_199337.3	TMEM179B	MANE Select
ENST00000542590.2	NM_001369496.1	TBC1D10C	MANE Select
ENST00000339764.6	NM_153614.4	DNAJB13	MANE Select
ENST00000341809.8	NM_175078.3	KRT77	MANE Select
ENST00000644991.3	NM_001145026.2	PTPRQ	MANE Select
ENST00000548883.6	NM_198521.5	C12orf42	MANE Select
ENST00000551177.6	NM_001080464.3	ASPG	MANE Select
ENST00000696102.1	NM_001395496.1	TEX9	MANE Select
ENST00000394412.8	NM_198525.3	KIF7	MANE Select
ENST00000268154.9	NM_198526.4	ZNF710	MANE Select
ENST00000394272.8	NM_001286451.2	HDDC3	MANE Select
ENST00000441824.4	NM_199456.3	SPMIP8	MANE Select
ENST00000323675.4	NM_199339.3	SPEM1	MANE Select
ENST00000394835.8	NM_198529.4	EFCAB5	MANE Select
ENST00000584306.6	NM_199340.5	LRRC37A3	MANE Select
ENST00000690538.1	NM_001367607.2	ANKRD30B	MANE Select
ENST00000383096.8	NM_001105528.4	CCDC178	MANE Select
ENST00000426216.6	NM_198531.5	ATP9B	MANE Select
ENST00000342063.5	NM_198532.3	PEAK3	MANE Select
ENST00000339423.7	NM_198706.3	HSD11B1L	MANE Select
ENST00000361664.7	NM_198534.3	SAXO5	MANE Select
ENST00000591998.6	NM_198535.3	ZNF699	MANE Select
ENST00000354882.10	NM_198536.3	TMEM205	MANE Select
ENST00000514277.6	NM_198537.4	YJEFN3	MANE Select
ENST00000452271.7	NM_001166034.2	SBSN	MANE Select
ENST00000391711.8	NM_001037232.4	ZNF829	MANE Select
ENST00000333987.12	NM_198539.4	ZNF568	MANE Select
ENST00000691102.1	NM_001385648.2	B3GNT8	MANE Select
ENST00000437936.2	NM_198541.2	IGFL1	MANE Select
ENST00000614654.2	NM_199341.4	ZSWIM9	MANE Select
ENST00000282292.9	NM_198542.3	ZNF773	MANE Select
ENST00000294485.6	NM_198545.4	DRAXIN	MANE Select
ENST00000335496.5	NM_198546.1	SPATA21	MANE Select
ENST00000372521.9	NM_199342.4	SVBP	MANE Select
ENST00000334122.5	NM_001145474.4	TEX38	MANE Select
ENST00000421030.7	NM_001039464.4	MROH7	MANE Select
ENST00000370791.9	NM_001416120.1	MIGA1	MANE Select
ENST00000292357.8	NM_001080471.3	PEAR1	MANE Select
ENST00000271375.7	NM_199344.3	SFT2D2	MANE Select
ENST00000344922.10	NM_198551.4	MIA3	MANE Select
ENST00000366788.8	NM_001003665.4	STUM	MANE Select
ENST00000366654.5	NM_198552.3	FAM89A	MANE Select
ENST00000313213.5	NM_199346.3	PFN4	MANE Select
ENST00000615575.5	NM_001145710.2	FAM228B	MANE Select
ENST00000420699.9	NM_001354587.1	ANKRD36	MANE Select
ENST00000331426.6	NM_198557.3	RBM43	MANE Select
ENST00000410087.8	NM_201548.5	CERKL	MANE Select
ENST00000289388.4	NM_198559.2	CATIP	MANE Select
ENST00000316997.9	NM_001080504.3	RBM44	MANE Select
ENST00000337801.9	NM_198998.3	AQP12A	MANE Select
ENST00000287585.8	NM_198560.3	LHFPL4	MANE Select
ENST00000309765.4	NM_001145030.2	TOPAZ1	MANE Select
ENST00000343010.8	NM_198562.3	C3orf62	MANE Select
ENST00000355083.11	NM_198563.5	STIMATE	MANE Select
ENST00000328557.5	NM_198565.3	NRROS	MANE Select
ENST00000306862.7	NM_198566.4	C5orf34	MANE Select
ENST00000403625.7	NM_001164664.2	MAST4	MANE Select
ENST00000429602.7	NM_001308195.2	SIMC1	MANE Select
ENST00000525899.6	NM_198568.3	GJB7	MANE Select
ENST00000340652.5	NM_198570.5	VWC2	MANE Select
ENST00000323819.8	NM_198924.4	TRIM73	MANE Select
ENST00000300303.7	NM_198571.3	NAT16	MANE Select
ENST00000306312.8	NM_198999.3	SLC26A5	MANE Select
ENST00000424859.7	NM_199000.3	LHFPL3	MANE Select
ENST00000610776.5	NM_001366122.1	KCP	MANE Select
ENST00000377470.8	NM_198572.3	SPATC1	MANE Select
ENST00000399775.3	NM_198573.3	ENHO	MANE Select
ENST00000340434.5	NM_001099666.2	PTAR1	MANE Select
ENST00000653738.2	NM_020207.7	ERCC6L2	MANE Select
ENST00000418976.3	NM_001318089.2	SWI5	MANE Select
ENST00000372478.5	NM_199350.4	C9orf50	MANE Select
ENST00000406427.6	NM_001098537.3	PNPLA7	MANE Select
ENST00000379370.7	NM_198576.4	AGRN	MANE Select
ENST00000650725.2	NM_199001.5	CYSRT1	MANE Select
ENST00000361484.5	NM_201550.4	LRRC10	MANE Select
ENST00000533601.7	NM_001308154.2	RAB15	MANE Select
ENST00000252595.12	NM_198580.3	SLC27A1	MANE Select
ENST00000409871.6	NM_198581.3	ZC3H6	MANE Select
ENST00000409223.2	NM_198582.4	KLHL30	MANE Select
ENST00000333796.4	NM_201402.3	USP17L2	MANE Select
ENST00000321764.4	NM_198584.3	CA13	MANE Select
ENST00000371506.7	NM_001033113.2	ENTPD8	MANE Select
ENST00000285805.3	NM_198853.3	TRIM74	MANE Select
ENST00000309048.8	NM_199294.3	CENPS	MANE Select
ENST00000456354.7	NM_198137.2	CATSPER4	MANE Select
ENST00000340650.6	NM_198586.3	NHLRC1	MANE Select
ENST00000434824.2	NM_198085.2	RNF148	MANE Select
ENST00000850956.1	NR_002819.5	MALAT1	MANE Select
ENST00000383020.7	NM_001006121.4	RBMY1B	MANE Select
ENST00000382680.5	NM_001006120.3	RBMY1D	MANE Select
ENST00000382659.7	NM_001006118.3	RBMY1E	MANE Select
ENST00000250831.6	NM_001006117.4	RBMY1J	MANE Select
ENST00000360029.4	NM_198353.3	KCTD8	MANE Select
ENST00000379108.2	NM_198404.3	KCTD4	MANE Select
ENST00000377035.2	NM_001014336.2	IL31	MANE Select
ENST00000400374.4	NM_198687.2	KRTAP10-4	MANE Select
ENST00000400368.1	NM_198688.3	KRTAP10-6	MANE Select
ENST00000609664.2	NM_198689.3	KRTAP10-7	MANE Select
ENST00000397911.5	NM_198690.3	KRTAP10-9	MANE Select
ENST00000400375.1	NM_198691.3	KRTAP10-1	MANE Select
ENST00000334670.9	NM_198692.3	KRTAP10-11	MANE Select
ENST00000391621.1	NM_198693.4	KRTAP10-2	MANE Select
ENST00000400372.1	NM_198694.3	KRTAP10-5	MANE Select
ENST00000334662.2	NM_198695.2	KRTAP10-8	MANE Select
ENST00000391620.2	NM_198696.3	KRTAP10-3	MANE Select
ENST00000397907.1	NM_198697.2	KRTAP12-3	MANE Select
ENST00000391618.1	NM_198698.1	KRTAP12-4	MANE Select
ENST00000400365.3	NM_198699.1	KRTAP10-12	MANE Select
ENST00000320431.8	NM_198722.3	AMIGO3	MANE Select
ENST00000332314.3	NM_001164377.1	MRGPRG	MANE Select
ENST00000377294.3	NM_019110.5	ZKSCAN4	MANE Select
ENST00000326669.6	NM_001002255.2	SUMO4	MANE Select
ENST00000368328.5	NM_001012507.4	CENPW	MANE Select
ENST00000525778.6	NM_001400265.1	MTCL3	MANE Select
ENST00000368491.8	NM_001042475.3	CEP85L	MANE Select
ENST00000360581.6	NM_207172.2	NPSR1	MANE Select
ENST00000332290.4	NM_001029863.3	C6orf120	MANE Select
ENST00000382171.2	NM_001005922.1	KRTAP5-1	MANE Select
ENST00000399685.1	NM_001012708.2	KRTAP5-3	MANE Select
ENST00000399682.1	NM_001347674.1	KRTAP5-4	MANE Select
ENST00000398531.3	NM_001012710.2	KRTAP5-10	MANE Select
ENST00000247219.6	NM_199047.3	TBPL2	MANE Select
ENST00000474844.6	NM_199044.4	NSUN4	MANE Select
ENST00000368248.5	NM_001010923.3	THEMIS	MANE Select
ENST00000241463.5	NM_206827.2	RASL11A	MANE Select
ENST00000377893.3	NM_207370.4	GPR153	MANE Select
ENST00000371652.9	NM_199129.4	PEDS1	MANE Select
ENST00000271417.8	NM_199351.3	ILDR2	MANE Select
ENST00000306494.11	NM_199352.6	SLC22A25	MANE Select
ENST00000449193.7	NM_207371.4	SKIDA1	MANE Select
ENST00000282633.10	NM_001005751.3	WASHC2A	MANE Select
ENST00000646907.2	NM_001388272.1	SH2D4B	MANE Select
ENST00000372126.4	NM_207373.3	GPR15LG	MANE Select
ENST00000371790.5	NM_213606.4	SLC16A12	MANE Select
ENST00000646931.3	NM_001349008.3	CC2D2B	MANE Select
ENST00000341276.11	NM_001242699.2	ENO4	MANE Select
ENST00000528446.1	NM_001099667.3	ARMS2	MANE Select
ENST00000368821.4	NM_001128202.3	TEX36	MANE Select
ENST00000637128.2	NM_001355042.2	C10orf143	MANE Select
ENST00000382614.2	NM_001025295.3	IFITM5	MANE Select
ENST00000317121.6	NM_001005180.3	OR56B1	MANE Select
ENST00000379556.8	NM_001042536.3	INSC	MANE Select
ENST00000318627.4	NM_203371.2	FIBIN	MANE Select
ENST00000617612.3	NM_001145033.2	C11orf96	MANE Select
ENST00000377185.3	NM_001008778.3	SPDYC	MANE Select
ENST00000310109.5	NM_001144869.3	LIPT2	MANE Select
ENST00000409977.2	NM_001144871.2	VSTM5	MANE Select
ENST00000455827.2	NM_001130711.2	CLEC2A	MANE Select
ENST00000338896.11	NM_001129998.3	CLEC12B	MANE Select
ENST00000310791.4	NM_001029874.3	REP15	MANE Select
ENST00000316554.5	NM_001013635.4	CCDC184	MANE Select
ENST00000443585.6	NM_001145199.2	C12orf75	MANE Select
ENST00000335621.11	NM_001144872.3	CFAP73	MANE Select
ENST00000426426.3	NM_001136534.3	TMEM233	MANE Select
ENST00000402868.8	NM_020382.7	KMT5A	MANE Select
ENST00000713589.1	NM_001007537.3	C1QTNF9B	MANE Select
ENST00000319420.4	NM_001007538.2	SHISA2	MANE Select
ENST00000379600.8	NM_001012754.4	NHLRC3	MANE Select
ENST00000379179.8	NM_001010897.3	SERP2	MANE Select
ENST00000360945.7	NM_207377.3	TOMM20L	MANE Select
ENST00000649591.1	NM_001134888.3	RTL1	MANE Select
ENST00000556573.6	NM_001286389.2	TMEM179	MANE Select
ENST00000528386.4	NM_001355281.2	NANOGP8	MANE Select
ENST00000397536.7	NM_207380.3	CCDC9B	MANE Select
ENST00000637513.2	NM_001311175.2	TNFAIP8L3	MANE Select
ENST00000380392.4	NM_001007595.3	C2CD4B	MANE Select
ENST00000569673.3	NM_001039614.3	INSYN1	MANE Select
ENST00000341901.5	NM_001024401.3	SBK1	MANE Select
ENST00000285697.9	NM_001001436.4	C16orf87	MANE Select
ENST00000403458.9	NM_001012984.3	C16orf86	MANE Select
ENST00000331264.8	NM_001014985.3	GLTPD2	MANE Select
ENST00000695324.1	NM_001394789.1	INCA1	MANE Select
ENST00000574081.6	NM_207103.3	SCIMP	MANE Select
ENST00000542475.3	NM_001105520.2	C17orf100	MANE Select
ENST00000689094.1	NM_001394956.1	SPDYE4	MANE Select
ENST00000341871.8	NM_001004313.3	TMEM220	MANE Select
ENST00000441885.8	NM_207386.4	SHISA6	MANE Select
ENST00000470794.2	NM_001113567.3	LRRC75A	MANE Select
ENST00000328886.5	NM_206832.3	TMIGD1	MANE Select
ENST00000634014.2	NM_207007.4	CCL4L1	MANE Select
ENST00000614158.2	NM_001080465.3	SPMAP1	MANE Select
ENST00000417826.3	NM_213607.3	DNAAF19	MANE Select
ENST00000322329.5	NM_203400.5	RPRML	MANE Select
ENST00000312655.9	NM_001005404.4	YPEL2	MANE Select
ENST00000375366.4	NM_001080466.2	BTBD17	MANE Select
ENST00000637878.2	NM_001354639.2	PVALEF	MANE Select
ENST00000358970.10	NM_001137671.2	POTEC	MANE Select
ENST00000417570.6	NM_001204118.2	CLEC17A	MANE Select
ENST00000594710.2	NM_001267716.2	ZNF728	MANE Select
ENST00000484897.4	NM_001355283.3	RPSA2	MANE Select
ENST00000334176.4	NM_207391.3	RGS9BP	MANE Select
ENST00000338897.4	NM_207392.3	KRTDAP	MANE Select
ENST00000356725.9	NM_206894.4	ZNF790	MANE Select
ENST00000587331.7	NM_001039213.4	CEACAM16	MANE Select
ENST00000433642.3	NM_212550.5	BLOC1S3	MANE Select
ENST00000457052.3	NM_001310124.2	MEIOSIN	MANE Select
ENST00000341415.3	NM_207393.2	IGFL3	MANE Select
ENST00000359798.9	NM_001039886.4	ZNF808	MANE Select
ENST00000638862.2	NM_001393938.1	ZNF888	MANE Select
ENST00000684525.1	NM_001289951.2	ZNF761	MANE Select
ENST00000444469.4	NM_001190764.2	TMEM238	MANE Select
ENST00000330619.13	NM_001001668.4	ZNF470	MANE Select
ENST00000334181.5	NM_001023561.4	ZNF749	MANE Select
ENST00000336614.9	NM_207395.3	ZNF324B	MANE Select
ENST00000330388.2	NM_001014980.3	C1QTNF12	MANE Select
ENST00000378453.4	NM_001010926.4	HES5	MANE Select
ENST00000642557.4	NM_001288583.2	SMIM1	MANE Select
ENST00000377939.5	NM_207396.3	RNF207	MANE Select
ENST00000375782.2	NM_001013641.3	TMEM82	MANE Select
ENST00000522111.3	NM_001013642.3	TRNP1	MANE Select
ENST00000374030.3	NM_001330448.1	CD164L2	MANE Select
ENST00000606738.3	NM_001194986.2	TRABD2B	MANE Select
ENST00000371360.2	NM_001010978.4	LDLRAD1	MANE Select
ENST00000294671.3	NM_207398.3	GBP7	MANE Select
ENST00000370375.8	NM_001012425.2	C1orf146	MANE Select
ENST00000370310.5	NM_001006605.5	DIPK1A	MANE Select
ENST00000331565.5	NM_001010898.4	SLC6A17	MANE Select
ENST00000362074.8	NM_203458.6	NOTCH2NLA	MANE Select
ENST00000368908.10	NM_212551.5	LYSMD1	MANE Select
ENST00000368801.4	NM_001009931.3	HRNR	MANE Select
ENST00000388718.5	NM_001014342.3	FLG2	MANE Select
ENST00000368525.4	NM_001010979.3	CFAP141	MANE Select
ENST00000367393.8	NM_001024594.3	C1orf53	MANE Select
ENST00000367167.4	NM_203376.2	TMEM81	MANE Select
ENST00000366872.10	NM_001143962.2	CAPN8	MANE Select
ENST00000366615.10	NM_001206641.3	COA6	MANE Select
ENST00000366485.2	NM_001355292.3	OR14A2	MANE Select
ENST00000411646.2	NM_001348957.2	SMIM26	MANE Select
ENST00000400522.9	NM_001143967.2	EFCAB8	MANE Select
ENST00000701521.2	NR_185934.1	SNHG17	MANE Select
ENST00000371325.1	NM_001013646.4	FAM209B	MANE Select
ENST00000360542.5	NM_203405.2	KRTAP26-1	MANE Select
ENST00000450895.2	NM_001367348.2	SMIM34	MANE Select
ENST00000439765.4	NM_001365892.2	CCDC188	MANE Select
ENST00000318753.13	NM_207644.3	LRRC75B	MANE Select
ENST00000338315.6	NM_001346880.2	MFSD2B	MANE Select
ENST00000331664.6	NM_001029883.3	PCARE	MANE Select
ENST00000434431.2	NM_001424184.1	TMEM247	MANE Select
ENST00000317802.9	NM_001003937.3	TSPYL6	MANE Select
ENST00000409561.2	NM_001080474.3	C2orf78	MANE Select
ENST00000327428.10	NM_212552.3	BOLA3	MANE Select
ENST00000684111.1	NM_001316764.3	C2orf81	MANE Select
ENST00000306336.6	NM_001013649.4	C2orf68	MANE Select
ENST00000295269.5	NM_001011552.4	SLC9A4	MANE Select
ENST00000375281.4	NM_001003845.3	SP5	MANE Select
ENST00000427836.8	NM_001080475.3	PLEKHM3	MANE Select
ENST00000341287.9	NM_001099334.3	C2orf80	MANE Select
ENST00000333527.7	NM_001441699.1	RESP18	MANE Select
ENST00000331342.5	NM_001394206.1	SNORC	MANE Select
ENST00000319423.5	NM_001005853.1	OR6B2	MANE Select
ENST00000440367.7	NM_207404.4	ZNF662	MANE Select
ENST00000412678.7	NM_001007540.4	CDHR4	MANE Select
ENST00000333323.6	NM_203370.2	INKA1	MANE Select
ENST00000333127.4	NM_203424.2	IQCF2	MANE Select
ENST00000446461.2	NM_001145059.2	IQCF5	MANE Select
ENST00000446157.3	NM_205853.4	MUSTN1	MANE Select
ENST00000398399.7	NM_016206.4	VGLL3	MANE Select
ENST00000329447.5	NM_001013650.2	PRR23B	MANE Select
ENST00000413199.1	NM_001134657.1	PRR23C	MANE Select
ENST00000443512.2	NM_001085420.2	PLSCR5	MANE Select
ENST00000446160.7	NM_001144960.3	ANKUB1	MANE Select
ENST00000356539.9	NM_001004316.3	LEKR1	MANE Select
ENST00000334567.9	NM_001164436.2	TMEM212	MANE Select
ENST00000711657.1	NM_001364689.3	C4orf50	MANE Select
ENST00000506197.3	NM_001145432.3	SMIM20	MANE Select
ENST00000502486.6	NM_207406.4	BEND4	MANE Select
ENST00000399770.3	NM_001080476.3	GRXCR1	MANE Select
ENST00000356291.3	NM_207407.2	TMPRSS11F	MANE Select
ENST00000328278.4	NM_001080478.3	LRRC14B	MANE Select
ENST00000616064.2	NM_001014279.3	ANXA2R	MANE Select
ENST00000357147.4	NM_207408.3	SPMIP10	MANE Select
ENST00000607574.2	NM_001350994.2	SMIM32	MANE Select
ENST00000434752.4	NM_001161546.2	PROB1	MANE Select
ENST00000318315.5	NM_206966.3	C5orf46	MANE Select
ENST00000333677.7	NM_001001669.3	ARHGEF37	MANE Select
ENST00000438998.7	NM_001128591.2	PSMG4	MANE Select
ENST00000359086.4	NM_205854.3	SFTA2	MANE Select
ENST00000403376.4	NM_207409.4	CLPSL2	MANE Select
ENST00000437635.3	NM_001010903.5	BNIP5	MANE Select
ENST00000371197.9	NM_001010904.2	GLYATL3	MANE Select
ENST00000340465.2	NM_207410.2	GFRAL	MANE Select
ENST00000345080.5	NM_001004317.4	LIN28B	MANE Select
ENST00000367474.2	NM_001030060.3	SAMD5	MANE Select
ENST00000344419.8	NM_203395.3	IYD	MANE Select
ENST00000329309.4	NM_001145712.2	NUPR2	MANE Select
ENST00000472837.7	NM_001003795.3	GTF2IRD2B	MANE Select
ENST00000341942.10	NM_001008395.4	LAMTOR4	MANE Select
ENST00000442488.7	NM_001024613.4	FEZF1	MANE Select
ENST00000338588.8	NM_205855.4	FAM180A	MANE Select
ENST00000618742.3	NM_207411.5	XKR5	MANE Select
ENST00000506444.1	NM_001423528.1	FAM90A3	MANE Select
ENST00000514465.1	NM_001423538.1	FAM90A15	MANE Select
ENST00000413272.7	NM_001010906.2	NUGGC	MANE Select
ENST00000358543.9	NM_207413.4	ALKAL1	MANE Select
ENST00000408926.8	NM_001011720.2	XKR9	MANE Select
ENST00000520560.6	NM_001377960.1	RBM12B	MANE Select
ENST00000707626.2	NM_207414.3	MROH5	MANE Select
ENST00000333480.3	NM_201589.4	MAFA	MANE Select
ENST00000332857.7	NM_001145196.1	SPATA31A6	MANE Select
ENST00000419782.5	NM_001145197.1	SPATA31D4	MANE Select
ENST00000445385.3	NM_207416.3	SPATA31D3	MANE Select
ENST00000344803.3	NM_001001670.3	SPATA31D1	MANE Select
ENST00000339137.7	NM_001276366.4	C9orf153	MANE Select
ENST00000372491.4	NM_203434.3	IER5L	MANE Select
ENST00000393216.3	NM_001282957.2	CFAP77	MANE Select
ENST00000316144.6	NM_203347.2	LCN15	MANE Select
ENST00000436881.3	NM_001080482.5	AJM1	MANE Select
ENST00000371542.3	NM_001013653.3	LRRC26	MANE Select
ENST00000339996.4	NM_001080483.3	MYMK	MANE Select
ENST00000338883.9	NM_001001671.4	MAP3K15	MANE Select
ENST00000376940.4	NM_001394298.1	SPACA5	MANE Select
ENST00000621775.2	NM_001145073.3	USP27X	MANE Select
ENST00000602548.2	NM_001355277.1	CENPVL1	MANE Select
ENST00000374971.2	NM_001015038.3	PAGE2B	MANE Select
ENST00000339534.4	NM_203303.3	ZCCHC13	MANE Select
ENST00000453380.3	NM_001271560.3	HAPSTR2	MANE Select
ENST00000710304.1	NM_001012989.3	UBE2NL	MANE Select
ENST00000599845.3	NM_001129826.3	CSAG3	MANE Select
ENST00000298943.4	NM_001010908.2	C1QL3	MANE Select
ENST00000451024.5	NM_001146340.3	NKX1-2	MANE Select
ENST00000640805.2	NM_001413999.1	SSU72L2	MANE Select
ENST00000524542.3	NM_001413998.1	SSU72L1	MANE Select
ENST00000641528.1	NM_001005171.3	OR52K1	MANE Select
ENST00000530443.4	NM_001005169.1	OR52I1	MANE Select
ENST00000641817.1	NM_001004751.3	OR51D1	MANE Select
ENST00000307388.2	NM_001005160.3	OR52A5	MANE Select
ENST00000380219.1	NM_001004750.1	OR51B6	MANE Select
ENST00000642046.1	NM_001004756.3	OR51M1	MANE Select
ENST00000300778.4	NM_001004757.2	OR51Q1	MANE Select
ENST00000380211.1	NM_001005288.3	OR51I1	MANE Select
ENST00000641930.1	NM_001004754.3	OR51I2	MANE Select
ENST00000322641.5	NM_001005163.2	OR52D1	MANE Select
ENST00000322653.7	NM_001005289.5	OR52H1	MANE Select
ENST00000641350.2	NM_001005175.5	OR52N4	MANE Select
ENST00000641377.2	NM_001396057.1	OR56B2	MANE Select
ENST00000641181.1	NM_001385662.1	OR52N5	MANE Select
ENST00000317037.3	NM_001005174.3	OR52N2	MANE Select
ENST00000329322.5	NM_001005167.2	OR52E6	MANE Select
ENST00000537935.2	NM_001005168.3	OR52E8	MANE Select
ENST00000641726.1	NM_001005165.2	OR52E4	MANE Select
ENST00000610445.2	NM_001005166.5	OR52E5	MANE Select
ENST00000641160.1	NM_001003443.3	OR56A3	MANE Select
ENST00000532411.2	NM_001146033.1	OR56A5	MANE Select
ENST00000641238.1	NM_001004461.2	OR10A6	MANE Select
ENST00000378832.1	NM_001031854.2	ACCSL	MANE Select
ENST00000320048.1	NM_001004726.1	OR4X1	MANE Select
ENST00000623930.1	NM_001001967.1	OR5D13	MANE Select
ENST00000378396.1	NM_001005496.1	OR5D16	MANE Select
ENST00000344514.1	NM_001001960.1	OR5W2	MANE Select
ENST00000313503.2	NM_001386064.1	OR8H2	MANE Select
ENST00000313472.3	NM_001005201.1	OR8H3	MANE Select
ENST00000313033.4	NM_001004747.2	OR5T3	MANE Select
ENST00000641665.1	NM_001004745.2	OR5T1	MANE Select
ENST00000279783.5	NM_001002907.1	OR8K1	MANE Select
ENST00000279791.1	NM_001004743.1	OR5M9	MANE Select
ENST00000526538.2	NM_001004741.1	OR5M10	MANE Select
ENST00000641076.1	NM_001004740.2	OR5M1	MANE Select
ENST00000642097.1	NM_001005213.2	OR9G1	MANE Select
ENST00000326855.3	NM_001005323.1	OR5AK2	MANE Select
ENST00000641342.2	NM_001005566.3	OR5B2	MANE Select
ENST00000641921.2	NM_001004733.3	OR5B12	MANE Select
ENST00000641998.1	NM_001004729.2	OR5AN1	MANE Select
ENST00000530162.2	NM_001004705.2	OR4D10	MANE Select
ENST00000641962.1	NM_001004711.2	OR4D9	MANE Select
ENST00000307552.3	NM_001005324.1	OR10V1	MANE Select
ENST00000378075.4	NM_001145077.2	LRRC10B	MANE Select
ENST00000312457.2	NM_206997.1	GPR152	MANE Select
ENST00000398290.7	NM_001146162.1	TRIM77	MANE Select
ENST00000687084.1	NM_001199206.4	IZUMO1R	MANE Select
ENST00000450979.2	NM_001161630.1	KDM4E	MANE Select
ENST00000343035.3	NM_001098169.2	BSX	MANE Select
ENST00000327930.3	NM_001005188.1	OR6X1	MANE Select
ENST00000309154.3	NM_001005325.1	OR6M1	MANE Select
ENST00000641722.1	NM_001004462.2	OR10G4	MANE Select
ENST00000641585.1	NM_001004463.2	OR10G7	MANE Select
ENST00000641139.1	NM_001005467.2	OR8B3	MANE Select
ENST00000284287.6	NM_001005194.2	OR8A1	MANE Select
ENST00000328207.6	NM_001396061.1	OR5BS1	MANE Select
ENST00000642104.1	NM_001005182.2	OR6C1	MANE Select
ENST00000641576.1	NM_001005497.2	OR6C75	MANE Select
ENST00000328314.3	NM_001005183.1	OR6C76	MANE Select
ENST00000327335.4	NM_001005499.1	OR6C70	MANE Select
ENST00000557677.3	NM_001004723.3	OR4N2	MANE Select
ENST00000641885.1	NM_001005501.2	OR4K2	MANE Select
ENST00000710368.2	NM_001348271.2	OR4Q2	MANE Select
ENST00000641904.1	NM_001004714.2	OR4K13	MANE Select
ENST00000641386.2	NM_001004715.5	OR4K17	MANE Select
ENST00000641086.1	NM_001004724.2	OR4N5	MANE Select
ENST00000641879.2	NM_001386033.1	OR11G2	MANE Select
ENST00000708727.2	NM_001348273.1	OR11H7	MANE Select
ENST00000641082.1	NM_001004479.2	OR11H4	MANE Select
ENST00000554964.6	NM_001110356.2	RNASE9	MANE Select
ENST00000304418.5	NM_001004731.3	OR5AU1	MANE Select
ENST00000616052.3	NM_006220.3	SERPINA2	MANE Select
ENST00000614722.3	NM_001004719.2	OR4M2	MANE Select
ENST00000432196.5	NM_001101362.3	KBTBD13	MANE Select
ENST00000559089.6	NM_001163692.2	UBAP1L	MANE Select
ENST00000380035.3	NM_001365915.1	SKOR1	MANE Select
ENST00000421388.4	NM_001146341.2	ANKRD34C	MANE Select
ENST00000329600.8	NM_001013657.3	GDPGP1	MANE Select
ENST00000328882.6	NM_001005326.2	OR4F6	MANE Select
ENST00000332238.5	NM_001001674.2	OR4F15	MANE Select
ENST00000328449.6	NM_207419.3	C1QTNF8	MANE Select
ENST00000447419.7	NM_001328608.2	PTX4	MANE Select
ENST00000419291.7	NM_001080487.4	PABPN1L	MANE Select
ENST00000269586.12	NM_001143968.1	ARL5C	MANE Select
ENST00000355612.7	NM_213656.4	KRT39	MANE Select
ENST00000382349.5	NM_001080488.2	ONECUT3	MANE Select
ENST00000641081.1	NM_001005193.2	OR7G2	MANE Select
ENST00000305444.2	NM_001001958.1	OR7G3	MANE Select
ENST00000641129.1	NM_001005190.2	OR7A10	MANE Select
ENST00000397061.4	NM_001105570.2	NUDT19	MANE Select
ENST00000627814.3	NM_001013659.3	ZNF793	MANE Select
ENST00000331256.10	NM_001004318.3	ACP7	MANE Select
ENST00000597630.3	NM_001365103.2	ERFL	MANE Select
ENST00000599207.6	NM_001193621.3	PINLYP	MANE Select
ENST00000414468.3	NM_001023563.4	ZNF805	MANE Select
ENST00000377898.4	NM_001024598.4	HES3	MANE Select
ENST00000357726.5	NM_001080830.5	PRAMEF12	MANE Select
ENST00000357367.7	NM_001012276.3	PRAMEF8	MANE Select
ENST00000624297.3	NM_001099850.2	PRAMEF18	MANE Select
ENST00000376098.4	NM_001099851.3	PRAMEF17	MANE Select
ENST00000679259.1	NM_001367969.2	PLA2G2C	MANE Select
ENST00000646001.2	NM_001361041.2	FRRS1	MANE Select
ENST00000339922.5	NM_001004319.3	VHLL	MANE Select
ENST00000641042.1	NM_001004476.2	OR10K2	MANE Select
ENST00000641535.1	NM_001004473.2	OR10K1	MANE Select
ENST00000641622.1	NM_001005189.2	OR6Y1	MANE Select
ENST00000368145.2	NM_001005327.3	OR6K3	MANE Select
ENST00000710315.1	NM_001348286.3	OR10J4	MANE Select
ENST00000368100.1	NM_001013661.1	VSIG8	MANE Select
ENST00000355784.3	NM_001001959.1	OR11L1	MANE Select
ENST00000623922.1	NM_001001963.1	OR2L8	MANE Select
ENST00000366480.5	NM_001004491.2	OR2AK2	MANE Select
ENST00000359959.4	NM_001004687.2	OR2L3	MANE Select
ENST00000641836.1	NM_001004688.2	OR2M2	MANE Select
ENST00000641220.1	NM_001004695.2	OR2T33	MANE Select
ENST00000317965.3	NM_001004691.1	OR2M7	MANE Select
ENST00000641804.1	NM_001013355.2	OR2G6	MANE Select
ENST00000279058.4	NM_178455.3	SPINT4	MANE Select
ENST00000328379.6	NM_001013663.2	PTRHD1	MANE Select
ENST00000535679.6	NM_001367551.1	SULT6B1	MANE Select
ENST00000452335.2	NM_001093730.1	DYTN	MANE Select
ENST00000710271.1	NM_001414904.1	TRIM61	MANE Select
ENST00000503032.3	NM_001396070.1	TRIM75	MANE Select
ENST00000515777.6	NM_001300781.2	HELT	MANE Select
ENST00000639081.1	NM_001401696.1	TAF11L2	MANE Select
ENST00000638408.1	NM_001401697.1	TAF11L4	MANE Select
ENST00000640558.1	NM_001401698.1	TAF11L6	MANE Select
ENST00000598383.3	NM_001355258.2	H3Y1	MANE Select
ENST00000641663.1	NM_001386096.1	OR2A25	MANE Select
ENST00000527080.1	NM_001256872.1	USP17L8	MANE Select
ENST00000530447.5	NM_001256869.2	USP17L7	MANE Select
ENST00000287020.7	NM_001001557.4	GDF6	MANE Select
ENST00000423537.7	NM_001012446.4	FAM221B	MANE Select
ENST00000377981.4	NM_001004487.1	OR13J1	MANE Select
ENST00000542196.2	NM_001004481.1	OR13C2	MANE Select
ENST00000304720.3	NM_001004453.3	OR1L6	MANE Select
ENST00000373680.3	NM_001001923.1	OR5C1	MANE Select
ENST00000277309.3	NM_080859.1	OR1K1	MANE Select
ENST00000619315.2	NM_001393661.1	LCN9	MANE Select
ENST00000416929.3	NM_001396029.1	MAGEB6B	MANE Select
ENST00000303227.11	NM_001080489.3	GLOD5	MANE Select
ENST00000450049.7	NM_001162491.2	ARL13A	MANE Select
ENST00000509000.3	NM_001348372.2	NCBP2L	MANE Select
ENST00000424383.5	NM_001128636.4	ELFN1	MANE Select
ENST00000342526.8	NM_001004320.2	AGMO	MANE Select
ENST00000615129.4	NM_001304419.2	DRC11L	MANE Select
ENST00000457091.3	NM_001145118.2	GRID2IP	MANE Select
ENST00000641693.1	NM_012365.2	OR2A5	MANE Select
ENST00000376296.3	NM_001010909.5	MUC21	MANE Select
ENST00000691638.1	NM_001394336.1	SPRED3	MANE Select
ENST00000521452.2	NM_001003682.4	TMEM200B	MANE Select
ENST00000577745.2	NM_001320870.2	SLC25A35	MANE Select
ENST00000402693.5	NM_203304.4	MEX3D	MANE Select
ENST00000373095.6	NM_001035254.3	EEIG1	MANE Select
ENST00000417443.3	NM_203306.3	SMIM10L2A	MANE Select
ENST00000553558.6	NM_001220484.1	HEATR4	MANE Select
ENST00000527372.7	NM_078471.4	MYO18A	MANE Select
ENST00000638797.2	NM_001378188.1	CCDC187	MANE Select
ENST00000332408.9	NM_203349.4	SHC4	MANE Select
ENST00000417307.3	NM_001145668.2	CTXN2	MANE Select
ENST00000329446.5	NM_001010912.4	C10orf120	MANE Select
ENST00000368836.7	NM_212554.4	EEF1AKMT2	MANE Select
ENST00000388920.5	NM_207426.3	FOXI2	MANE Select
ENST00000538490.3	NM_001164379.3	FAM180B	MANE Select
ENST00000355703.4	NM_032223.4	PCNX3	MANE Select
ENST00000420869.3	NM_001384911.1	TRIM49D1	MANE Select
ENST00000327419.7	NM_207645.4	C11orf87	MANE Select
ENST00000375618.9	NM_001100388.2	HOATZ	MANE Select
ENST00000358524.8	NM_212555.3	PATE2	MANE Select
ENST00000457514.3	NM_001144874.1	PATE4	MANE Select
ENST00000265909.9	NM_014758.3	SNX19	MANE Select
ENST00000615315.2	NM_001389625.1	C12orf76	MANE Select
ENST00000315190.4	NM_203451.3	SERTM1	MANE Select
ENST00000322564.9	NM_001161498.2	PLEKHD1	MANE Select
ENST00000557649.6	NM_001008404.3	C14orf180	MANE Select
ENST00000327355.6	NM_207446.3	FAM174B	MANE Select
ENST00000696174.1	NM_001370704.1	LOC400499	MANE Select
ENST00000219837.12	NM_001012991.3	KNOP1	MANE Select
ENST00000360127.7	NM_001013672.5	LIAT1	MANE Select
ENST00000293777.6	NM_001001683.4	MED11	MANE Select
ENST00000344415.9	NM_001129778.3	GRAPL	MANE Select
ENST00000333437.5	NM_207459.4	TEX19	MANE Select
ENST00000329267.9	NM_001308209.2	PRSS57	MANE Select
ENST00000339485.4	NM_001017921.4	VMAC	MANE Select
ENST00000422689.3	NM_001145434.2	ZNF880	MANE Select
ENST00000356584.8	NM_001144068.2	ZNF772	MANE Select
ENST00000235349.6	NM_001009611.4	PRAMEF4	MANE Select
ENST00000625019.3	NM_001291380.1	PRAMEF13	MANE Select
ENST00000444387.7	NM_001103161.2	SH2D5	MANE Select
ENST00000374392.3	NM_001010980.5	NCMAP	MANE Select
ENST00000684719.1	NM_001276351.2	C1orf141	MANE Select
ENST00000458626.4	NM_001085375.2	C1orf226	MANE Select
ENST00000623247.3	NM_001395331.1	CLEC20A	MANE Select
ENST00000698832.1	NM_001388367.1	NBPF9	MANE Select
ENST00000445590.4	NM_001394345.1	FAM177B	MANE Select
ENST00000382376.4	NM_207469.3	DEFB132	MANE Select
ENST00000400633.3	NM_001394958.1	C20orf202	MANE Select
ENST00000442047.3	NM_001291006.2	LRRC74B	MANE Select
ENST00000484558.3	NM_213720.3	CHCHD10	MANE Select
ENST00000695950.1	NM_001371417.1	IL17REL	MANE Select
ENST00000356458.8	NM_001039753.4	EML6	MANE Select
ENST00000244221.9	NM_020459.1	PAIP2B	MANE Select
ENST00000641458.2	NM_001382344.1	RGPD1	MANE Select
ENST00000295246.7	NM_001393982.1	ANKRD36C	MANE Select
ENST00000424728.6	NM_173651.4	FSIP2	MANE Select
ENST00000342506.4	NM_213608.3	C2orf66	MANE Select
ENST00000409749.8	NM_212556.4	ASB18	MANE Select
ENST00000440739.4	NM_001393887.1	IQCF3	MANE Select
ENST00000622536.6	NM_001351622.2	C3orf85	MANE Select
ENST00000383165.4	NM_001040061.3	FOXL2NB	MANE Select
ENST00000326474.5	NM_001168214.2	C3orf80	MANE Select
ENST00000409248.10	NM_001168243.4	NICOL1	MANE Select
ENST00000639862.2	NM_001170700.3	DTHD1	MANE Select
ENST00000344526.10	NM_214711.4	PRR27	MANE Select
ENST00000339336.9	NM_212557.4	AMTN	MANE Select
ENST00000509176.6	NM_001145065.2	CCSER1	MANE Select
ENST00000504110.2	NM_001001701.4	ARLN	MANE Select
ENST00000334025.3	NM_001029875.3	RGS7BP	MANE Select
ENST00000296662.10	NM_001164478.2	C5orf63	MANE Select
ENST00000536551.6	NM_001190766.2	STMND1	MANE Select
ENST00000376191.3	NM_001011700.3	MCCD1	MANE Select
ENST00000415669.4	NM_001039651.2	SAPCD1	MANE Select
ENST00000612677.6	NM_001257357.2	RAB44	MANE Select
ENST00000372569.8	NM_206922.3	CRIP3	MANE Select
ENST00000370905.4	NM_001003760.5	KLHL31	MANE Select
ENST00000458448.6	NM_001161528.2	LRRD1	MANE Select
ENST00000397764.8	NM_001352688.2	SMIM30	MANE Select
ENST00000446477.7	NM_001174164.2	PRRT4	MANE Select
ENST00000537763.6	NM_001008749.3	RAB19	MANE Select
ENST00000641841.1	NM_001005328.2	OR2A7	MANE Select
ENST00000529559.1	NM_001256873.1	USP17L1	MANE Select
ENST00000619594.5	NM_001099673.3	RBIS	MANE Select
ENST00000314727.9	NM_207506.3	SAMD12	MANE Select
ENST00000495827.3	NM_001010915.5	HACD4	MANE Select
ENST00000342743.6	NM_212558.3	TMEM215	MANE Select
ENST00000321301.7	NM_001001790.3	TOMM5	MANE Select
ENST00000375587.8	NM_001012267.3	CENPP	MANE Select
ENST00000400613.5	NM_001012993.3	C9orf152	MANE Select
ENST00000374232.8	NM_001012994.2	SNX30	MANE Select
ENST00000373574.2	NM_001045476.3	WDR38	MANE Select
ENST00000408973.3	NM_207510.4	LCNL1	MANE Select
ENST00000344774.6	NM_001001710.3	CIMIP2A	MANE Select
ENST00000594199.3	NM_001012755.5	SLC25A53	MANE Select
ENST00000569275.2	NM_001354473.2	SERTM2	MANE Select
ENST00000370602.6	NM_001010917.3	GOLGA7B	MANE Select
ENST00000641159.2	NM_001396051.1	OR51C1	MANE Select
ENST00000322049.1	NM_001004759.3	OR51T1	MANE Select
ENST00000641898.1	NM_001005329.2	OR51A4	MANE Select
ENST00000380371.1	NM_001004748.1	OR51A2	MANE Select
ENST00000618634.3	NM_001384995.1	FIGNL2	MANE Select
ENST00000453464.3	NM_001205252.2	RNF223	MANE Select
ENST00000344642.7	NM_001013693.3	LDLRAD2	MANE Select
ENST00000641925.2	NM_001004136.2	OR2T2	MANE Select
ENST00000641363.1	NM_001004697.2	OR2T5	MANE Select
ENST00000695265.1	NM_001004734.4	OR14I1	MANE Select
ENST00000215917.11	NM_001013694.3	SRRD	MANE Select
ENST00000312504.10	NM_001080500.4	VWC2L	MANE Select
ENST00000427338.3	NM_001004737.1	OR5K2	MANE Select
ENST00000635017.2	NM_001193282.4	CFAP99	MANE Select
ENST00000641810.1	NM_001001802.3	OR2A42	MANE Select
ENST00000425225.2	NM_001101677.2	SOHLH1	MANE Select
ENST00000372956.3	NM_212559.3	XKRX	MANE Select
ENST00000327442.7	NM_001145715.3	KPNA7	MANE Select
ENST00000332375.4	NM_001004323.3	SPACDR	MANE Select
ENST00000614228.2	NM_001394787.1	GRIFIN	MANE Select
ENST00000270642.9	NM_001101372.3	IGLON5	MANE Select
ENST00000672365.3	NM_001430944.2	UFSP1	MANE Select
ENST00000340134.5	NM_001170820.4	IFITM10	MANE Select
ENST00000460972.4	NM_001001824.2	OR2T27	MANE Select
ENST00000641268.1	NM_001001827.2	OR2T35	MANE Select
ENST00000446524.2	NM_001005512.2	OR4A47	MANE Select
ENST00000710319.1	NM_001005513.1	OR4C45	MANE Select
ENST00000641380.1	NM_001005514.2	OR5H14	MANE Select
ENST00000641450.1	NM_001005515.2	OR5H15	MANE Select
ENST00000383695.1	NM_001005516.1	OR5K3	MANE Select
ENST00000354924.2	NM_001005517.1	OR5K4	MANE Select
ENST00000379665.3	NM_001005518.1	OR6C65	MANE Select
ENST00000548615.1	NM_001005519.2	OR6C68	MANE Select
ENST00000381883.5	NM_203453.5	PLPP6	MANE Select
ENST00000308641.6	NM_203454.3	APOBEC4	MANE Select
ENST00000319119.5	NM_001099270.4	ZBTB34	MANE Select
ENST00000291481.8	NM_023002.3	HAPLN4	MANE Select
ENST00000577830.6	NM_001271875.2	CUEDC1	MANE Select
ENST00000325630.3	NM_205841.4	SPINK6	MANE Select
ENST00000318978.6	NM_206833.4	CTXN1	MANE Select
ENST00000429584.3	NM_206923.4	YY2	MANE Select
ENST00000284245.9	NM_206967.3	C16orf74	MANE Select
ENST00000358585.3	NM_206998.2	SCGB1D4	MANE Select
ENST00000361432.3	NM_207009.4	DENND10	MANE Select
ENST00000607778.2	NM_207118.3	GTF2H5	MANE Select
ENST00000547848.5	NM_001005356.3	POTEG	MANE Select
ENST00000323030.6	NM_207581.4	DUOXA2	MANE Select
ENST00000472091.2	NM_207582.3	ERVFRD-1	MANE Select
ENST00000478136.6	NM_213609.4	TAFA1	MANE Select
ENST00000581816.2	NR_197388.1	MIR17HG	MANE Select
ENST00000399336.9	NM_001004067.4	NOMO3	MANE Select
ENST00000356972.2	NM_001001325.2	SPINK14	MANE Select
ENST00000312349.5	NM_001001343.4	FNDC9	MANE Select
ENST00000611257.5	NM_001001417.7	TBC1D3B	MANE Select
ENST00000622206.2	NM_001001418.6	TBC1D3C	MANE Select
ENST00000619989.1	NM_001001437.4	CCL3L3	MANE Select
ENST00000356189.6	NM_001039844.3	ACBD7	MANE Select
ENST00000441508.4	NM_001164375.3	C10orf105	MANE Select
ENST00000370640.5	NM_001009997.3	C10orf62	MANE Select
ENST00000412531.7	NM_001077665.3	AGAP6	MANE Select
ENST00000302259.5	NM_001001711.3	DDI1	MANE Select
ENST00000314357.4	NM_001081551.4	DEFB103A	MANE Select
ENST00000376419.5	NM_001001551.4	IDNK	MANE Select
ENST00000497771.6	NM_001001712.3	LCN10	MANE Select
ENST00000560104.2	NM_001001786.3	BLID	MANE Select
ENST00000413817.8	NM_001001794.4	DENND6B	MANE Select
ENST00000524821.6	NM_001001795.2	C8orf82	MANE Select
ENST00000360612.5	NM_001001852.4	PIM3	MANE Select
ENST00000315099.3	NM_001001850.3	STX19	MANE Select
ENST00000381032.6	NM_001001888.4	VCX3B	MANE Select
ENST00000417209.2	NM_001039152.3	RGS21	MANE Select
ENST00000342380.3	NM_001002036.4	ASTL	MANE Select
ENST00000356261.4	NM_001256114.2	LHX8	MANE Select
ENST00000317543.12	NM_177458.3	SLURP2	MANE Select
ENST00000399676.4	NM_001001480.3	KRTAP5-5	MANE Select
ENST00000449428.7	NM_198530.4	MXRA7	MANE Select
ENST00000371809.3	NM_001010987.2	IFIT1B	MANE Select
ENST00000412090.2	NM_001004325.2	KRTAP5-2	MANE Select
ENST00000382160.1	NM_001012416.1	KRTAP5-6	MANE Select
ENST00000528080.6	NM_015012.4	TMEM41B	MANE Select
ENST00000398536.6	NM_001012503.2	KRTAP5-7	MANE Select
ENST00000398530.1	NM_001005405.3	KRTAP5-11	MANE Select
ENST00000538872.6	NM_001170738.2	IQSEC3	MANE Select
ENST00000396570.8	NM_001004328.3	ZNF705A	MANE Select
ENST00000316048.2	NM_001013698.2	SMCO3	MANE Select
ENST00000340398.5	NM_001013699.3	H3-5	MANE Select
ENST00000332700.6	NM_001004329.3	DBX2	MANE Select
ENST00000344636.6	NM_001377329.1	PLEKHG7	MANE Select
ENST00000521508.2	NM_001004127.3	ALG11	MANE Select
ENST00000377818.4	NM_001071775.3	MZT1	MANE Select
ENST00000550708.2	NM_001013354.1	OR11H12	MANE Select
ENST00000382951.4	NM_001012264.4	RNASE13	MANE Select
ENST00000636229.1	NM_001351576.1	CCDC196	MANE Select
ENST00000389857.11	NM_001080414.4	CCDC88C	MANE Select
ENST00000622895.2	NM_001396956.1	GOLGA6L22	MANE Select
ENST00000683415.1	NM_001023567.5	GOLGA8B	MANE Select
ENST00000263791.10	NM_001013703.4	EIF2AK4	MANE Select
ENST00000260323.16	NM_001080534.3	UNC13C	MANE Select
ENST00000618348.2	NM_198181.4	GOLGA6L9	MANE Select
ENST00000641754.2	NM_001396017.1	TTLL13	MANE Select
ENST00000586005.6	NM_001253794.2	SMIM22	MANE Select
ENST00000682606.1	NM_001384980.1	NPIPB4	MANE Select
ENST00000692376.1	NM_001306094.2	NPIPB15	MANE Select
ENST00000452313.6	NM_001396030.1	NPIPB7	MANE Select
ENST00000550665.6	NM_001395931.1	NPIPB12	MANE Select
ENST00000303037.13	NM_001025200.4	CTRB2	MANE Select
ENST00000593646.6	NM_001004333.5	RNASEK	MANE Select
ENST00000616987.5	NM_001004334.4	GPR179	MANE Select
ENST00000451882.3	NM_001136180.2	HSBP1L1	MANE Select
ENST00000381848.7	NM_001013706.3	PLIN5	MANE Select
ENST00000540806.7	NM_001099269.3	ZNF506	MANE Select
ENST00000418100.6	NM_001355404.2	ZNF724	MANE Select
ENST00000306511.5	NM_182707.3	PSG8	MANE Select
ENST00000619922.1	NM_001146344.3	PRAMEF11	MANE Select
ENST00000376189.5	NM_001010889.2	PRAMEF6	MANE Select
ENST00000621994.3	NM_001136561.3	HNRNPCL2	MANE Select
ENST00000696689.1	NM_001089591.2	UQCRHL	MANE Select
ENST00000322753.7	NM_001032363.4	MICOS10	MANE Select
ENST00000335282.5	NM_001101376.3	CFAP144	MANE Select
ENST00000371528.2	NM_001004339.3	ZYG11A	MANE Select
ENST00000393316.8	NM_001010922.3	BCL2L15	MANE Select
ENST00000322209.5	NM_001355407.2	NUDT4B	MANE Select
ENST00000392948.5	NM_001372105.2	H3-7	MANE Select
ENST00000369167.3	NM_001024599.5	H2BC18	MANE Select
ENST00000454449.3	NM_001004341.2	ETV3L	MANE Select
ENST00000294818.2	NM_001005214.4	LRRC52	MANE Select
ENST00000331555.10	NM_001007544.4	RHEX	MANE Select
ENST00000366653.6	NM_001004342.5	TRIM67	MANE Select
ENST00000357246.4	NM_001004343.3	MAP1LC3C	MANE Select
ENST00000620804.2	NM_001128635.2	RIMBP3B	MANE Select
ENST00000616349.5	NM_001255975.1	PIWIL3	MANE Select
ENST00000620145.6	NR_033320.3	MIAT	MANE Select
ENST00000621082.2	NM_001207020.3	SHISA8	MANE Select
ENST00000329363.9	NM_001014440.4	CIMAP1B	MANE Select
ENST00000403897.4	NM_001145122.2	CAPN14	MANE Select
ENST00000330862.4	NM_001008269.3	TMEM89	MANE Select
ENST00000667863.2	NM_001368369.1	IQCF6	MANE Select
ENST00000477703.6	NM_001124767.2	UQCC5	MANE Select
ENST00000325278.7	NM_001144978.3	MTHFD2L	MANE Select
ENST00000449862.7	NM_001080506.3	TMEM150C	MANE Select
ENST00000378850.5	NM_001114357.3	CFAP96	MANE Select
ENST00000332432.9	NM_001102562.3	MARCHF11	MANE Select
ENST00000669203.2	NR_186187.1	NR2F1-AS1	MANE Select
ENST00000408925.4	NM_001008739.2	PEX39	MANE Select
ENST00000451188.7	NM_001137560.2	TMEM151B	MANE Select
ENST00000398578.3	NM_001271675.2	ZC3H11C	MANE Select
ENST00000370359.6	NM_001080507.3	OOEP	MANE Select
ENST00000368605.3	NM_001010919.3	CALHM6	MANE Select
ENST00000420713.2	NM_001159279.1	ZNF716	MANE Select
ENST00000620995.5	NM_001145440.3	TYW1B	MANE Select
ENST00000332397.6	NM_001004351.5	SPDYE3	MANE Select
ENST00000691607.2	NM_001396242.1	SPDYE2	MANE Select
ENST00000457545.7	NM_001080538.3	AKR1B15	MANE Select
ENST00000420911.2	NM_001008747.2	CTAGE15	MANE Select
ENST00000320901.4	NM_001005504.1	OR4F21	MANE Select
ENST00000534703.1	NM_001423526.1	FAM90A13	MANE Select
ENST00000528738.1	NM_001423529.1	FAM90A5	MANE Select
ENST00000650288.1	NM_001397387.1	FAM90A7	MANE Select
ENST00000648174.1	NM_001397396.1	FAM90A16	MANE Select
ENST00000647775.1	NM_001164450.1	FAM90A8	MANE Select
ENST00000647769.1	NM_001164451.1	FAM90A18	MANE Select
ENST00000648344.1	NM_001164448.1	FAM90A9	MANE Select
ENST00000533716.2	NM_001164447.1	FAM90A10	MANE Select
ENST00000518378.2	NM_001423539.1	FAM90A11	MANE Select
ENST00000520792.6	NM_001423530.1	FAM90A24	MANE Select
ENST00000718005.2	NR_197229.1	MIR2052HG	MANE Select
ENST00000378279.4	NM_001025357.3	AARD	MANE Select
ENST00000529415.7	NM_001024678.4	LRRC24	MANE Select
ENST00000706933.1	NM_001145124.1	SPATA31C1	MANE Select
ENST00000372322.4	NM_001170741.3	NUTM2G	MANE Select
ENST00000684830.1	NM_001393611.1	ANKRD18B	MANE Select
ENST00000412566.6	NM_001004353.4	STPG3	MANE Select
ENST00000356628.4	NM_001004354.3	NRARP	MANE Select
ENST00000634648.1	NM_001355278.1	CENPVL2	MANE Select
ENST00000391440.3	NM_001078173.2	RTL8B	MANE Select
ENST00000598716.3	NM_001370148.2	CT45A3	MANE Select
ENST00000698999.1	NM_001007551.6	CT45A5	MANE Select
ENST00000446864.2	NM_001009613.4	SPANXN4	MANE Select
ENST00000458128.3	NM_001029891.3	PGAM4	MANE Select
ENST00000465530.2	NM_001029954.3	CDNF	MANE Select
ENST00000425520.2	NM_001080998.2	FRG2B	MANE Select
ENST00000638166.2	NM_001414001.1	SSU72L4	MANE Select
ENST00000641865.1	NM_001005469.2	OR5B3	MANE Select
ENST00000546076.6	NM_001370302.1	TSPAN11	MANE Select
ENST00000641329.1	NM_001005243.2	OR9K2	MANE Select
ENST00000642117.2	NM_001405963.1	OR4Q3	MANE Select
ENST00000641200.1	NM_001005500.2	OR4M1	MANE Select
ENST00000432826.2	NM_001135686.3	TARM1	MANE Select
ENST00000537107.6	NM_001145210.3	ANKRD65	MANE Select
ENST00000697200.1	NM_001012277.5	PRAMEF7	MANE Select
ENST00000619661.3	NM_001310134.3	PRAMEF25	MANE Select
ENST00000419583.2	NM_001290693.1	BECN2	MANE Select
ENST00000642119.1	NM_001005487.2	OR13G1	MANE Select
ENST00000681802.2	NM_001320878.2	SULT1C3	MANE Select
ENST00000506823.6	NM_001034845.3	GALNTL6	MANE Select
ENST00000377173.4	NM_001005226.2	OR2B3	MANE Select
ENST00000641659.2	NM_001348294.2	OR2J1	MANE Select
ENST00000641151.2	NM_001005216.4	OR2J3	MANE Select
ENST00000641895.1	NM_030946.2	OR14J1	MANE Select
ENST00000444197.3	NM_013941.4	OR10C1	MANE Select
ENST00000641137.2	NM_001396058.1	OR2I1	MANE Select
ENST00000339488.9	NM_001384253.1	PTCHD4	MANE Select
ENST00000441065.3	NM_001013734.3	RFPL4B	MANE Select
ENST00000456806.3	NM_001159522.3	ZNF727	MANE Select
ENST00000408979.3	NM_001005480.2	OR2A2	MANE Select
ENST00000376708.1	NM_001013735.1	FOXB2	MANE Select
ENST00000358047.5	NM_001013736.3	FAM47C	MANE Select
ENST00000424157.4	NM_001382715.2	SPDYE21	MANE Select
ENST00000625065.4	NM_001306141.4	SPDYE5	MANE Select
ENST00000458573.3	NM_207163.3	LMOD2	MANE Select
ENST00000382392.5	NM_001002760.1	BPY2B	MANE Select
ENST00000382287.5	NM_001002761.1	BPY2C	MANE Select
ENST00000377697.2	NM_001002923.3	IGFL4	MANE Select
ENST00000378115.3	NM_001003702.3	ARHGEF35	MANE Select
ENST00000360423.12	NM_001017390.3	SULT1A4	MANE Select
ENST00000698248.1	NM_001003799.2	TARP	MANE Select
ENST00000360171.11	NM_201453.4	ZNG1C	MANE Select
ENST00000683005.1	NM_001083538.3	POTEE	MANE Select
ENST00000374530.8	NM_007203.5	PALM2AKAP2	MANE Select
ENST00000504750.6	NM_001286820.2	FRG2	MANE Select
ENST00000606109.2	NM_001025231.3	KPRP	MANE Select
ENST00000431011.3	NM_001128600.2	LCE6A	MANE Select
ENST00000576629.6	NM_001006607.3	LRRC37A2	MANE Select
ENST00000434397.3	NM_001006681.2	SPIN2B	MANE Select
ENST00000328902.9	NM_024711.6	GIMAP6	MANE Select
ENST00000374160.8	NM_001378102.1	LRRC18	MANE Select
ENST00000354514.6	NM_001017991.3	H2AB2	MANE Select
ENST00000620016.2	NM_001017990.2	H2AB1	MANE Select
ENST00000369505.5	NM_001007523.2	F8A2	MANE Select
ENST00000622749.2	NM_001007524.2	F8A3	MANE Select
ENST00000522267.6	NM_001256597.2	PPDPFL	MANE Select
ENST00000333305.5	NM_001007189.2	IGIP	MANE Select
ENST00000328709.8	NM_001008215.3	COA5	MANE Select
ENST00000322122.8	NM_001008274.4	TRIM72	MANE Select
ENST00000273986.10	NM_001008388.5	CISD2	MANE Select
ENST00000335185.10	NM_001008391.4	CCDC73	MANE Select
ENST00000527879.2	NM_001008394.3	EID3	MANE Select
ENST00000503787.6	NM_001008397.4	GPX8	MANE Select
ENST00000696784.1	NM_001024822.4	RNASE12	MANE Select
ENST00000359744.8	NM_001008489.4	PHOSPHO2	MANE Select
ENST00000652648.1	NM_001162536.3	RBMXL1	MANE Select
ENST00000370493.4	NM_001009614.3	SPANXN1	MANE Select
ENST00000598475.2	NM_001009615.3	SPANXN2	MANE Select
ENST00000295304.5	NM_001008708.4	CHAC2	MANE Select
ENST00000378079.3	NM_001008777.3	FBXO47	MANE Select
ENST00000375511.4	NM_001009616.4	SPANXN5	MANE Select
ENST00000269439.12	NM_152470.3	ARK2C	MANE Select
ENST00000644580.2	NM_001042702.5	PJVK	MANE Select
ENST00000397541.6	NM_001105558.1	WEE2	MANE Select
ENST00000537858.2	NM_001099221.2	TIFAB	MANE Select
ENST00000682950.1	NM_001385193.1	CLEC18B	MANE Select
ENST00000318240.8	NM_001035005.4	C18orf32	MANE Select
ENST00000378186.7	NM_001012417.3	MS4A13	MANE Select
ENST00000685335.1	NM_001391974.1	SPRN	MANE Select
ENST00000334384.5	NM_001012659.2	ARGFX	MANE Select
ENST00000355602.3	NM_001040705.2	DEFB107B	MANE Select
ENST00000316169.2	NM_001040702.1	DEFB104B	MANE Select
ENST00000535362.3	NM_001397347.2	TPRX2	MANE Select
ENST00000376650.2	NM_001012728.2	DPRX	MANE Select
ENST00000554048.3	NM_001012729.2	DUXA	MANE Select
ENST00000335479.2	NM_001040704.2	DEFB106B	MANE Select
ENST00000335510.7	NM_001040703.3	DEFB105B	MANE Select
ENST00000627176.1	NM_001013356.2	OR8U8	MANE Select
ENST00000626074.1	NM_001013357.1	OR8U9	MANE Select
ENST00000571130.1	NM_001013358.2	OR9G9	MANE Select
ENST00000620654.2	NM_001017438.3	CT45A6	MANE Select
ENST00000594565.6	NM_001017417.3	CT45A1	MANE Select
ENST00000371980.4	NM_001013615.3	LURAP1	MANE Select
ENST00000289989.10	NM_001013842.3	C8orf58	MANE Select
ENST00000370406.8	NM_001013845.2	EOLA2	MANE Select
ENST00000595235.6	NM_001034832.5	SSX4B	MANE Select
ENST00000251303.11	NM_001014999.3	SLX1A	MANE Select
ENST00000413453.7	NM_001321926.2	CKMT1A	MANE Select
ENST00000621093.5	NM_001097615.3	POLR2J3	MANE Select
ENST00000313525.4	NM_001015882.3	DNAJC25	MANE Select
ENST00000338306.8	NM_001017437.5	CCDC157	MANE Select
ENST00000374922.9	NM_001348129.2	NBDY	MANE Select
ENST00000519948.4	NM_001136262.2	ATXN7L3B	MANE Select
ENST00000330978.4	NM_001031827.3	BOLA2	MANE Select
ENST00000373703.5	NM_012392.4	PEF1	MANE Select
ENST00000611411.4	NM_001018081.2	KIR2DL5B	MANE Select
ENST00000409867.6	NM_001358416.1	ANKRD30BL	MANE Select
ENST00000389208.9	NM_001114598.2	ASPDH	MANE Select
ENST00000377957.4	NM_001024680.3	FBXO48	MANE Select
ENST00000584486.6	NM_001287385.2	FAM72C	MANE Select
ENST00000579512.3	NM_001034077.4	H4C15	MANE Select
ENST00000368744.4	NM_001195571.2	PRR9	MANE Select
ENST00000604629.6	NM_001105677.2	UGT2A2	MANE Select
ENST00000395018.6	NM_001030005.3	CPLX3	MANE Select
ENST00000398023.3	NM_001030013.2	NPS	MANE Select
ENST00000534324.6	NM_001031672.4	CYB5RL	MANE Select
ENST00000697092.1	NM_001395859.2	NPIPB13	MANE Select
ENST00000382208.3	NM_001033017.3	DEFB135	MANE Select
ENST00000382209.2	NM_001033018.2	DEFB136	MANE Select
ENST00000382205.6	NM_001302695.2	DEFB134	MANE Select
ENST00000379445.8	NM_001048252.3	CTXN3	MANE Select
ENST00000695931.1	NM_001109619.4	HIGD1C	MANE Select
ENST00000319327.7	NM_001258031.2	SERINC4	MANE Select
ENST00000640237.2	NM_001396050.1	SCART1	MANE Select
ENST00000368656.7	NM_001033564.3	FAM229B	MANE Select
ENST00000327835.7	NM_001033723.3	ZNF704	MANE Select
ENST00000320542.4	NM_001100916.2	MBOAT4	MANE Select
ENST00000683375.1	NM_001190417.2	ZNF674	MANE Select
ENST00000311148.9	NM_001037161.2	ACOT1	MANE Select
ENST00000645972.2	NM_001365788.1	ACOT6	MANE Select
ENST00000547889.6	NM_001145442.1	POTEM	MANE Select
ENST00000382656.2	NM_001037380.2	DEFB109B	MANE Select
ENST00000392002.7	NM_001098821.2	TMEM91	MANE Select
ENST00000408930.7	NM_001037558.4	HEPN1	MANE Select
ENST00000618155.3	NM_001077693.4	ECSCR	MANE Select
ENST00000651045.3	NM_001394940.1	SPDYE14	MANE Select
ENST00000327669.5	NM_001077710.3	FAM110C	MANE Select
ENST00000329862.7	NM_001164397.3	TRIM64B	MANE Select
ENST00000398882.8	NM_001100878.2	MROH6	MANE Select
ENST00000370659.2	NM_001395980.1	FKBP1C	MANE Select
ENST00000636672.2	NM_001395643.1	PRRT1B	MANE Select
ENST00000452145.6	NM_001190810.1	AGAP9	MANE Select
ENST00000527139.7	NM_001381874.1	IQANK1	MANE Select
ENST00000434239.4	NM_001145194.2	AKAIN1	MANE Select
ENST00000448984.1	NM_001195234.1	TRIM49C	MANE Select
ENST00000530464.2	NM_001143975.1	UBTFL1	MANE Select
ENST00000683101.1	NM_001384355.1	RAD21L1	MANE Select
ENST00000567180.3	NM_001080514.3	SCX	MANE Select
ENST00000698152.1	NM_001396241.1	HNRNPA1L3	MANE Select
ENST00000531598.7	NM_001395487.1	NPIPA3	MANE Select
ENST00000529166.6	NM_001395485.2	NPIPA2	MANE Select
ENST00000437590.4	NM_001355444.3	ZNF487	MANE Select
ENST00000344935.8	NM_001129885.1	CPSF4L	MANE Select
ENST00000522781.6	NM_001039762.3	INSYN2A	MANE Select
ENST00000673969.1	NM_001080515.3	FAM163B	MANE Select
ENST00000455884.7	NM_001039763.4	TMEM232	MANE Select
ENST00000375215.3	NM_001162995.3	SMIM5	MANE Select
ENST00000542198.3	NM_001190462.2	C11orf97	MANE Select
ENST00000651890.2	NM_001355457.3	ZC3H11B	MANE Select
ENST00000339020.8	NM_001048249.4	SMIM15	MANE Select
ENST00000343959.5	NM_001146157.3	FAM25A	MANE Select
ENST00000377976.3	NM_001080516.2	GRXCR2	MANE Select
ENST00000389583.5	NM_001123376.3	TMEM72	MANE Select
ENST00000556529.4	NM_001085481.3	MAP1LC3B2	MANE Select
ENST00000371311.5	NM_001145718.3	CT47B1	MANE Select
ENST00000344320.8	NM_001130448.3	C15orf62	MANE Select
ENST00000422652.6	NM_001145101.3	BTBD18	MANE Select
ENST00000556585.3	NM_001395467.1	TMEM253	MANE Select
ENST00000377906.2	NM_001040433.2	SPINK9	MANE Select
ENST00000404190.3	NM_001080518.2	LIPK	MANE Select
ENST00000404459.2	NM_001102469.2	LIPN	MANE Select
ENST00000445101.4	NM_001190228.2	RNF224	MANE Select
ENST00000223210.5	NM_001099220.3	ZNF862	MANE Select
ENST00000412468.4	NM_001102614.2	SLC35G6	MANE Select
ENST00000571838.2	NM_001243212.2	CCER2	MANE Select
ENST00000322527.4	NM_001146197.3	LRTM3	MANE Select
ENST00000651255.1	NM_001393391.1	MS4A4E	MANE Select
ENST00000448387.7	NM_001282494.2	GOLGA8N	MANE Select
ENST00000510439.7	NM_001267536.3	GOLGA6L4	MANE Select
ENST00000340345.6	NM_001085455.3	KRTAP24-1	MANE Select
ENST00000382835.2	NM_001077711.1	KRTAP27-1	MANE Select
ENST00000325558.11	NM_001079807.4	PGA3	MANE Select
ENST00000502412.2	NM_001172638.2	ZFP62	MANE Select
ENST00000378149.9	NM_001079808.6	PGA4	MANE Select
ENST00000342462.5	NM_001039770.3	TMPPE	MANE Select
ENST00000314099.10	NM_001145659.1	CTAGE9	MANE Select
ENST00000691996.1	NM_001382505.2	SPDYE10	MANE Select
ENST00000267406.11	NM_001039771.3	CBLN3	MANE Select
ENST00000399398.3	NM_001146684.3	RNF222	MANE Select
ENST00000575125.6	NM_001382554.3	SPDYE9	MANE Select
ENST00000378821.4	NM_001146685.2	TMEM278	MANE Select
ENST00000422725.4	NM_001242659.2	FNDC10	MANE Select
ENST00000377391.8	NM_001085457.2	ZNG1F	MANE Select
ENST00000579455.2	NM_001174123.2	C18orf63	MANE Select
ENST00000617224.3	NM_001137548.3	FAM25C	MANE Select
ENST00000399363.5	NM_001310219.2	GSG1L2	MANE Select
ENST00000378887.4	NM_001042631.3	SDHAF1	MANE Select
ENST00000686077.1	NM_001195581.2	ARL14EPL	MANE Select
ENST00000580256.3	NM_001101387.2	PIRT	MANE Select
ENST00000636125.2	NM_001351574.3	EXOC1L	MANE Select
ENST00000242140.10	NM_001080529.3	WIPF3	MANE Select
ENST00000374139.8	NM_001276451.2	DRGX	MANE Select
ENST00000406915.4	NM_001123225.3	SYCE3	MANE Select
ENST00000650639.1	NM_001143978.3	ZCCHC18	MANE Select
ENST00000334879.2	NM_001040448.3	DEFB131A	MANE Select
ENST00000351817.5	NM_033176.2	NKX2-4	MANE Select
ENST00000330288.6	NM_001163438.2	SMIM10	MANE Select
ENST00000419275.3	NM_001123068.3	PPIAL4G	MANE Select
ENST00000433425.4	NM_001348255.2	SMIM10L2B	MANE Select
ENST00000453129.3	NM_001101389.1	CLDN25	MANE Select
ENST00000388995.11	NM_001039999.3	FAM83G	MANE Select
ENST00000448599.2	NM_001145643.2	PHGR1	MANE Select
ENST00000407572.6	NM_001080836.3	MEIG1	MANE Select
ENST00000529419.3	NM_001080521.3	RASSF10	MANE Select
ENST00000425059.1	NM_001136152.1	ALG1L2	MANE Select
ENST00000523047.4	NM_001289970.2	SMIM23	MANE Select
ENST00000399134.5	NM_001145127.2	EVPLL	MANE Select
ENST00000612958.2	NM_001098412.4	GAGE13	MANE Select
ENST00000445148.2	NM_001098409.4	GAGE12G	MANE Select
ENST00000511148.2	NM_001079827.2	CLRN2	MANE Select
ENST00000378731.6	NM_001039780.4	CCNI2	MANE Select
ENST00000544708.3	NM_001164261.2	PPIAL4D	MANE Select
ENST00000698372.1	NM_001101391.3	LINGO3	MANE Select
ENST00000568624.2	NM_001394758.1	GOLGA6L24	MANE Select
ENST00000624207.2	NM_001306072.3	PRAMEF26	MANE Select
ENST00000383490.3	NM_001395400.1	TMEM200C	MANE Select
ENST00000437300.2	NM_001291381.1	PRAMEF33	MANE Select
ENST00000526929.1	NM_001256874.1	USP17L4	MANE Select
ENST00000376101.4	NM_001099790.5	PRAMEF19	MANE Select
ENST00000602960.2	NM_001099852.2	PRAMEF20	MANE Select
ENST00000536718.3	NM_001388354.1	TMEM191C	MANE Select
ENST00000650722.2	NM_001080523.3	ARRDC5	MANE Select
ENST00000583666.3	NM_001395966.1	IGBP1C	MANE Select
ENST00000648590.1	NM_001397382.1	FAM90A22	MANE Select
ENST00000648435.1	NM_001397380.1	FAM90A23	MANE Select
ENST00000648315.1	NM_001164452.1	FAM90A14	MANE Select
ENST00000464121.3	NM_001276687.2	MT1HL1	MANE Select
ENST00000389176.4	NM_001143980.3	CCDC154	MANE Select
ENST00000536498.6	NM_001080837.4	SEBOX	MANE Select
ENST00000530484.1	NM_001256871.1	USP17L3	MANE Select
ENST00000400004.6	NM_001277307.2	MAGEB17	MANE Select
ENST00000519497.3	NM_001423531.1	FAM90A12	MANE Select
ENST00000324915.6	NM_001350978.3	SPATA31C2	MANE Select
ENST00000373521.4	NM_001042506.2	PABPC1L2B	MANE Select
ENST00000588001.2	NM_001282300.2	SLC35G4	MANE Select
ENST00000376974.5	NM_001164444.2	CBY3	MANE Select
ENST00000638483.1	NM_001401699.1	TAF11L5	MANE Select
ENST00000638668.1	NM_001401700.1	TAF11L3	MANE Select
ENST00000437192.8	NM_001080524.2	C16orf90	MANE Select
ENST00000426928.7	NM_001289974.2	LACTBL1	MANE Select
ENST00000434006.3	NM_001080525.3	SPINK8	MANE Select
ENST00000548523.6	NM_001277378.2	C19orf67	MANE Select
ENST00000379071.4	NM_001080526.2	FABP9	MANE Select
ENST00000360464.6	NM_001105281.6	FABP12	MANE Select
ENST00000545770.7	NM_001080528.3	CIMIP7	MANE Select
ENST00000438731.7	NM_001080531.3	C4orf51	MANE Select
ENST00000332715.6	NM_001105577.2	URAD	MANE Select
ENST00000590317.4	NM_001085474.2	LYPD8	MANE Select
ENST00000413299.6	NM_001370096.2	SBK2	MANE Select
ENST00000331628.8	NM_001105579.2	SYNDIG1L	MANE Select
ENST00000617704.1	NM_001206631.1	TRIM64C	MANE Select
ENST00000533490.7	NM_001136571.2	ZAR1L	MANE Select
ENST00000596516.3	NM_001287737.2	SETSIP	MANE Select
ENST00000535113.7	NM_001013647.2	FAM227A	MANE Select
ENST00000601382.3	NM_001195135.2	RNF225	MANE Select
ENST00000600766.3	NM_001349726.2	ZNF723	MANE Select
ENST00000328828.6	NM_001101404.2	SH2D7	MANE Select
ENST00000465419.7	NM_001351281.2	MINDY4B	MANE Select
ENST00000617714.2	NM_001195129.2	PRSS56	MANE Select
ENST00000354323.3	NM_001039792.2	HRCT1	MANE Select
ENST00000341865.9	NM_001164446.3	C6orf132	MANE Select
ENST00000610657.2	NM_001164465.3	GOLGA6L10	MANE Select
ENST00000377647.6	NM_001085452.4	SPATA31A1	MANE Select
ENST00000507606.3	NM_001130929.2	STMP1	MANE Select
ENST00000641863.3	NM_001271870.5	SRGAP2B	MANE Select
ENST00000563710.7	NM_001351589.3	C13orf42	MANE Select
ENST00000681248.1	NM_001386375.1	SERPINE3	MANE Select
ENST00000449188.3	NM_001270601.2	ASCL5	MANE Select
ENST00000648713.2	NM_001370368.2	LOC647264	MANE Select
ENST00000557640.2	NM_001257268.2	RD3L	MANE Select
ENST00000442080.6	NM_001146686.3	GMNC	MANE Select
ENST00000451127.3	NM_001195082.2	TEX22	MANE Select
ENST00000545940.6	NM_001372060.1	ANHX	MANE Select
ENST00000405617.4	NM_001145115.3	PPP1R3G	MANE Select
ENST00000534327.7	NM_001358413.3	ZSCAN5C	MANE Select
ENST00000445091.3	NM_001367770.1	PNMA6E	MANE Select
ENST00000617807.3	NM_001382358.1	HNRNPCL3	MANE Select
ENST00000296657.7	NM_001164440.2	ANKRD33B	MANE Select
ENST00000407689.8	NM_001037666.3	CASTOR1	MANE Select
ENST00000425639.3	NM_001278063.4	SKOR2	MANE Select
ENST00000562295.3	NM_001395373.1	GOLGA8S	MANE Select
ENST00000375616.6	NM_001097604.3	XAGE1B	MANE Select
ENST00000567927.2	NM_001282472.2	GOLGA8J	MANE Select
ENST00000569052.2	NM_001355469.2	GOLGA8T	MANE Select
ENST00000508859.8	NM_001351303.2	ZDHHC11B	MANE Select
ENST00000373510.9	NM_001040441.3	ZBTB8A	MANE Select
ENST00000512626.3	NM_001282493.2	GOLGA8K	MANE Select
ENST00000295150.8	NM_001040710.3	FAM228A	MANE Select
ENST00000585281.6	NM_001040084.3	ANXA8	MANE Select
ENST00000495380.7	NM_001143988.2	NBPF6	MANE Select
ENST00000639673.3	NM_001164464.2	TRIM43B	MANE Select
ENST00000375602.2	NM_001097594.3	XAGE1A	MANE Select
ENST00000391413.4	NM_033059.4	KRTAP4-11	MANE Select
ENST00000389362.6	NM_006248.4	PRB2	MANE Select
ENST00000451531.7	NM_001277406.2	POTEI	MANE Select
ENST00000281882.8	NM_001079530.2	CFC1B	MANE Select
ENST00000434883.3	NM_001080140.1	CT47A7	MANE Select
ENST00000647317.2	NM_001321958.2	ASAH2B	MANE Select
ENST00000563902.2	NM_001040715.2	MATCAP1	MANE Select
ENST00000262365.9	NM_001137610.3	FAM86B2	MANE Select
ENST00000289473.11	NM_000265.7	NCF1	MANE Select
ENST00000622588.2	NM_001085476.4	FOXD4L6	MANE Select
ENST00000642566.2	NM_001395484.1	SPAG11A	MANE Select
ENST00000377420.1	NM_001126334.1	FOXD4L5	MANE Select
ENST00000407834.4	NM_001102467.2	AQP12B	MANE Select
ENST00000367123.8	NM_001329984.2	SRGAP2C	MANE Select
ENST00000595228.4	NM_001097610.3	SCGB1C2	MANE Select
ENST00000409886.4	NM_001144013.2	RGPD3	MANE Select
ENST00000314980.5	NM_001042507.4	LGALS7B	MANE Select
ENST00000577856.3	NM_001143883.4	PPIAL4A	MANE Select
ENST00000398636.8	NM_005411.5	SFTPA1	MANE Select
ENST00000313835.14	NM_001097612.2	GPR89A	MANE Select
ENST00000561509.3	NM_001205259.3	TP53TG3C	MANE Select
ENST00000377495.2	NM_001098844.3	TMEM236	MANE Select
ENST00000292140.10	NM_198850.4	PHLDB3	MANE Select
ENST00000585245.3	NM_001135789.5	PPIAL4C	MANE Select
ENST00000331491.2	NM_001123375.3	H3C13	MANE Select
ENST00000713586.1	NM_001100631.2	PRAMEF22	MANE Select
ENST00000376152.2	NM_001098376.3	PRAMEF15	MANE Select
ENST00000300576.6	NM_001164404.2	GOLGA6C	MANE Select
ENST00000434739.4	NM_001145224.3	GOLGA6D	MANE Select
ENST00000381394.9	NM_001164419.3	MBD3L4	MANE Select
ENST00000333843.9	NM_001164425.4	MBD3L3	MANE Select
ENST00000290765.9	NM_001080843.4	GSTT2B	MANE Select
ENST00000563027.2	NM_001282468.3	GOLGA8M	MANE Select
ENST00000409602.2	NM_001277083.2	POTEJ	MANE Select
ENST00000309451.7	NM_001085365.2	MZT2A	MANE Select
ENST00000400752.6	NM_152338.4	ZG16	MANE Select
ENST00000369390.7	NM_001100910.2	FAM72B	MANE Select
ENST00000683684.1	NM_001164458.2	ACTR3C	MANE Select
ENST00000242104.6	NM_001097622.2	OCM	MANE Select
ENST00000419098.6	NM_001137608.3	ZNF732	MANE Select
ENST00000328114.11	NM_001040078.3	LGALS9C	MANE Select
ENST00000299194.6	NM_001039029.3	LRTM2	MANE Select
ENST00000522917.5	NM_001039112.2	FER1L6	MANE Select
ENST00000651894.2	NM_001039182.4	BOLA2B	MANE Select
ENST00000397832.7	NM_001042706.3	IQCJ	MANE Select
ENST00000504449.2	NM_001102566.2	PCP4L1	MANE Select
ENST00000436428.3	NM_001044264.3	MSMP	MANE Select
ENST00000607355.3	NM_001040874.1	H2AC19	MANE Select
ENST00000363593.2	NR_033294.2	SNORD118	MANE Select
ENST00000391553.3	NM_031297.7	RNF208	MANE Select
ENST00000428649.5	NM_001083124.1	SPATA31A3	MANE Select
ENST00000619213.1	NM_001145004.2	GOLGA6L6	MANE Select
ENST00000596480.6	NM_001164417.3	SSX2B	MANE Select
ENST00000620151.4	NM_001396132.1	CT47C1	MANE Select
ENST00000302558.8	NM_001164463.1	RGPD8	MANE Select
ENST00000391429.2	NM_001164405.2	BHLHA9	MANE Select
ENST00000416841.8	NM_001321178.3	FAM156B	MANE Select
ENST00000529681.5	NM_002458.3	MUC5B	MANE Select
ENST00000437823.5	NM_001113541.3	SPATA31A5	MANE Select
ENST00000562783.2	NM_001355476.2	GOLGA8Q	MANE Select
ENST00000330676.8	NM_001164407.2	TLCD2	MANE Select
ENST00000389617.9	NM_001080393.2	GXYLT2	MANE Select
ENST00000371402.5	NM_001099685.3	RHOXF2B	MANE Select
ENST00000326134.10	NM_032450.3	MROH1	MANE Select
ENST00000430448.3	NM_001080137.2	CT47A10	MANE Select
ENST00000417256.3	NM_001080138.2	CT47A9	MANE Select
ENST00000509311.7	NM_001277308.1	GOLGA8O	MANE Select
ENST00000457977.3	NM_001080139.2	CT47A8	MANE Select
ENST00000419194.3	NM_001080141.2	CT47A6	MANE Select
ENST00000439466.3	NM_001080142.2	CT47A5	MANE Select
ENST00000415858.3	NM_001080143.2	CT47A4	MANE Select
ENST00000441330.3	NM_001080144.2	CT47A3	MANE Select
ENST00000458218.3	NM_001080145.2	CT47A2	MANE Select
ENST00000433030.4	NM_001080146.3	CT47A1	MANE Select
ENST00000619162.5	NM_001098845.3	ANXA8L1	MANE Select
ENST00000609129.2	NM_001145720.2	ZBTB8B	MANE Select
ENST00000381707.6	NM_001099338.2	NUTM2A	MANE Select
ENST00000381697.7	NM_001382304.1	NUTM2D	MANE Select
ENST00000440215.5	NM_001396063.1	TSPY9	MANE Select
ENST00000457222.6	NM_001077697.2	TSPY3	MANE Select
ENST00000404077.6	NM_001099697.2	RSPH10B2	MANE Select
ENST00000375915.4	NM_001080396.3	NALF1	MANE Select
ENST00000333822.5	NM_031960.3	KRTAP4-8	MANE Select
ENST00000619998.1	NM_001355479.1	GGTLC3	MANE Select
ENST00000612978.5	NM_001242313.1	TMEM191B	MANE Select
ENST00000471932.6	NM_001272063.2	MAGED4	MANE Select
ENST00000377747.5	NM_001257305.2	KRTAP1-4	MANE Select
ENST00000595065.6	NM_001080790.1	MAGEA9B	MANE Select
ENST00000636231.2	NM_001256720.2	CLEC19A	MANE Select
ENST00000398477.1	NM_033032.3	KRTAP2-2	MANE Select
ENST00000321264.9	NM_152783.5	D2HGDH	MANE Select
ENST00000382822.2	NM_001099219.1	KRTAP19-8	MANE Select
ENST00000567390.7	NM_001365371.2	GOLGA6L7	MANE Select
ENST00000458091.5	NM_001395996.1	PWWP4	MANE Select
ENST00000398470.1	NM_001190460.1	KRTAP9-1	MANE Select
ENST00000380729.8	NM_001376000.2	GTF2H2C	MANE Select
ENST00000602195.6	NM_001099686.3	NXF2B	MANE Select
ENST00000382689.8	NM_001042500.2	DEFA1B	MANE Select
ENST00000633214.2	NM_001302757.2	OVOL3	MANE Select
ENST00000504481.1	NM_001242327.1	USP17L24	MANE Select
ENST00000509271.1	NM_001242326.1	USP17L25	MANE Select
ENST00000409914.7	NM_001099771.2	POTEF	MANE Select
ENST00000509660.1	NM_001242328.1	USP17L26	MANE Select
ENST00000507227.1	NM_001242329.1	USP17L5	MANE Select
ENST00000568641.2	NM_001162371.3	LOC728392	MANE Select
ENST00000515574.1	NM_001242330.1	USP17L27	MANE Select
ENST00000426950.6	NM_001164471.2	TSPY4	MANE Select
ENST00000504543.1	NM_001242331.1	USP17L28	MANE Select
ENST00000287721.13	NM_001243721.2	TSPY8	MANE Select
ENST00000511681.1	NM_001242332.1	USP17L29	MANE Select
ENST00000504104.1	NM_001256867.1	USP17L30	MANE Select
ENST00000528221.1	NM_001423532.1	FAM90A20	MANE Select
ENST00000369929.8	NM_001048181.3	OPN1MW2	MANE Select
ENST00000338882.5	NM_001123364.3	METTL24	MANE Select
ENST00000371738.4	NM_001080849.3	DNLZ	MANE Select
ENST00000380750.8	NM_022978.3	SERF1B	MANE Select
ENST00000566740.2	NM_001282490.2	GOLGA8H	MANE Select
ENST00000333385.11	NM_001382525.2	SPDYE8	MANE Select
ENST00000627399.4	NM_001351368.2	C2orf92	MANE Select
ENST00000378090.9	NM_001135570.3	UQCC6	MANE Select
ENST00000377561.7	NM_001201380.3	CNTNAP3B	MANE Select
ENST00000514853.5	NM_001317938.2	CCDC192	MANE Select
ENST00000529108.6	NM_001354471.3	MS4A18	MANE Select
ENST00000239859.8	NM_001144981.3	CCDC169	MANE Select
ENST00000399143.9	NM_001287444.2	DCDC2C	MANE Select
ENST00000657597.2	NM_001395517.1	CCDC30	MANE Select
ENST00000442687.6	NM_001303622.2	MEIKIN	MANE Select
ENST00000404249.8	NM_024011.4	CDK11A	MANE Select
ENST00000503668.3	NR_004855.3	HULC	MANE Select
ENST00000334036.10	NM_001386972.1	DMRTC1B	MANE Select
ENST00000617444.5	NM_001290264.2	SLC35E2B	MANE Select
ENST00000380876.5	NM_001317857.2	EIF3CL	MANE Select
ENST00000449283.2	NM_032461.4	SPANXB1	MANE Select
ENST00000370518.4	NM_145662.4	SPANXA2	MANE Select
ENST00000683297.1	NM_001310136.2	NPIPB8	MANE Select
ENST00000695563.1	NM_001395275.1	NPIPB6	MANE Select
ENST00000642087.2	NM_001395976.1	LOC728743	MANE Select
ENST00000650426.1	NM_001397391.1	FAM90A17	MANE Select
ENST00000647903.1	NM_001164449.1	FAM90A19	MANE Select
ENST00000690015.1	NM_001351305.2	CROCC2	MANE Select
ENST00000601380.4	NM_001276713.2	ANKDD1B	MANE Select
ENST00000475092.4	NM_001101330.3	C1GALT1C1L	MANE Select
ENST00000400889.3	NM_207418.3	FAM72D	MANE Select
ENST00000698216.1	NM_001037501.5	NBPF8	MANE Select
ENST00000429849.3	NM_001080406.2	C12orf71	MANE Select
ENST00000698511.1	NM_001310137.5	NPIPB11	MANE Select
ENST00000612907.2	NM_152582.7	CT45A2	MANE Select
ENST00000423484.3	NM_001170905.3	ZNF736	MANE Select
ENST00000581138.4	NM_001164262.3	PPIAL4F	MANE Select
ENST00000400085.8	NM_001039615.3	ZNF705D	MANE Select
ENST00000441178.2	NM_001143909.1	RPEL1	MANE Select
ENST00000344941.3	NM_001170798.1	SLC15A5	MANE Select
ENST00000566855.4	NM_001242521.2	TEX46	MANE Select
ENST00000430121.3	NM_001129908.3	GASK1A	MANE Select
ENST00000374094.9	NM_001144000.4	AGAP5	MANE Select
ENST00000304270.6	NM_001079900.2	SPACA5B	MANE Select
ENST00000445132.3	NM_001123396.4	CCR2	MANE Select
ENST00000377930.1	NM_001130404.1	PRR20B	MANE Select
ENST00000372325.7	NM_001098668.4	SFTPA2	MANE Select
ENST00000544357.2	NM_001130405.1	PRR20C	MANE Select
ENST00000452123.3	NM_001130406.1	PRR20D	MANE Select
ENST00000434815.1	NM_001130407.1	PRR20E	MANE Select
ENST00000429828.7	NM_001278495.2	NUTM2B	MANE Select
ENST00000398664.5	NM_001243722.3	TP53TG3D	MANE Select
ENST00000254627.4	NM_001080399.3	OC90	MANE Select
ENST00000341305.7	NM_001099687.4	TP53TG3B	MANE Select
ENST00000301286.5	NM_001367868.2	PLIN4	MANE Select
ENST00000623787.3	NM_001105522.1	TRIM49D2	MANE Select
ENST00000442437.3	NM_001098406.4	GAGE12J	MANE Select
ENST00000420398.3	NM_001098408.3	GAGE12C	MANE Select
ENST00000381698.5	NM_001098418.3	GAGE12E	MANE Select
ENST00000616305.2	NM_001145064.3	CASTOR2	MANE Select
ENST00000595358.5	NM_001267723.2	CCDC61	MANE Select
ENST00000381722.2	NM_001098410.3	GAGE12H	MANE Select
ENST00000362097.2	NM_001127212.4	GAGE2A	MANE Select
ENST00000636986.2	NM_001364674.2	MBD3L2B	MANE Select
ENST00000399080.3	NM_001099218.3	RAD51AP2	MANE Select
ENST00000400788.9	NM_018452.6	TMEM242	MANE Select
ENST00000334600.7	NM_001024661.2	PRAMEF14	MANE Select
ENST00000367128.8	NM_001123168.3	FAM72A	MANE Select
ENST00000329516.8	NM_001123363.4	RGPD6	MANE Select
ENST00000563237.3	NM_001146210.4	SPDYE6	MANE Select
ENST00000383163.4	NM_001134659.1	PRR23A	MANE Select
ENST00000537690.7	NM_001164399.2	CCDC175	MANE Select
ENST00000547628.2	NM_001080404.3	ZNF878	MANE Select
ENST00000426406.4	NM_001005221.2	OR4F29	MANE Select
ENST00000396477.5	NM_001405061.1	CEACAM18	MANE Select
ENST00000435205.6	NM_001109977.3	FHIP1A	MANE Select
ENST00000682710.1	NM_001302348.2	UMAD1	MANE Select
ENST00000398146.5	NM_001078170.3	RGPD2	MANE Select
ENST00000620215.3	NM_001123391.4	TBC1D3	MANE Select
ENST00000610350.4	NM_001123392.4	TBC1D3H	MANE Select
ENST00000407010.7	NM_001101426.4	CRPPA	MANE Select
ENST00000376325.10	NM_001145176.2	SHISA7	MANE Select
ENST00000643046.2	NM_001396036.2	CIST1	MANE Select
ENST00000644631.4	NM_001145450.3	MORN2	MANE Select
ENST00000341750.5	NM_001277397.2	RFPL4AL1	MANE Select
ENST00000399147.8	NM_001396485.1	NPIPB2	MANE Select
ENST00000462790.8	NM_001145784.2	BORCS8	MANE Select
ENST00000558583.3	NM_001145204.3	SHISA9	MANE Select
ENST00000402034.7	NM_001193336.4	SEC14L6	MANE Select
ENST00000435989.7	NM_001144989.2	ZNF814	MANE Select
ENST00000594466.6	NM_001244038.2	ZNF726	MANE Select
ENST00000542527.7	NM_001164579.2	MOSMO	MANE Select
ENST00000421828.7	NM_001320038.2	LOC730098	MANE Select
ENST00000399742.7	NM_001164310.3	CIMIP2B	MANE Select
ENST00000455783.3	NM_001136002.2	TMEM229A	MANE Select
ENST00000417563.3	NM_001195190.3	TEX50	MANE Select
ENST00000377462.6	NM_001258406.2	ACOD1	MANE Select
ENST00000581164.2	NM_001144032.3	PPIAL4E	MANE Select
ENST00000429565.5	NM_001159524.1	ZNF735	MANE Select
ENST00000621406.5	NM_001354437.3	GTF2H2C_2	MANE Select
ENST00000391418.3	NM_001165252.2	KRTAP2-3	MANE Select
ENST00000428343.6	NM_001145664.2	RFX8	MANE Select
ENST00000532971.2	NM_001043229.2	CSKMT	MANE Select
ENST00000567119.1	NM_001048212.3	CEMP1	MANE Select
ENST00000592014.6	NM_001077620.3	PRCD	MANE Select
ENST00000454158.7	NM_001085400.2	RELL1	MANE Select
ENST00000319098.7	NM_001085382.2	PSAPL1	MANE Select
ENST00000299866.13	NM_001079512.4	TVP23A	MANE Select
ENST00000377953.4	NM_001085372.3	UQCC3	MANE Select
ENST00000440137.2	NM_001098405.3	GAGE12F	MANE Select
ENST00000633875.4	NM_001351307.2	DUXB	MANE Select
ENST00000215770.6	NM_001084393.2	DDTL	MANE Select
ENST00000428597.7	NR_003529.4	CDKN2B-AS1	MANE Select
ENST00000360844.7	NM_001098612.3	SIGLEC14	MANE Select
ENST00000615331.5	NM_001099415.3	POM121C	MANE Select
ENST00000618416.5	NM_001382555.2	SPDYE12	MANE Select
ENST00000333206.10	NM_001112734.4	ZSCAN30	MANE Select
ENST00000394552.4	NM_001397496.1	MCTS2	MANE Select
ENST00000379426.2	NM_001100829.3	TMEM170B	MANE Select
ENST00000424518.6	NR_186241.1	HOTAIR	MANE Select
ENST00000707000.1	NM_001409033.1	ZGLP1	MANE Select
ENST00000450456.3	NM_001358410.2	GJE1	MANE Select
ENST00000564719.2	NM_001257308.2	MINAR2	MANE Select
ENST00000517562.3	NM_001190972.2	C8orf88	MANE Select
ENST00000432622.2	NM_001167676.2	FAM229A	MANE Select
ENST00000368602.4	NM_001139444.3	TRAPPC3L	MANE Select
ENST00000486333.2	NM_198495.3	CTAGE4	MANE Select
ENST00000329493.6	NM_001135580.2	TEKTIP1	MANE Select
ENST00000456793.2	NM_001134693.2	OST4	MANE Select
ENST00000637218.2	NM_001354640.2	CIROP	MANE Select
ENST00000342537.8	NM_001137601.3	ZBTB42	MANE Select
ENST00000711328.1	NM_001413755.1	KDM4F	MANE Select
ENST00000370388.4	NM_001126063.3	KHDC1L	MANE Select
ENST00000530210.1	NM_001242853.1	DEFB131B	MANE Select
ENST00000458472.2	NM_001144064.3	CXorf51A	MANE Select
ENST00000692500.1	NM_001387564.1	SMIM27	MANE Select
ENST00000368775.3	NM_001024679.3	KPLCE	MANE Select
ENST00000405799.3	NM_001306137.2	TDRD15	MANE Select
ENST00000622602.2	NM_001271592.2	SMIM10L1	MANE Select
ENST00000611003.2	NM_001348070.2	FAM236A	MANE Select
ENST00000564146.4	NM_001195279.2	MKRN2OS	MANE Select
ENST00000423661.1	NM_001355519.1	ETDB	MANE Select
ENST00000695840.1	NM_001195272.2	TEX13C	MANE Select
ENST00000597761.7	NM_001277403.2	ZNF730	MANE Select
ENST00000424749.7	NM_001136570.3	FAM47E	MANE Select
ENST00000563496.2	NM_001193502.2	TCF24	MANE Select
ENST00000543880.7	NM_001365008.2	IZUMO3	MANE Select
ENST00000361970.10	NM_001134848.2	CCDC152	MANE Select
ENST00000427401.9	NM_001159293.2	ZNF737	MANE Select
ENST00000637012.2	NM_001354602.2	TMEM269	MANE Select
ENST00000340783.11	NM_001309427.2	SPATA31F3	MANE Select
ENST00000598963.3	NM_001164415.3	HSFX2	MANE Select
ENST00000542437.1	NM_001162914.1	CCDC166	MANE Select
ENST00000624510.4	NM_001243237.3	C8orf89	MANE Select
ENST00000686983.1	NM_001136234.3	SUPT20HL1	MANE Select
ENST00000381365.4	NM_001145536.2	C17orf107	MANE Select
ENST00000530719.6	NM_001282448.2	CATSPERH	MANE Select
ENST00000535490.3	NM_001145140.2	CXorf49	MANE Select
ENST00000341130.6	NM_001190844.2	TMEM221	MANE Select
ENST00000709217.2	NM_001324073.3	CD300H	MANE Select
ENST00000371125.4	NM_001122716.2	PRR32	MANE Select
ENST00000609480.4	NM_001195150.3	SPMIP1	MANE Select
ENST00000334994.6	NM_181506.5	LRRC70	MANE Select
ENST00000448384.3	NM_001129890.2	LRRC69	MANE Select
ENST00000480514.6	NM_001355526.2	EFCAB10	MANE Select
ENST00000612221.1	NM_001199824.2	SBK3	MANE Select
ENST00000579469.2	NM_001162997.2	ERLN	MANE Select
ENST00000378644.5	NM_001129979.3	SYCE1L	MANE Select
ENST00000297001.7	NM_001161834.3	SPMIP7	MANE Select
ENST00000382252.6	NM_001278559.2	ZNF316	MANE Select
ENST00000344839.3	NM_001128326.2	BSPH1	MANE Select
ENST00000423014.3	NM_001113207.2	TSTD1	MANE Select
ENST00000409150.8	NM_001142645.2	NEMP2	MANE Select
ENST00000434396.2	NM_001190479.3	ANKRD63	MANE Select
ENST00000574912.1	NM_001282442.2	DPEP2NB	MANE Select
ENST00000379011.5	NM_001166692.2	C11orf91	MANE Select
ENST00000394967.3	NM_001145250.2	SP9	MANE Select
ENST00000375352.1	NM_001115152.2	CD300LD	MANE Select
ENST00000533250.2	NM_001282479.1	PRR23D1	MANE Select
ENST00000423738.5	NM_001256155.3	ARMCX4	MANE Select
ENST00000594797.6	NM_001171155.2	PET100	MANE Select
ENST00000652011.2	NM_001290208.3	ZNF717	MANE Select
ENST00000377365.4	NM_001129891.3	INSYN2B	MANE Select
ENST00000416044.1	NM_001128598.1	KRTAP25-1	MANE Select
ENST00000400156.4	NM_001164457.3	ZNF705G	MANE Select
ENST00000632372.3	NM_001355534.2	TEX13D	MANE Select
ENST00000643531.4	NM_001291281.3	FOXO6	MANE Select
ENST00000640551.3	NM_001195442.2	FAM240A	MANE Select
ENST00000620691.5	NM_001365373.2	GOLGA6L25	MANE Select
ENST00000424340.7	NM_001395849.1	NPIPB5	MANE Select
ENST00000617284.5	NM_012312.5	KIR2DS2	MANE Select
ENST00000596535.3	NM_001348072.1	FAM236B	MANE Select
ENST00000391415.2	NM_001146041.1	KRTAP4-9	MANE Select
ENST00000400120.3	NM_001193630.1	ZNF705B	MANE Select
ENST00000405679.4	NM_001127199.3	GAGE12D	MANE Select
ENST00000583866.9	NM_001302371.3	NBPF10	MANE Select
ENST00000541814.1	NM_001185149.1	CLDN24	MANE Select
ENST00000391417.6	NM_033061.4	KRTAP4-7	MANE Select
ENST00000526619.7	NM_001350920.2	GOLGA8F	MANE Select
ENST00000389074.6	NM_001164442.2	SHISAL2B	MANE Select
ENST00000369529.2	NM_001162936.4	SMIM9	MANE Select
ENST00000542739.3	NM_001145139.2	CXorf49B	MANE Select
ENST00000438525.3	NM_001244892.2	CXorf51B	MANE Select
ENST00000452267.2	NM_001137549.2	FAM25G	MANE Select
ENST00000528972.1	NM_001282478.1	PRR23D2	MANE Select
ENST00000437818.1	NM_001195257.1	DEFB130B	MANE Select
ENST00000679412.2	NM_001375847.2	XNDC1N	MANE Select
ENST00000606017.2	NM_001359084.1	CD24	MANE Select
ENST00000567955.3	NM_001194958.2	KCNJ18	MANE Select
ENST00000397640.6	NM_001113324.3	TEN1	MANE Select
ENST00000340457.8	NM_001114403.3	UPK3BL1	MANE Select
ENST00000397299.9	NM_001114632.2	JMJD7	MANE Select
ENST00000458483.4	NM_001114633.2	PLA2G4B	MANE Select
ENST00000340363.10	NM_001163075.2	C17orf99	MANE Select
ENST00000487179.2	NM_001278507.2	CTAGE8	MANE Select
ENST00000445946.5	NM_001126049.2	KLLN	MANE Select
ENST00000458811.1	NR_023317.1	RNU7-1	MANE Select
ENST00000382828.2	NM_001350977.1	KRTAP20-4	MANE Select
ENST00000580972.2	NR_023343.3	RNU4ATAC	MANE Select
ENST00000408749.1	NR_023344.2	RNU6ATAC	MANE Select
ENST00000445202.2	NM_001129883.4	PATE3	MANE Select
ENST00000417606.3	NM_001145641.2	SRRM5	MANE Select
ENST00000378187.3	NM_001130514.3	ERICH4	MANE Select
ENST00000621654.2	NM_001130677.2	EPOP	MANE Select
ENST00000398881.4	NM_001382294.1	TOMM6	MANE Select
ENST00000409999.4	NM_001145132.2	C5orf52	MANE Select
ENST00000694868.1	NM_001394591.1	C2CD4D	MANE Select
ENST00000409978.7	NM_001145451.5	ARHGEF33	MANE Select
ENST00000601417.3	NM_001191055.2	ERVV-2	MANE Select
ENST00000424583.7	NM_001145785.2	MEF2B	MANE Select
ENST00000465829.6	NM_001367767.2	RASA4B	MANE Select
ENST00000369484.8	NM_001018024.3	CMC4	MANE Select
ENST00000512047.2	NM_001358418.3	FAM90A26	MANE Select
ENST00000417945.1	NM_001256852.1	USP17L10	MANE Select
ENST00000696149.1	NM_001378090.1	WASHC1	MANE Select
ENST00000457736.1	NM_001256854.1	USP17L11	MANE Select
ENST00000415041.1	NM_001256853.1	USP17L12	MANE Select
ENST00000601693.2	NM_001242680.2	ZNF729	MANE Select
ENST00000429667.1	NM_001256855.1	USP17L13	MANE Select
ENST00000381273.4	NM_001146221.5	MANSC4	MANE Select
ENST00000511568.1	NM_001256857.1	USP17L17	MANE Select
ENST00000504209.1	NM_001256859.1	USP17L18	MANE Select
ENST00000454856.4	NM_001277303.1	POTEB2	MANE Select
ENST00000515566.1	NM_001256860.1	USP17L19	MANE Select
ENST00000506151.1	NM_001256861.1	USP17L20	MANE Select
ENST00000506414.1	NM_001256862.1	USP17L21	MANE Select
ENST00000462322.3	NM_001195243.2	SMKR1	MANE Select
ENST00000511280.1	NM_001256863.1	USP17L22	MANE Select
ENST00000527482.2	NM_001355566.1	GLYATL1B	MANE Select
ENST00000565422.3	NM_001162435.3	ANKRD66	MANE Select
ENST00000401095.9	NM_001242672.3	TTC34	MANE Select
ENST00000580018.4	NM_006327.4	TIMM23	MANE Select
ENST00000602312.3	NM_001394319.2	SDR42E2	MANE Select
ENST00000698833.1	NM_001397211.1	NBPF20	MANE Select
ENST00000382830.2	NM_001164434.1	KRTAP22-2	MANE Select
ENST00000444335.1	NM_001164435.1	KRTAP21-3	MANE Select
ENST00000360151.9	NM_001277325.2	NPIPA5	MANE Select
ENST00000443173.6	NM_001242690.2	ERVMER34-1	MANE Select
ENST00000456464.2	NM_001256894.2	USP17L15	MANE Select
ENST00000565211.1	NM_001306068.3	DUX4	MANE Select
ENST00000632897.2	NM_001371340.3	LIMS4	MANE Select
ENST00000380585.2	NM_001167670.3	TMEM239	MANE Select
ENST00000308062.8	NM_001124759.5	FRG2C	MANE Select
ENST00000445307.4	NM_001195081.2	CLDN34	MANE Select
ENST00000689072.1	NM_001386823.1	B3GALT9	MANE Select
ENST00000428845.6	NM_001282469.3	TSPY10	MANE Select
ENST00000431679.6	NM_001195541.3	TMEM225B	MANE Select
ENST00000581851.2	NM_001388428.1	TMEM238L	MANE Select
ENST00000318157.3	NM_001205266.2	DEFB4B	MANE Select
ENST00000360187.9	NM_183238.4	ZNF605	MANE Select
ENST00000434415.6	NM_001195220.2	ZNF783	MANE Select
ENST00000594901.2	NM_001376223.1	ZNF587B	MANE Select
ENST00000435500.7	NM_001242823.2	C4B_2	MANE Select
ENST00000432901.4	NM_001164811.2	PET117	MANE Select
ENST00000507450.6	NM_001166339.2	SPDYE2B	MANE Select
ENST00000409061.2	NM_001271700.2	ANKRD61	MANE Select
ENST00000622764.3	NM_001348680.2	SAP25	MANE Select
ENST00000635763.2	NM_001195578.2	TRPC5OS	MANE Select
ENST00000618857.3	NR_037803.3	BACE1-AS	MANE Select
ENST00000550078.3	NM_001395895.1	ZBED6	MANE Select
ENST00000465482.3	NM_001362810.2	PRR20G	MANE Select
ENST00000630918.1	NR_121644.1	DBET	MANE Select
ENST00000330020.5	NM_001396012.1	ZNF722	MANE Select
ENST00000640019.3	NM_001378785.1	MSANTD7	MANE Select
ENST00000526893.6	NM_001178126.2	IGLL5	MANE Select
ENST00000535540.1	NM_001190765.1	KLRF2	MANE Select
ENST00000529487.3	NM_020893.6	CCDC180	MANE Select
ENST00000532798.3	NM_001195637.2	CCDC179	MANE Select
ENST00000436752.3	NM_001199233.2	TEX48	MANE Select
ENST00000638170.2	NM_001301268.2	INAFM2	MANE Select
ENST00000583195.3	NM_001414697.1	LASP1NB	MANE Select
ENST00000377924.6	NM_001195545.2	LRRC3C	MANE Select
ENST00000391354.2	NM_001277332.1	KRTAP9-7	MANE Select
ENST00000699524.1	NM_001397487.1	SPATA1	MANE Select
ENST00000391352.2	NM_001146182.2	KRTAP16-1	MANE Select
ENST00000510091.4	NM_001394953.1	SPDYE18	MANE Select
ENST00000509403.7	NM_001195535.4	ZNF475	MANE Select
ENST00000402297.6	NM_001322374.2	CEBPZOS	MANE Select
ENST00000507311.1	NM_001352885.1	SMIM31	MANE Select
ENST00000413619.3	NM_001282477.2	TMEM210	MANE Select
ENST00000507152.6	NM_001297550.2	APELA	MANE Select
ENST00000401542.3	NM_001195280.2	LRRC72	MANE Select
ENST00000450673.4	NM_001039083.5	ARL17B	MANE Select
ENST00000529331.2	NM_001347885.2	GVQW3	MANE Select
ENST00000373337.4	NM_001195156.2	TMEM35B	MANE Select
ENST00000370416.4	NM_016153.3	HSFX1	MANE Select
ENST00000383748.9	NM_001205272.2	KRABD1	MANE Select
ENST00000649256.2	NM_001354658.2	EDDM13	MANE Select
ENST00000635674.2	NM_001355570.4	MISFA	MANE Select
ENST00000512175.3	NM_001256475.2	SPMAP2L	MANE Select
ENST00000567970.2	NM_001195124.3	C16orf95	MANE Select
ENST00000396442.7	NM_001205254.2	OCLN	MANE Select
ENST00000417262.6	NR_046325.2	PCAT6	MANE Select
ENST00000628453.4	NM_001363830.2	SLFN12L	MANE Select
ENST00000709446.2	NM_001191016.3	CASP12	MANE Select
ENST00000610896.3	NM_001195256.2	GFY	MANE Select
ENST00000414264.6	NM_001304731.2	MRLN	MANE Select
ENST00000503525.3	NM_001416131.1	TUNAR	MANE Select
ENST00000562197.3	NM_001195528.2	TPBGL	MANE Select
ENST00000376608.9	NM_001195520.2	LRCOL1	MANE Select
ENST00000638719.4	NM_001195138.2	GIMD1	MANE Select
ENST00000541421.2	NM_001195597.2	SMLR1	MANE Select
ENST00000568956.2	NM_001195605.2	ZNF865	MANE Select
ENST00000517349.2	NM_001206847.2	SMIM18	MANE Select
ENST00000565468.6	NM_001195278.2	TMEM178B	MANE Select
ENST00000449934.7	NM_001177519.3	MICA	MANE Select
ENST00000489090.2	NM_001352129.2	STRIT1	MANE Select
ENST00000713907.1	NM_001419781.1	TGFBR3L	MANE Select
ENST00000357796.8	NM_001287250.3	NPIPB9	MANE Select
ENST00000391355.2	NM_001277331.1	KRTAP9-6	MANE Select
ENST00000430154.7	NM_001282322.3	RNF212B	MANE Select
ENST00000561890.1	NM_001395414.1	MUC22	MANE Select
ENST00000636427.3	NM_001365455.2	C13orf46	MANE Select
ENST00000561882.2	NM_001382497.1	AQP7B	MANE Select
ENST00000689828.1	NM_001394165.1	SMIM35	MANE Select
ENST00000331733.5	NM_001258400.2	FAM187A	MANE Select
ENST00000391353.1	NM_001257309.1	KRTAP29-1	MANE Select
ENST00000651259.3	NM_001290117.2	TIMM23B	MANE Select
ENST00000498697.3	NM_001277372.4	KIAA2012	MANE Select
ENST00000322630.3	NM_001243540.2	CEP295NL	MANE Select
ENST00000660368.2	NR_185914.2	HTT-AS	MANE Select
ENST00000267853.10	NM_001018100.5	MYZAP	MANE Select
ENST00000481490.3	NM_001256141.2	FSBP	MANE Select
ENST00000626439.2	NR_148359.2	SCAANT1	MANE Select
ENST00000615541.3	NM_001256829.2	TMEM265	MANE Select
ENST00000416894.2	NR_186305.1	FALEC	MANE Select
ENST00000636331.2	NM_001363254.2	CCDC200	MANE Select
ENST00000538665.6	NR_104125.3	IFNG-AS1	MANE Select
ENST00000591916.7	NM_001261430.2	PTGES3L	MANE Select
ENST00000556013.4	NR_049735.3	PTCSC3	MANE Select
ENST00000570508.3	NM_001193289.2	APOBEC3A_B	MANE Select
ENST00000439682.2	NM_001277304.2	POTEB	MANE Select
ENST00000560778.3	NM_001352888.2	CTXND1	MANE Select
ENST00000636087.1	NM_001384189.2	CTXND2	MANE Select
ENST00000622971.4	NM_001405026.1	TCP11X1	MANE Select
ENST00000642911.3	NM_001405027.1	TCP11X2	MANE Select
ENST00000651166.2	NM_001286811.2	SPEGNB	MANE Select
ENST00000650865.2	NM_001364013.2	NOTCH2NLC	MANE Select
ENST00000340073.9	NM_001351349.3	SPDYE11	MANE Select
ENST00000576178.7	NM_001395253.1	NPY4R2	MANE Select
ENST00000593495.4	NM_001364008.2	NOTCH2NLB	MANE Select
ENST00000273968.5	NM_032906.5	PYURF	MANE Select
ENST00000636096.3	NM_001323075.3	LOC101059915	MANE Select
ENST00000327271.11	NM_001282484.1	GOLGA8R	MANE Select
ENST00000530217.3	NM_001282507.2	NPIPA7	MANE Select
ENST00000637680.2	NM_001396011.1	SAXO3	MANE Select
ENST00000525596.6	NM_001282511.3	NPIPA8	MANE Select
ENST00000537226.3	NM_001277291.2	ZNF891	MANE Select
ENST00000610598.5	NM_001394668.1	CT45A7	MANE Select
ENST00000651566.2	NM_001351365.2	NBPF19	MANE Select
ENST00000599405.4	NM_001330067.2	OPN1MW3	MANE Select
ENST00000323770.8	NM_001302551.2	HNRNPCL4	MANE Select
ENST00000569055.2	NM_001291462.2	TBC1D3G	MANE Select
ENST00000620247.2	NM_001291464.2	TBC1D3K	MANE Select
ENST00000612727.5	NM_001369500.1	TBC1D3L	MANE Select
ENST00000616101.5	NM_001291465.2	TBC1D3D	MANE Select
ENST00000973241.1	NM_001405520.1	NBPF26	MANE Select
ENST00000710321.1	NM_001276254.2	IFNL4	MANE Select
ENST00000456790.2	NM_001355003.2	MMP24OS	MANE Select
ENST00000629624.3	NM_001397426.2	BLACAT1	MANE Select
ENST00000630920.1	NR_109834.1	CCAT2	MANE Select
ENST00000641901.2	NR_190186.1	SAMMSON	MANE Select
ENST00000636752.2	NM_001395421.2	SMIM36	MANE Select
ENST00000299415.3	NM_001282544.2	CCDC182	MANE Select
ENST00000457775.3	NM_001351114.2	HSFX4	MANE Select
ENST00000644721.3	NR_121567.3	PCAT7	MANE Select
ENST00000562505.2	NM_001368160.2	LY6L	MANE Select
ENST00000410005.2	NM_001282537.2	C21orf140	MANE Select
ENST00000717996.1	NR_185875.1	LINC01488	MANE Select
ENST00000436697.3	NM_001308421.2	PIGBOS1	MANE Select
ENST00000684080.1	NM_001322247.2	MEI4	MANE Select
ENST00000565469.4	NM_001282492.2	ARMH2	MANE Select
ENST00000427686.3	NM_001355522.1	ETDA	MANE Select
ENST00000431993.4	NM_001323079.3	HSFX3	MANE Select
ENST00000614400.2	NM_001355573.2	CCDC92B	MANE Select
ENST00000636692.2	NM_001395229.1	CFAP97D2	MANE Select
ENST00000637658.2	NM_001365174.2	TEX52	MANE Select
ENST00000573382.3	NM_001315494.2	MYMX	MANE Select
ENST00000624419.3	NM_001396072.1	NOTCH2NLR	MANE Select
ENST00000521802.8	NR_185843.2	IKBKB-DT	MANE Select
ENST00000568484.6	NM_001322244.2	TEX51	MANE Select
ENST00000436041.6	NM_001300891.2	PRAMEF27	MANE Select
ENST00000636296.2	NM_001395433.1	LITAFD	MANE Select
ENST00000384776.1	NR_104080.1	RNU6-9	MANE Select
ENST00000364784.1	NR_104084.1	RNU6-7	MANE Select
ENST00000365467.1	NR_104088.1	RNU6-8	MANE Select
ENST00000380822.9	NM_016283.5	AK6	MANE Select
ENST00000663667.3	NR_186108.1	CISTR	MANE Select
ENST00000524958.6	NM_001286086.2	C11orf98	MANE Select
ENST00000604062.7	NM_001397448.1	KANTR	MANE Select
ENST00000638741.2	NM_001395334.1	CSAG2	MANE Select
ENST00000633306.2	NM_001394943.1	SPDYE16	MANE Select
ENST00000618455.5	NM_001382446.2	GOLGA6L26	MANE Select
ENST00000682849.1	NM_001291529.2	CT45A10	MANE Select
ENST00000620704.5	NM_001291540.2	CT45A9	MANE Select
ENST00000611660.5	NM_001291535.1	CT45A8	MANE Select
ENST00000561754.4	NM_001367365.2	TLE7	MANE Select
ENST00000671986.3	NM_001351351.3	SPDYE17	MANE Select
ENST00000621587.2	NM_001291466.2	TBC1D3E	MANE Select
ENST00000509356.2	NM_001365443.2	PTTG1IP2	MANE Select
ENST00000430816.3	NM_001375657.2	LOC102723971	MANE Select
ENST00000623491.2	NM_001330061.2	TP53TG3E	MANE Select
ENST00000623042.2	NM_001330066.2	TP53TG3F	MANE Select
ENST00000713540.1	NM_001405530.2	LOC102724250	MANE Select
ENST00000451485.3	NR_125406.2	CCR5AS	MANE Select
ENST00000407599.4	NM_001098413.4	GAGE10	MANE Select
ENST00000615923.4	NM_001370184.1	SYT15B	MANE Select
ENST00000640310.2	NM_001395380.1	PRR33	MANE Select
ENST00000611217.5	NM_207355.5	POTEB3	MANE Select
ENST00000648368.2	NM_001395436.2	MSANTD5	MANE Select
ENST00000621034.2	NM_001291463.2	TBC1D3I	MANE Select
ENST00000618755.2	NM_001360171.2	LOC102725023	MANE Select
ENST00000636804.2	NM_001386514.1	C7orf78	MANE Select
ENST00000384627.1	NR_125730.1	RNU6-2	MANE Select
ENST00000652175.2	NM_001382563.2	SPDYE13	MANE Select
ENST00000612377.3	NM_001382547.2	SPDYE15	MANE Select
ENST00000623441.1	NM_001365389.2	OR4N4C	MANE Select
ENST00000529160.2	NR_183636.1	SORL1-AS1	MANE Select
ENST00000640283.2	NM_001365310.2	PERCC1	MANE Select
ENST00000584068.4	NM_001368128.3	PPIAL4H	MANE Select
ENST00000619363.3	NM_001396020.1	CHD9NB	MANE Select
ENST00000640559.2	NM_001355613.1	CPHXL	MANE Select
ENST00000691075.1	NM_001378600.1	NFILZ	MANE Select
ENST00000640151.1	NM_001316692.2	GNG14	MANE Select
ENST00000562076.2	NM_001384597.1	SMIM47	MANE Select
ENST00000413518.6	NM_001396080.1	ERVK3-1	MANE Select
ENST00000420705.3	NR_190203.1	LINC00237	MANE Select
ENST00000419795.6	NM_001348203.1	FAM236D	MANE Select
ENST00000436629.3	NM_001354980.2	PNMA6F	MANE Select
ENST00000334348.8	NM_001347684.2	UPK3B	MANE Select
ENST00000706920.2	NM_001406478.1	LY6S	MANE Select
ENST00000423632.3	NM_001354645.2	TEX53	MANE Select
ENST00000427999.7	NM_001405004.1	NPIPA9	MANE Select
ENST00000715253.1	NM_001405228.1	SCPPPQ1	MANE Select
ENST00000638089.2	NM_001363511.2	MARCOL	MANE Select
ENST00000697682.1	NM_001396071.1	TMEM275	MANE Select
ENST00000294635.5	NM_001382280.1	LRRC53	MANE Select
ENST00000634670.1	NM_001358438.1	KLF18	MANE Select
ENST00000542064.4	NR_184307.2	LINC02747	MANE Select
ENST00000555461.1	NR_131938.2	LRP1-AS	MANE Select
ENST00000410792.2	NR_199865.1	RNU2-63P	MANE Select
ENST00000696987.1	NM_001320010.2	PYDC5	MANE Select
ENST00000636696.4	NM_001364708.1	SPEM3	MANE Select
ENST00000644544.2	NM_001363506.2	UPK3BL2	MANE Select
ENST00000686237.1	NM_001369201.2	SMIM38	MANE Select
ENST00000634353.1	NM_001330236.2	LBHD2	MANE Select
ENST00000567252.2	NM_001364677.1	MDFIC2	MANE Select
ENST00000692316.1	NM_001384237.2	FAM237B	MANE Select
ENST00000642343.2	NM_001395278.3	OOSP4B	MANE Select
ENST00000461393.7	NM_001348712.2	HTD2	MANE Select
ENST00000636267.1	NM_001351111.1	FAM236C	MANE Select
ENST00000506599.2	NM_001328655.2	P3R3URF	MANE Select
ENST00000421274.7	NM_001352000.1	LOC110384692	MANE Select
ENST00000324557.9	NM_032331.4	EEF1AKMT4	MANE Select
ENST00000607829.6	NM_001353493.2	ASDURF	MANE Select
ENST00000617053.3	NM_001386793.1	PNMA8C	MANE Select
ENST00000636302.2	NM_001395435.1	SPRR5	MANE Select
ENST00000573100.2	NM_001368163.3	SMIM28	MANE Select
ENST00000636079.2	NM_001395222.1	CCDC194	MANE Select
ENST00000638102.1	NM_001395236.1	CCDC195	MANE Select
ENST00000637642.2	NM_001391940.1	MYOCOS	MANE Select
ENST00000634842.2	NM_001364669.2	C1orf232	MANE Select
ENST00000637493.2	NM_001394922.1	FAM240B	MANE Select
ENST00000587304.3	NM_001358661.2	C17orf113	MANE Select
ENST00000635820.1	NM_001358449.1	ETDC	MANE Select
ENST00000637986.2	NM_001368165.1	CSNK2A2IP	MANE Select
ENST00000637503.2	NM_001365197.1	SMIM33	MANE Select
ENST00000635964.2	NM_001386794.1	C19orf85	MANE Select
ENST00000640449.2	NM_001395412.1	PMIS2	MANE Select
ENST00000636508.2	NM_001395459.1	TEX54	MANE Select
ENST00000639810.3	NM_001386800.1	THSD8	MANE Select
ENST00000642069.2	NM_001386737.1	TMDD1	MANE Select
ENST00000611641.1	NM_001395920.1	LOC112267897	MANE Select
ENST00000640173.1	NM_001395862.1	CPHXL2	MANE Select
ENST00000424496.3	NM_001396013.1	TMA7B	MANE Select
ENST00000610212.3	NM_001362796.2	TMEM271	MANE Select
ENST00000641359.1	NM_001395402.1	SCYGR1	MANE Select
ENST00000642029.1	NM_001395404.1	SCYGR3	MANE Select
ENST00000641801.2	NM_001395405.1	SCYGR4	MANE Select
ENST00000641918.1	NM_001395407.1	SCYGR6	MANE Select
ENST00000641981.2	NM_001395409.1	SCYGR8	MANE Select
ENST00000510585.3	NM_001365341.2	SHLD3	MANE Select
ENST00000641394.1	NM_001395403.1	SCYGR2	MANE Select
ENST00000641976.1	NM_001395406.1	SCYGR5	MANE Select
ENST00000641700.1	NM_001395408.1	SCYGR7	MANE Select
ENST00000640846.1	NM_001401679.1	TAF11L7	MANE Select
ENST00000640803.1	NM_001401681.1	TAF11L8	MANE Select
ENST00000638842.1	NM_001401685.1	TAF11L10	MANE Select
ENST00000715555.1	NM_001423536.1	TAF11L12	MANE Select
ENST00000512227.1	NM_001401687.1	TAF11L14	MANE Select
ENST00000639969.1	NM_001401693.1	TAF11L9	MANE Select
ENST00000707170.2	NM_001423534.1	TAF11L11	MANE Select
ENST00000639073.1	NM_001401695.1	TAF11L13	MANE Select
ENST00000646438.2	NM_001395255.1	OOSP3	MANE Select
ENST00000645590.2	NM_001395277.1	OOSP4A	MANE Select
ENST00000652090.1	NM_001364461.3	SPADH	MANE Select
ENST00000338110.11	NM_001365304.2	LOC112694756	MANE Select
ENST00000519520.7	NM_001002847.4	DERPC	MANE Select
ENST00000494082.3	NM_001369203.1	SMIM40	MANE Select
ENST00000546390.2	NM_001369216.1	SMIM41	MANE Select
ENST00000711663.1	NM_001414894.1	SMIM39	MANE Select
ENST00000644661.2	NM_001369125.3	H2BK1	MANE Select
ENST00000636578.2	NM_001395235.1	CCDC201	MANE Select
ENST00000652762.2	NM_001370414.1	LOC114841035	MANE Select
ENST00000623004.2	NM_001384994.1	CIMIP3	MANE Select
ENST00000448797.3	NM_001395555.1	H2AL3	MANE Select
ENST00000506382.2	NM_001374838.1	FOXL3	MANE Select
ENST00000652395.1	NM_001396026.1	FAM246B	MANE Select
ENST00000652479.1	NM_001396025.1	FAM246A	MANE Select
ENST00000672824.1	NM_001395415.1	SMIM42	MANE Select
ENST00000433939.7	NM_001395468.1	ZNF593OS	MANE Select
ENST00000332663.3	NM_001395296.1	OR4M2B	MANE Select
ENST00000635921.2	NM_001395223.2	C17orf114	MANE Select
ENST00000289488.8	NM_145309.6	LRRC51	MANE Select
ENST00000541899.3	NM_001393500.2	TOMT	MANE Select
ENST00000518377.3	NM_001394132.1	HRURF	MANE Select
ENST00000497775.2	NM_001395378.1	TMEM217B	MANE Select
ENST00000678139.2	NM_001395871.1	RNF228	MANE Select
ENST00000653668.2	NM_001395872.1	LOC122319696	MANE Select
ENST00000636536.1	NM_001395917.1	LOC122394732	MANE Select
ENST00000598087.4	NM_001395930.1	TMSB15C	MANE Select
ENST00000641816.2	NM_001395954.1	SMIM44	MANE Select
ENST00000640271.3	NM_001395959.1	C1orf202	MANE Select
ENST00000643770.2	NM_001395960.1	C8orf90	MANE Select
ENST00000635789.2	NM_001395962.1	LOC122455340	MANE Select
ENST00000713548.1	NM_001395979.2	LOC122455342	MANE Select
ENST00000645271.2	NM_001395982.1	LOC122513141	MANE Select
ENST00000650277.2	NM_001395990.1	LCE7A	MANE Select
ENST00000578372.2	NM_001395995.1	SMIM10L3	MANE Select
ENST00000713584.1	NM_001396008.1	LOC122526780	MANE Select
ENST00000598322.3	NM_001396016.1	LOC122539214	MANE Select
ENST00000704639.1	NM_001401340.1	H2BN1	MANE Select
ENST00000706918.1	NM_001430120.1	POLGARF	MANE Select
ENST00000699221.1	NM_001414411.1	SMIM46	MANE Select
ENST00000637854.1	NM_001414695.1	MIURF	MANE Select
ENST00000684204.1	NM_001414702.1	LOC127898562	MANE Select
ENST00000683102.1	NM_001414704.1	LOC127898563	MANE Select
ENST00000683730.1	NM_001414722.1	LOC127903862	MANE Select
ENST00000683890.1	NM_001414725.1	LOC127933115	MANE Select
ENST00000679970.1	NM_001414727.1	LOC128031832	MANE Select
ENST00000677315.1	NM_001414729.1	LOC128031833	MANE Select
ENST00000677770.1	NM_001414731.1	LOC128031834	MANE Select
ENST00000678782.1	NM_001414736.1	LOC128031835	MANE Select
ENST00000675181.1	NM_001414738.1	LOC128031836	MANE Select
ENST00000675268.1	NM_001414739.1	LOC128031837	MANE Select
ENST00000675347.1	NM_001414892.1	LOC128071544	MANE Select
ENST00000676205.1	NM_001414893.1	LOC128071545	MANE Select
ENST00000675818.1	NM_001414895.1	LOC128071547	MANE Select
ENST00000675098.1	NM_001414897.1	LOC128092246	MANE Select
ENST00000674552.1	NM_001414898.1	LOC128092247	MANE Select
ENST00000674075.1	NM_001414901.1	LOC128092248	MANE Select
ENST00000652508.1	NM_001414902.1	LOC128092249	MANE Select
ENST00000652575.1	NM_001414935.1	LOC128092250	MANE Select
ENST00000676334.1	NM_001414942.1	LOC128092251	MANE Select
ENST00000676296.1	NM_001414947.1	LOC128092252	MANE Select
ENST00000674115.1	NM_001414965.1	LOC128092253	MANE Select
ENST00000642841.1	NM_001414991.1	LOC128125814	MANE Select
ENST00000713558.1	NM_001414998.1	LOC128125816	MANE Select
ENST00000646142.1	NM_001415000.1	LOC128125817	MANE Select
ENST00000636216.1	NM_001415001.1	LOC128125818	MANE Select
ENST00000715520.1	NM_001415059.2	LOC128125822	MANE Select
ENST00000711617.1	NM_001416403.1	LOC128462377	MANE Select
ENST00000649912.2	NM_001394148.2	LOC128706665	MANE Select
ENST00000713549.1	NM_001394149.2	LOC128706666	MANE Select
ENST00000713560.1	NM_001007271.3	DUSP13A	MANE Select
ENST00000646820.1	NR_185500.1	SMN1-AS1	MANE Select
ENST00000381497.7	NM_001423836.2	NPIPA6	MANE Select
ENST00000715679.1	NM_001394034.2	LOC131768270	MANE Select
